minute,requests,error_rate,server_error_rate,latency_p50,latency_p95,latency_mean,bytes_out,unique_users,bytes_per_request
2026-09-14 00:00:00,13,0.0,0.0,83.8,214.816,109.1723076923077,37664,13,2897.230769230769
2026-09-14 00:01:00,21,0.047619047619047616,0.0,98.88,179.55,124.99952380952382,75256,21,3583.6190476190477
2026-09-14 00:02:00,30,0.0,0.0,149.615,284.08399999999995,153.54533333333333,103741,30,3458.0333333333333
2026-09-14 00:03:00,31,0.06451612903225806,0.0,106.11,260.905,114.8458064516129,67579,31,2179.967741935484
2026-09-14 00:04:00,21,0.047619047619047616,0.0,152.21,412.89,188.39333333333335,53942,21,2568.6666666666665
2026-09-14 00:05:00,26,0.0,0.0,82.6,247.45,97.9546153846154,77628,26,2985.6923076923076
2026-09-14 00:06:00,15,0.0,0.0,134.45,393.4499999999998,154.57133333333334,52157,15,3477.133333333333
2026-09-14 00:07:00,23,0.043478260869565216,0.043478260869565216,107.64,272.57099999999997,134.34521739130435,77936,23,3388.521739130435
2026-09-14 00:08:00,20,0.0,0.0,71.5,213.3950000000001,96.3515,71793,20,3589.65
2026-09-14 00:09:00,25,0.0,0.0,104.22,234.47399999999985,115.6628,67467,25,2698.68
2026-09-14 00:10:00,18,0.0,0.0,125.51500000000001,247.14449999999982,129.01944444444445,62407,18,3467.0555555555557
2026-09-14 00:11:00,14,0.0,0.0,116.195,179.97549999999995,111.01857142857143,39730,14,2837.8571428571427
2026-09-14 00:12:00,27,0.0,0.0,111.91,405.65799999999996,162.7511111111111,96970,27,3591.4814814814813
2026-09-14 00:13:00,16,0.0625,0.0,125.565,238.83499999999998,135.44875,49688,16,3105.5
2026-09-14 00:14:00,19,0.0,0.0,119.08,298.48399999999975,155.83,49586,19,2609.7894736842104
2026-09-14 00:15:00,35,0.0,0.0,102.22,384.05899999999997,159.76657142857144,106353,35,3038.657142857143
2026-09-14 00:16:00,23,0.043478260869565216,0.0,98.88,272.64,120.99260869565217,77231,23,3357.8695652173915
2026-09-14 00:17:00,32,0.03125,0.03125,109.075,395.26349999999985,141.638125,105181,32,3286.90625
2026-09-14 00:18:00,22,0.045454545454545456,0.0,93.365,275.3364999999999,105.72818181818182,50601,22,2300.0454545454545
2026-09-14 00:19:00,19,0.0,0.0,103.6,368.26799999999895,152.8757894736842,53998,19,2842.0
2026-09-14 00:20:00,18,0.0,0.0,114.185,312.6789999999999,153.75055555555556,66698,18,3705.4444444444443
2026-09-14 00:21:00,25,0.0,0.0,95.13,281.58399999999995,143.542,62566,25,2502.64
2026-09-14 00:22:00,23,0.0,0.0,96.32,260.99699999999996,121.9213043478261,65365,23,2841.9565217391305
2026-09-14 00:23:00,16,0.0,0.0,121.875,248.445,138.68375,71606,16,4475.375
2026-09-14 00:24:00,24,0.0,0.0,144.035,294.50149999999996,162.94416666666666,79849,24,3327.0416666666665
2026-09-14 00:25:00,16,0.0,0.0,103.49000000000001,266.5525,119.705625,48413,16,3025.8125
2026-09-14 00:26:00,22,0.0,0.0,136.23,469.85249999999996,169.12636363636364,79728,22,3624.0
2026-09-14 00:27:00,23,0.043478260869565216,0.0,143.88,330.894,176.95478260869567,54905,23,2387.1739130434785
2026-09-14 00:28:00,17,0.0,0.0,104.56,286.7859999999999,129.92411764705884,59912,16,3524.235294117647
2026-09-14 00:29:00,23,0.0,0.0,86.44,307.38399999999996,127.22739130434783,71715,23,3118.0434782608695
2026-09-14 00:30:00,25,0.0,0.0,124.76,280.43399999999997,145.2904,72295,25,2891.8
2026-09-14 00:31:00,20,0.0,0.0,79.46000000000001,262.96600000000007,110.1645,57856,20,2892.8
2026-09-14 00:32:00,21,0.0,0.0,86.01,152.82,99.35857142857142,78583,21,3742.0476190476193
2026-09-14 00:33:00,12,0.08333333333333333,0.0,87.265,348.22699999999975,128.2375,40115,12,3342.9166666666665
2026-09-14 00:34:00,21,0.047619047619047616,0.0,113.59,202.05,124.20857142857143,110667,21,5269.857142857143
2026-09-14 00:35:00,19,0.0,0.0,117.9,269.8059999999999,134.43842105263158,82628,19,4348.8421052631575
2026-09-14 00:36:00,27,0.0,0.0,105.36,364.4099999999999,141.8825925925926,88451,27,3275.962962962963
2026-09-14 00:37:00,31,0.0,0.0,114.16,261.975,125.63935483870968,109857,31,3543.7741935483873
2026-09-14 00:38:00,28,0.0,0.0,98.27000000000001,274.5725,113.28750000000001,80444,28,2873.0
2026-09-14 00:39:00,18,0.0,0.0,130.01,285.73849999999976,141.42444444444445,78070,18,4337.222222222223
2026-09-14 00:40:00,29,0.0,0.0,110.03,297.71399999999994,141.05241379310345,90931,29,3135.551724137931
2026-09-14 00:41:00,19,0.05263157894736842,0.0,116.48,409.59299999999973,174.7421052631579,71977,19,3788.2631578947367
2026-09-14 00:42:00,18,0.0,0.0,118.695,242.70999999999995,125.95888888888888,48695,18,2705.277777777778
2026-09-14 00:43:00,22,0.045454545454545456,0.0,108.5,446.79599999999994,153.42590909090907,53135,22,2415.2272727272725
2026-09-14 00:44:00,20,0.0,0.0,98.4,221.8550000000001,120.81800000000001,60240,19,3012.0
2026-09-14 00:45:00,24,0.08333333333333333,0.0,89.31,374.58249999999987,146.42958333333334,78925,24,3288.5416666666665
2026-09-14 00:46:00,17,0.0,0.0,122.02,233.22199999999992,129.18411764705883,54479,17,3204.6470588235293
2026-09-14 00:47:00,19,0.0,0.0,121.68,245.7489999999999,138.28157894736842,71517,19,3764.0526315789475
2026-09-14 00:48:00,19,0.0,0.0,144.43,257.9029999999994,149.29631578947368,44904,19,2363.3684210526317
2026-09-14 00:49:00,28,0.0,0.0,93.83,261.5704999999999,107.48392857142858,64194,28,2292.6428571428573
2026-09-14 00:50:00,24,0.0,0.0,99.205,191.05449999999996,124.8875,73015,24,3042.2916666666665
2026-09-14 00:51:00,20,0.0,0.0,104.065,177.90450000000007,102.8075,71939,20,3596.95
2026-09-14 00:52:00,25,0.0,0.0,106.57,190.39999999999998,115.8864,87630,25,3505.2
2026-09-14 00:53:00,34,0.0,0.0,100.18,252.42849999999964,117.99205882352942,101722,34,2991.823529411765
2026-09-14 00:54:00,29,0.0,0.0,107.42,230.4039999999999,119.52793103448276,82971,29,2861.0689655172414
2026-09-14 00:55:00,14,0.0,0.0,107.675,422.69199999999995,151.18214285714288,36443,14,2603.0714285714284
2026-09-14 00:56:00,18,0.0,0.0,149.16500000000002,306.79799999999983,154.40166666666667,58363,18,3242.3888888888887
2026-09-14 00:57:00,22,0.0,0.0,114.455,407.11299999999994,170.11363636363637,58223,22,2646.5
2026-09-14 00:58:00,28,0.0,0.0,94.545,283.8494999999998,118.94035714285714,109389,28,3906.75
2026-09-14 00:59:00,23,0.0,0.0,118.59,228.05200000000002,122.80652173913042,67869,23,2950.8260869565215
2026-09-14 01:00:00,17,0.0,0.0,118.97,244.86199999999994,141.59411764705882,44733,17,2631.3529411764707
2026-09-14 01:01:00,21,0.0,0.0,102.34,212.13,108.7942857142857,59596,21,2837.904761904762
2026-09-14 01:02:00,23,0.0,0.0,122.97,238.51299999999995,131.36347826086958,82112,23,3570.086956521739
2026-09-14 01:03:00,21,0.0,0.0,95.8,360.23,131.11809523809524,91829,21,4372.809523809524
2026-09-14 01:04:00,26,0.0,0.0,83.57,180.1325,87.82000000000001,96293,26,3703.576923076923
2026-09-14 01:05:00,19,0.0,0.0,140.92,357.22699999999963,167.53526315789475,55939,19,2944.157894736842
2026-09-14 01:06:00,28,0.0,0.0,102.29499999999999,277.284,118.075,65333,28,2333.3214285714284
2026-09-14 01:07:00,21,0.0,0.0,116.79,185.92,113.22952380952381,49927,21,2377.4761904761904
2026-09-14 01:08:00,24,0.041666666666666664,0.0,148.67000000000002,261.11249999999995,141.76041666666666,69942,24,2914.25
2026-09-14 01:09:00,31,0.03225806451612903,0.0,103.83,233.77499999999998,111.97451612903225,84756,31,2734.064516129032
2026-09-14 01:10:00,18,0.05555555555555555,0.0,142.435,219.74549999999996,130.8477777777778,53705,18,2983.6111111111113
2026-09-14 01:11:00,24,0.0,0.0,107.07,205.89399999999998,111.24041666666666,78307,24,3262.7916666666665
2026-09-14 01:12:00,27,0.0,0.0,92.46,325.703,131.09703703703704,93756,26,3472.4444444444443
2026-09-14 01:13:00,19,0.05263157894736842,0.0,115.15,190.26899999999978,110.37315789473685,70844,19,3728.6315789473683
2026-09-14 01:14:00,26,0.0,0.0,131.35,219.0,129.2426923076923,76622,26,2947.0
2026-09-14 01:15:00,19,0.0,0.0,117.77,557.3109999999999,182.05263157894737,58154,19,3060.7368421052633
2026-09-14 01:16:00,26,0.0,0.0,154.60500000000002,346.7475,169.8596153846154,82641,26,3178.5
2026-09-14 01:17:00,18,0.0,0.0,125.36500000000001,269.79299999999995,135.37944444444443,68898,18,3827.6666666666665
2026-09-14 01:18:00,22,0.045454545454545456,0.0,112.505,248.12599999999995,122.09045454545453,73541,22,3342.7727272727275
2026-09-14 01:19:00,29,0.0,0.0,103.96,217.14999999999998,108.38310344827586,97547,29,3363.689655172414
2026-09-14 01:20:00,26,0.0,0.0,97.215,192.2425,106.23153846153846,80037,26,3078.346153846154
2026-09-14 01:21:00,29,0.034482758620689655,0.0,107.38,297.7939999999998,140.80689655172415,101481,29,3499.344827586207
2026-09-14 01:22:00,22,0.0,0.0,105.16499999999999,295.5925,111.69454545454546,68967,22,3134.8636363636365
2026-09-14 01:23:00,46,0.0,0.0,90.905,279.065,113.0895652173913,145800,46,3169.5652173913045
2026-09-14 01:24:00,22,0.0,0.0,126.43,290.833,140.89909090909092,88228,22,4010.3636363636365
2026-09-14 01:25:00,22,0.0,0.0,117.55000000000001,211.90549999999996,118.14227272727273,92385,22,4199.318181818182
2026-09-14 01:26:00,18,0.0,0.0,108.455,367.64849999999996,125.35333333333334,57601,18,3200.0555555555557
2026-09-14 01:27:00,25,0.0,0.0,114.19,241.15199999999984,117.11200000000001,83429,25,3337.16
2026-09-14 01:28:00,23,0.0,0.0,88.75,442.12099999999987,151.0691304347826,67445,23,2932.391304347826
2026-09-14 01:29:00,31,0.0,0.0,94.66,340.69000000000005,127.7441935483871,124328,31,4010.5806451612902
2026-09-14 01:30:00,25,0.04,0.0,107.1,247.83399999999992,130.148,67622,25,2704.88
2026-09-14 01:31:00,19,0.05263157894736842,0.05263157894736842,103.6,322.9399999999998,131.13,64818,19,3411.4736842105262
2026-09-14 01:32:00,26,0.0,0.0,104.035,527.8525,149.91615384615383,70003,26,2692.423076923077
2026-09-14 01:33:00,20,0.0,0.0,92.905,233.75400000000002,116.8415,55529,20,2776.45
2026-09-14 01:34:00,21,0.047619047619047616,0.0,127.59,265.61,143.87238095238095,82472,21,3927.2380952380954
2026-09-14 01:35:00,17,0.0,0.0,134.12,342.52799999999996,175.97294117647058,52900,17,3111.764705882353
2026-09-14 01:36:00,25,0.0,0.0,110.01,425.27799999999974,152.1272,93982,25,3759.28
2026-09-14 01:37:00,23,0.0,0.0,101.32,262.5539999999999,127.79130434782608,63081,23,2742.6521739130435
2026-09-14 01:38:00,18,0.0,0.0,122.63,353.90499999999963,157.4188888888889,58476,18,3248.6666666666665
2026-09-14 01:39:00,24,0.0,0.0,113.54,300.2034999999999,142.72291666666666,93371,24,3890.4583333333335
2026-09-14 01:40:00,22,0.0,0.0,93.11,251.85899999999998,112.18681818181818,82796,22,3763.4545454545455
2026-09-14 01:41:00,17,0.058823529411764705,0.0,100.81,224.59799999999996,116.28941176470589,56333,17,3313.705882352941
2026-09-14 01:42:00,22,0.0,0.0,123.475,273.3975,141.41545454545454,53894,22,2449.7272727272725
2026-09-14 01:43:00,30,0.0,0.0,109.94999999999999,372.17,129.718,125443,30,4181.433333333333
2026-09-14 01:44:00,20,0.0,0.0,94.975,314.3440000000004,146.27,77838,20,3891.9
2026-09-14 01:45:00,23,0.0,0.0,117.39,327.7439999999998,132.21565217391304,69051,23,3002.217391304348
2026-09-14 01:46:00,21,0.0,0.0,97.78,216.3,122.6495238095238,72250,21,3440.4761904761904
2026-09-14 01:47:00,22,0.0,0.0,91.545,235.72699999999998,106.98318181818182,83761,22,3807.318181818182
2026-09-14 01:48:00,28,0.0,0.0,135.705,479.81899999999956,169.46607142857144,85741,28,3062.1785714285716
2026-09-14 01:49:00,33,0.0,0.0,133.56,480.09799999999996,177.62939393939396,111635,33,3382.878787878788
2026-09-14 01:50:00,38,0.0,0.0,108.245,218.51449999999997,115.90631578947368,86578,38,2278.3684210526317
2026-09-14 01:51:00,25,0.0,0.0,102.8,275.14999999999986,124.00040000000001,78658,25,3146.32
2026-09-14 01:52:00,30,0.03333333333333333,0.0,124.24000000000001,343.668,157.1796666666667,99670,30,3322.3333333333335
2026-09-14 01:53:00,20,0.0,0.0,112.755,312.44700000000006,129.3475,62899,20,3144.95
2026-09-14 01:54:00,18,0.0,0.0,98.995,225.28299999999984,124.1338888888889,65843,18,3657.9444444444443
2026-09-14 01:55:00,28,0.0,0.0,107.815,340.6049999999999,144.54464285714286,74351,28,2655.3928571428573
2026-09-14 01:56:00,32,0.0,0.0,139.735,317.269,143.4815625,109498,32,3421.8125
2026-09-14 01:57:00,29,0.0,0.0,112.18,349.40399999999994,147.61241379310346,95265,29,3285.0
2026-09-14 01:58:00,21,0.0,0.0,94.07,380.55,164.80333333333334,75789,21,3609.0
2026-09-14 01:59:00,18,0.05555555555555555,0.0,96.88,162.84099999999998,98.54722222222223,34957,18,1942.0555555555557
2026-09-14 02:00:00,26,0.0,0.0,151.5,246.2875,142.5123076923077,67334,26,2589.769230769231
2026-09-14 02:01:00,21,0.0,0.0,134.88,326.7,162.8204761904762,63609,21,3029.0
2026-09-14 02:02:00,25,0.0,0.0,73.82,261.388,113.4392,76990,25,3079.6
2026-09-14 02:03:00,29,0.034482758620689655,0.0,119.5,350.9559999999999,149.32655172413794,65238,29,2249.5862068965516
2026-09-14 02:04:00,19,0.05263157894736842,0.0,118.88,329.06199999999956,156.43052631578948,67259,19,3539.9473684210525
2026-09-14 02:05:00,18,0.0,0.0,180.68,388.92699999999985,214.57444444444445,55168,18,3064.8888888888887
2026-09-14 02:06:00,18,0.0,0.0,123.96000000000001,292.63849999999985,135.91555555555556,58127,18,3229.277777777778
2026-09-14 02:07:00,25,0.0,0.0,94.28,190.74599999999998,104.1392,83514,25,3340.56
2026-09-14 02:08:00,20,0.0,0.0,99.965,169.34700000000007,104.02349999999998,77975,20,3898.75
2026-09-14 02:09:00,25,0.0,0.0,86.24,349.77999999999963,117.6044,71495,25,2859.8
2026-09-14 02:10:00,23,0.0,0.0,112.91,338.6879999999999,140.38478260869564,58777,23,2555.521739130435
2026-09-14 02:11:00,35,0.02857142857142857,0.0,108.24,300.086,132.81942857142857,101452,35,2898.6285714285714
2026-09-14 02:12:00,24,0.041666666666666664,0.0,85.53,277.2099999999999,118.40083333333332,75553,24,3148.0416666666665
2026-09-14 02:13:00,18,0.0,0.0,168.845,370.26599999999996,193.1038888888889,46114,18,2561.8888888888887
2026-09-14 02:14:00,19,0.0,0.0,114.78,307.62099999999947,146.22894736842105,64345,19,3386.5789473684213
2026-09-14 02:15:00,20,0.0,0.0,118.36500000000001,247.3075,130.9615,57172,20,2858.6
2026-09-14 02:16:00,17,0.0,0.0,103.2,203.31399999999996,112.08352941176472,30807,17,1812.1764705882354
2026-09-14 02:17:00,26,0.038461538461538464,0.0,103.61500000000001,254.5625,118.10076923076923,60696,26,2334.4615384615386
2026-09-14 02:18:00,25,0.0,0.0,101.29,312.6279999999997,122.8484,52511,25,2100.44
2026-09-14 02:19:00,26,0.0,0.0,117.25999999999999,313.9175,144.5,73578,26,2829.923076923077
2026-09-14 02:20:00,33,0.0,0.0,94.32,238.6119999999999,116.78515151515151,109257,33,3310.818181818182
2026-09-14 02:21:00,39,0.0,0.0,114.28,339.798,134.6271794871795,109551,39,2809.0
2026-09-14 02:22:00,25,0.0,0.0,85.46,247.1999999999999,110.0,90297,25,3611.88
2026-09-14 02:23:00,40,0.0,0.0,90.14,237.9365,104.92625000000001,106997,40,2674.925
2026-09-14 02:24:00,26,0.0,0.0,113.67,423.115,158.1169230769231,80824,26,3108.6153846153848
2026-09-14 02:25:00,24,0.0,0.0,110.565,354.10749999999973,157.74666666666667,58087,24,2420.2916666666665
2026-09-14 02:26:00,30,0.0,0.0,111.05000000000001,312.39549999999974,153.127,104312,30,3477.0666666666666
2026-09-14 02:27:00,32,0.0,0.0,120.13,343.83099999999996,149.62,125221,32,3913.15625
2026-09-14 02:28:00,34,0.0,0.0,119.91,375.53499999999997,158.49676470588236,92971,34,2734.4411764705883
2026-09-14 02:29:00,4,0.0,0.0,77.295,125.93749999999997,87.8,10718,4,2679.5
2026-09-14 02:30:00,2,0.0,0.0,103.69,130.816,103.69,5827,2,2913.5
2026-09-14 02:31:00,5,0.0,0.0,51.46,157.82,67.694,21989,5,4397.8
2026-09-14 02:32:00,3,0.0,0.0,159.48,163.602,115.12,8599,3,2866.3333333333335
2026-09-14 02:33:00,4,0.0,0.0,155.585,187.341,153.4575,11324,4,2831.0
2026-09-14 02:34:00,2,0.0,0.0,143.785,184.3165,143.785,4369,2,2184.5
2026-09-14 02:35:00,2,0.0,0.0,246.945,304.05449999999996,246.945,3513,2,1756.5
2026-09-14 02:36:00,5,0.0,0.0,157.51,268.606,167.804,12207,5,2441.4
2026-09-14 02:37:00,2,0.0,0.0,169.32,216.31799999999998,169.32,6371,2,3185.5
2026-09-14 02:38:00,4,0.0,0.0,139.36,224.873,160.49,16368,4,4092.0
2026-09-14 02:39:00,2,0.0,0.0,123.16,219.72099999999998,123.16,8140,2,4070.0
2026-09-14 02:40:00,5,0.0,0.0,146.87,236.254,154.91,13367,5,2673.4
2026-09-14 02:41:00,4,0.0,0.0,46.115,318.4454999999999,116.3525,10899,4,2724.75
2026-09-14 02:42:00,3,0.0,0.0,125.46,160.524,133.7733333333333,8956,3,2985.3333333333335
2026-09-14 02:43:00,1,0.0,0.0,79.1,79.1,79.1,903,1,903.0
2026-09-14 02:44:00,6,0.0,0.0,109.85,200.07999999999998,118.85666666666667,14157,6,2359.5
2026-09-14 02:45:00,4,0.0,0.0,152.925,203.79049999999998,132.685,7676,4,1919.0
2026-09-14 02:46:00,4,0.0,0.0,167.51500000000001,302.976,165.91250000000002,33276,4,8319.0
2026-09-14 02:47:00,5,0.0,0.0,109.99,165.10399999999998,116.292,11137,5,2227.4
2026-09-14 02:48:00,6,0.0,0.0,98.66499999999999,199.95,117.96499999999999,13414,6,2235.6666666666665
2026-09-14 02:49:00,4,0.25,0.0,136.0,164.76049999999998,123.33,12420,4,3105.0
2026-09-14 02:50:00,20,0.0,0.0,100.17500000000001,234.1310000000001,117.25550000000001,68796,20,3439.8
2026-09-14 02:51:00,26,0.0,0.0,108.1,222.55,126.565,70699,26,2719.1923076923076
2026-09-14 02:52:00,32,0.0,0.0,122.63499999999999,202.611,119.7065625,87388,32,2730.875
2026-09-14 02:53:00,35,0.02857142857142857,0.0,89.76,242.892,113.11457142857144,96992,35,2771.2
2026-09-14 02:54:00,32,0.0625,0.0625,116.68,305.52699999999993,139.886875,94497,32,2953.03125
2026-09-14 02:55:00,30,0.0,0.0,108.20500000000001,350.25749999999994,153.93366666666668,82921,30,2764.0333333333333
2026-09-14 02:56:00,34,0.058823529411764705,0.029411764705882353,109.03999999999999,285.0385,116.03764705882354,93045,34,2736.6176470588234
2026-09-14 02:57:00,25,0.0,0.0,98.87,311.33399999999983,121.12280000000001,84739,25,3389.56
2026-09-14 02:58:00,29,0.0,0.0,85.91,251.07399999999993,105.38413793103447,93092,29,3210.0689655172414
2026-09-14 02:59:00,40,0.025,0.025,114.475,300.46349999999984,134.0165,149296,40,3732.4
2026-09-14 03:00:00,34,0.0,0.0,112.97,245.31899999999982,127.70382352941178,128705,34,3785.4411764705883
2026-09-14 03:01:00,32,0.0,0.0,73.99000000000001,338.1904999999999,108.5903125,103143,32,3223.21875
2026-09-14 03:02:00,36,0.0,0.0,135.81,344.9825,149.77055555555555,124812,36,3467.0
2026-09-14 03:03:00,34,0.029411764705882353,0.0,89.655,219.79449999999994,105.04,79611,34,2341.5
2026-09-14 03:04:00,26,0.0,0.0,133.09,317.6625,161.17923076923077,99785,26,3837.8846153846152
2026-09-14 03:05:00,25,0.0,0.0,119.57,277.0039999999998,124.9668,65798,25,2631.92
2026-09-14 03:06:00,33,0.030303030303030304,0.030303030303030304,116.48,233.376,136.96212121212122,92888,33,2814.787878787879
2026-09-14 03:07:00,50,0.0,0.0,103.28,434.1969999999999,152.5442,165216,50,3304.32
2026-09-14 03:08:00,40,0.025,0.0,106.315,394.1529999999999,137.64725,129714,40,3242.85
2026-09-14 03:09:00,29,0.0,0.0,87.67,308.8239999999997,114.46206896551725,81785,28,2820.1724137931033
2026-09-14 03:10:00,32,0.0,0.0,107.825,305.15749999999997,137.875,79226,32,2475.8125
2026-09-14 03:11:00,29,0.034482758620689655,0.0,78.85,231.56999999999988,101.06103448275861,75747,29,2611.9655172413795
2026-09-14 03:12:00,44,0.0,0.0,123.285,257.693,128.32999999999998,113065,44,2569.659090909091
2026-09-14 03:13:00,36,0.027777777777777776,0.0,102.38,308.835,125.02916666666667,93276,36,2591.0
2026-09-14 03:14:00,44,0.0,0.0,118.2,293.08,140.29545454545453,128275,44,2915.340909090909
2026-09-14 03:15:00,29,0.0,0.0,109.33,233.11799999999982,121.18344827586208,69686,29,2402.9655172413795
2026-09-14 03:16:00,33,0.0,0.0,90.5,185.184,96.8760606060606,95253,33,2886.4545454545455
2026-09-14 03:17:00,42,0.0,0.0,99.88,277.49399999999986,120.36095238095238,126948,42,3022.5714285714284
2026-09-14 03:18:00,41,0.0,0.0,141.93,352.24,169.14,118744,41,2896.1951219512193
2026-09-14 03:19:00,39,0.0,0.0,122.7,253.25200000000018,133.3125641025641,148079,39,3796.897435897436
2026-09-14 03:20:00,41,0.024390243902439025,0.024390243902439025,112.65,248.97,127.6387804878049,115549,41,2818.268292682927
2026-09-14 03:21:00,36,0.0,0.0,137.04,356.49,165.02305555555554,87482,36,2430.0555555555557
2026-09-14 03:22:00,41,0.0,0.0,104.32,261.67,122.93146341463414,109506,41,2670.878048780488
2026-09-14 03:23:00,45,0.0,0.0,111.22,287.9919999999999,140.12466666666666,134072,45,2979.3777777777777
2026-09-14 03:24:00,31,0.03225806451612903,0.0,94.59,216.945,107.1758064516129,75002,31,2419.4193548387098
2026-09-14 03:25:00,39,0.0,0.0,93.53,225.34500000000008,112.62102564102565,136072,39,3489.025641025641
2026-09-14 03:26:00,43,0.046511627906976744,0.0,100.24,225.79999999999998,106.46395348837208,111774,43,2599.3953488372094
2026-09-14 03:27:00,32,0.0,0.0,88.65,177.35999999999999,110.43,93973,32,2936.65625
2026-09-14 03:28:00,44,0.0,0.0,83.52000000000001,236.18650000000002,112.03522727272728,164784,44,3745.090909090909
2026-09-14 03:29:00,46,0.0,0.0,96.795,173.61,99.50260869565217,130376,46,2834.2608695652175
2026-09-14 03:30:00,39,0.02564102564102564,0.0,119.09,285.1330000000001,131.2246153846154,101124,39,2592.923076923077
2026-09-14 03:31:00,40,0.0,0.0,82.72,219.80649999999972,111.35499999999999,108624,40,2715.6
2026-09-14 03:32:00,38,0.0,0.0,100.255,261.50399999999996,115.68026315789474,116957,38,3077.815789473684
2026-09-14 03:33:00,34,0.0,0.0,99.325,257.5399999999999,124.81117647058824,136306,34,4009.0
2026-09-14 03:34:00,42,0.0,0.0,102.66,275.983,122.45119047619048,149896,42,3568.9523809523807
2026-09-14 03:35:00,32,0.0,0.0,105.64500000000001,248.81499999999994,123.558125,97816,32,3056.75
2026-09-14 03:36:00,50,0.02,0.0,106.005,312.75799999999987,133.1542,126244,50,2524.88
2026-09-14 03:37:00,48,0.020833333333333332,0.020833333333333332,114.7,351.962,141.94916666666668,150643,48,3138.3958333333335
2026-09-14 03:38:00,35,0.0,0.0,113.89,406.03499999999985,150.38685714285714,87017,35,2486.2
2026-09-14 03:39:00,42,0.023809523809523808,0.0,113.97999999999999,233.81499999999994,125.16071428571429,100217,42,2386.1190476190477
2026-09-14 03:40:00,35,0.02857142857142857,0.0,131.62,270.8019999999999,144.7757142857143,79539,35,2272.542857142857
2026-09-14 03:41:00,46,0.0,0.0,118.525,353.315,142.46804347826085,143412,46,3117.6521739130435
2026-09-14 03:42:00,43,0.023255813953488372,0.0,115.33,297.01599999999996,135.41232558139535,134311,43,3123.5116279069766
2026-09-14 03:43:00,49,0.02040816326530612,0.0,109.28,257.70799999999986,124.6334693877551,144792,48,2954.938775510204
2026-09-14 03:44:00,43,0.023255813953488372,0.0,119.56,316.9969999999999,144.74348837209303,112492,43,2616.093023255814
2026-09-14 03:45:00,45,0.0,0.0,115.65,281.51599999999996,143.5568888888889,126234,45,2805.2
2026-09-14 03:46:00,44,0.022727272727272728,0.0,128.73000000000002,339.79200000000003,146.13227272727272,141794,44,3222.590909090909
2026-09-14 03:47:00,47,0.0,0.0,128.83,382.7349999999999,150.13106382978722,145734,47,3100.723404255319
2026-09-14 03:48:00,48,0.020833333333333332,0.020833333333333332,117.285,326.20699999999994,145.52395833333333,132417,48,2758.6875
2026-09-14 03:49:00,56,0.0,0.0,109.41499999999999,226.7175,125.30303571428571,168761,56,3013.589285714286
2026-09-14 03:50:00,33,0.0,0.0,147.73,413.28599999999983,186.52454545454546,120140,33,3640.6060606060605
2026-09-14 03:51:00,49,0.02040816326530612,0.0,91.92,317.216,123.9842857142857,160256,49,3270.530612244898
2026-09-14 03:52:00,43,0.0,0.0,118.28,389.0299999999999,154.79813953488372,118037,43,2745.046511627907
2026-09-14 03:53:00,39,0.07692307692307693,0.0,119.49,253.14900000000011,137.08692307692309,121227,39,3108.3846153846152
2026-09-14 03:54:00,45,0.0,0.0,108.44,284.69199999999995,134.4311111111111,138773,45,3083.8444444444444
2026-09-14 03:55:00,47,0.0425531914893617,0.0,104.92,325.4549999999998,135.22276595744682,128366,47,2731.191489361702
2026-09-14 03:56:00,37,0.0,0.0,130.04,316.152,144.37297297297297,119747,37,3236.4054054054054
2026-09-14 03:57:00,55,0.0,0.0,123.3,285.6049999999999,129.15727272727273,141630,55,2575.090909090909
2026-09-14 03:58:00,57,0.017543859649122806,0.0,102.73,255.89399999999947,134.4261403508772,183849,57,3225.4210526315787
2026-09-14 03:59:00,50,0.02,0.02,141.26999999999998,279.25199999999995,150.29139999999998,155927,50,3118.54
2026-09-14 04:00:00,42,0.023809523809523808,0.0,115.63499999999999,260.74299999999994,122.83928571428571,140792,42,3352.190476190476
2026-09-14 04:01:00,44,0.0,0.0,99.36,275.89300000000003,129.7484090909091,144918,44,3293.590909090909
2026-09-14 04:02:00,47,0.0,0.0,100.05,366.3019999999997,136.69021276595743,151118,47,3215.276595744681
2026-09-14 04:03:00,59,0.0,0.0,110.49,249.43999999999988,125.15745762711865,166475,59,2821.6101694915255
2026-09-14 04:04:00,49,0.0,0.0,108.88,360.6359999999995,141.17367346938775,151783,49,3097.612244897959
2026-09-14 04:05:00,54,0.018518518518518517,0.0,93.935,324.55499999999955,128.06185185185186,158783,54,2940.425925925926
2026-09-14 04:06:00,32,0.03125,0.0,105.65,278.91099999999994,120.50093749999999,79352,32,2479.75
2026-09-14 04:07:00,35,0.02857142857142857,0.0,109.3,334.2329999999997,147.46285714285713,109218,35,3120.5142857142855
2026-09-14 04:08:00,50,0.0,0.0,119.155,252.42499999999993,124.759,170717,50,3414.34
2026-09-14 04:09:00,49,0.0,0.0,90.88,320.56599999999975,118.89020408163265,163347,49,3333.612244897959
2026-09-14 04:10:00,41,0.0,0.0,123.34,368.97,161.40829268292683,110822,41,2702.9756097560976
2026-09-14 04:11:00,46,0.0,0.0,124.595,283.575,129.8517391304348,153838,46,3344.304347826087
2026-09-14 04:12:00,52,0.0,0.0,104.765,260.2824999999999,122.21826923076924,140762,52,2706.9615384615386
2026-09-14 04:13:00,50,0.0,0.0,83.57,250.7239999999999,109.11200000000001,131811,50,2636.22
2026-09-14 04:14:00,43,0.0,0.0,103.24,237.054,118.78209302325581,146512,43,3407.2558139534885
2026-09-14 04:15:00,46,0.0,0.0,85.785,225.4875,112.25478260869566,151293,45,3288.978260869565
2026-09-14 04:16:00,49,0.04081632653061224,0.0,114.94,287.324,132.7412244897959,163637,49,3339.530612244898
2026-09-14 04:17:00,42,0.0,0.0,111.465,257.33949999999993,136.90857142857143,127485,42,3035.3571428571427
2026-09-14 04:18:00,61,0.03278688524590164,0.01639344262295082,113.63,371.93,135.5165573770492,184230,61,3020.1639344262294
2026-09-14 04:19:00,38,0.0,0.0,112.85,318.14799999999997,135.3321052631579,95876,38,2523.0526315789475
2026-09-14 04:20:00,47,0.0,0.0,116.16,217.91299999999995,118.37382978723403,116106,47,2470.340425531915
2026-09-14 04:21:00,50,0.0,0.0,107.39500000000001,274.7065,131.7442,105912,50,2118.24
2026-09-14 04:22:00,33,0.0,0.0,121.44,348.76999999999987,140.92878787878786,96757,33,2932.030303030303
2026-09-14 04:23:00,56,0.0,0.0,98.16499999999999,330.53,148.04714285714286,158991,56,2839.125
2026-09-14 04:24:00,39,0.0,0.0,108.84,390.46500000000003,130.76282051282053,123684,39,3171.3846153846152
2026-09-14 04:25:00,57,0.03508771929824561,0.017543859649122806,111.2,236.42399999999998,119.46508771929825,139476,57,2446.9473684210525
2026-09-14 04:26:00,41,0.04878048780487805,0.024390243902439025,109.76,265.15,132.02390243902437,150539,40,3671.682926829268
2026-09-14 04:27:00,50,0.02,0.0,107.88,294.4915,132.5362,158081,50,3161.62
2026-09-14 04:28:00,57,0.0,0.0,99.28,255.41399999999967,120.09087719298246,137155,57,2406.2280701754385
2026-09-14 04:29:00,43,0.0,0.0,94.73,251.44699999999995,112.34790697674418,96563,43,2245.6511627906975
2026-09-14 04:30:00,69,0.014492753623188406,0.0,84.24,229.53999999999988,101.9836231884058,223078,69,3233.014492753623
2026-09-14 04:31:00,44,0.022727272727272728,0.0,98.61,231.70450000000005,111.47772727272728,141605,44,3218.2954545454545
2026-09-14 04:32:00,49,0.0,0.0,117.5,303.788,137.30510204081634,154684,49,3156.816326530612
2026-09-14 04:33:00,57,0.0,0.0,89.26,308.804,130.80859649122806,187037,57,3281.3508771929824
2026-09-14 04:34:00,55,0.0,0.0,104.58,465.13299999999964,150.5470909090909,180782,55,3286.9454545454546
2026-09-14 04:35:00,51,0.0,0.0,112.83,361.245,143.20921568627452,144355,50,2830.4901960784314
2026-09-14 04:36:00,61,0.0,0.0,99.47,290.94,122.0132786885246,172905,61,2834.5081967213114
2026-09-14 04:37:00,55,0.0,0.0,117.14,283.2769999999998,129.86745454545454,149914,55,2725.7090909090907
2026-09-14 04:38:00,50,0.0,0.0,101.14500000000001,220.12699999999995,119.7436,174393,50,3487.86
2026-09-14 04:39:00,61,0.01639344262295082,0.0,91.23,256.92,122.10770491803278,189782,61,3111.1803278688526
2026-09-14 04:40:00,46,0.021739130434782608,0.0,111.68,361.9,145.0208695652174,139207,46,3026.2391304347825
2026-09-14 04:41:00,49,0.02040816326530612,0.02040816326530612,125.04,319.7479999999999,140.7838775510204,141193,49,2881.4897959183672
2026-09-14 04:42:00,47,0.0,0.0,107.49,304.15799999999945,125.01808510638298,145862,46,3103.446808510638
2026-09-14 04:43:00,67,0.014925373134328358,0.0,95.46,358.5239999999999,129.05089552238806,193908,67,2894.1492537313434
2026-09-14 04:44:00,59,0.01694915254237288,0.0,110.47,278.352,127.06728813559323,174392,59,2955.7966101694915
2026-09-14 04:45:00,57,0.0,0.0,112.92,299.98999999999995,138.91894736842104,140195,57,2459.561403508772
2026-09-14 04:46:00,60,0.03333333333333333,0.016666666666666666,100.47,249.37999999999988,118.49583333333334,158883,60,2648.05
2026-09-14 04:47:00,61,0.01639344262295082,0.0,113.36,305.2,143.8667213114754,185074,61,3034.0
2026-09-14 04:48:00,50,0.0,0.0,123.39500000000001,254.1259999999999,125.9782,143685,50,2873.7
2026-09-14 04:49:00,61,0.0,0.0,99.25,333.87,122.01229508196721,221693,61,3634.311475409836
2026-09-14 04:50:00,54,0.0,0.0,140.285,332.4375,149.9987037037037,156093,54,2890.6111111111113
2026-09-14 04:51:00,59,0.0,0.0,136.47,228.92499999999993,130.30881355932203,150375,59,2548.728813559322
2026-09-14 04:52:00,72,0.0,0.0,120.425,311.3775000000001,131.12097222222224,185712,72,2579.3333333333335
2026-09-14 04:53:00,57,0.0,0.0,89.48,297.03,112.6219298245614,157564,57,2764.280701754386
2026-09-14 04:54:00,72,0.027777777777777776,0.013888888888888888,105.38999999999999,261.79300000000006,122.10194444444444,197325,72,2740.625
2026-09-14 04:55:00,62,0.0,0.0,102.645,271.05899999999986,126.92290322580645,193063,62,3113.9193548387098
2026-09-14 04:56:00,49,0.0,0.0,133.1,307.7599999999999,135.2777551020408,147011,49,3000.2244897959185
2026-09-14 04:57:00,54,0.0,0.0,111.71000000000001,361.8624999999999,133.38944444444445,144435,54,2674.722222222222
2026-09-14 04:58:00,61,0.06557377049180328,0.03278688524590164,553.48,1837.87,690.5881967213114,175137,61,2871.098360655738
2026-09-14 04:59:00,53,0.0,0.0,437.9,903.436,491.24924528301887,170093,53,3209.301886792453
2026-09-14 05:00:00,71,0.014084507042253521,0.0,507.04,1131.355,565.8235211267606,224615,71,3163.5915492957747
2026-09-14 05:01:00,56,0.0,0.0,423.995,1649.1675,576.4078571428571,156625,55,2796.875
2026-09-14 05:02:00,63,0.047619047619047616,0.0,501.23,1110.0949999999998,557.7749206349206,218741,63,3472.0793650793653
2026-09-14 05:03:00,41,0.0,0.0,509.15,1466.83,631.1678048780489,128173,41,3126.170731707317
2026-09-14 05:04:00,48,0.020833333333333332,0.020833333333333332,515.985,1333.0294999999999,662.7466666666667,158462,48,3301.2916666666665
2026-09-14 05:05:00,66,0.015151515151515152,0.015151515151515152,488.36,1570.9525,642.9907575757576,177557,66,2690.257575757576
2026-09-14 05:06:00,55,0.03636363636363636,0.03636363636363636,589.08,1747.5759999999998,685.7265454545454,163207,55,2967.4
2026-09-14 05:07:00,50,0.04,0.02,446.37,1064.2319999999995,493.0862,160600,50,3212.0
2026-09-14 05:08:00,56,0.0,0.0,413.7,1369.115,553.9669642857142,183874,56,3283.464285714286
2026-09-14 05:09:00,65,0.06153846153846154,0.046153846153846156,471.31,1661.85,704.8003076923077,167396,65,2575.3230769230768
2026-09-14 05:10:00,58,0.017241379310344827,0.017241379310344827,567.17,1047.0765,585.9098275862068,172850,57,2980.1724137931033
2026-09-14 05:11:00,62,0.0,0.0,441.78499999999997,1402.8034999999988,600.5851612903226,188420,62,3039.032258064516
2026-09-14 05:12:00,65,0.0,0.0,434.52,1287.99,536.022,207181,65,3187.4
2026-09-14 05:13:00,69,0.014492753623188406,0.0,107.22,255.89199999999994,121.3659420289855,197050,69,2855.7971014492755
2026-09-14 05:14:00,54,0.0,0.0,113.8,300.5554999999998,136.79685185185184,175359,54,3247.3888888888887
2026-09-14 05:15:00,57,0.0,0.0,112.2,223.138,108.34035087719298,163514,57,2868.6666666666665
2026-09-14 05:16:00,64,0.015625,0.0,118.00999999999999,298.0574999999998,131.35421875,221687,63,3463.859375
2026-09-14 05:17:00,50,0.0,0.0,117.045,320.1779999999998,140.98760000000001,140019,50,2800.38
2026-09-14 05:18:00,56,0.0,0.0,111.65,300.51,123.3225,180082,55,3215.75
2026-09-14 05:19:00,62,0.03225806451612903,0.0,112.295,356.06499999999994,142.03629032258064,203992,62,3290.1935483870966
2026-09-14 05:20:00,72,0.0,0.0,126.81,367.5465000000001,146.82430555555555,227618,72,3161.3611111111113
2026-09-14 05:21:00,71,0.0,0.0,108.82,316.98,131.24985915492957,232499,71,3274.6338028169016
2026-09-14 05:22:00,66,0.0,0.0,89.12,295.42,110.83166666666668,215483,66,3264.8939393939395
2026-09-14 05:23:00,61,0.0,0.0,110.37,313.56,138.93918032786883,166392,61,2727.7377049180327
2026-09-14 05:24:00,71,0.014084507042253521,0.0,109.95,283.73,125.09535211267607,182572,71,2571.43661971831
2026-09-14 05:25:00,66,0.030303030303030304,0.015151515151515152,114.53999999999999,290.61249999999995,133.34151515151513,180836,66,2739.939393939394
2026-09-14 05:26:00,58,0.0,0.0,103.595,319.8085,131.3101724137931,149652,58,2580.206896551724
2026-09-14 05:27:00,72,0.0,0.0,116.09,315.3065,138.2025,255345,72,3546.4583333333335
2026-09-14 05:28:00,64,0.0,0.0,141.225,368.4074999999999,164.455625,222770,64,3480.78125
2026-09-14 05:29:00,74,0.02702702702702703,0.0,113.985,291.5454999999999,143.77743243243245,196946,74,2661.4324324324325
2026-09-14 05:30:00,87,0.022988505747126436,0.011494252873563218,131.67,322.124,146.04850574712643,248043,87,2851.0689655172414
2026-09-14 05:31:00,72,0.041666666666666664,0.013888888888888888,93.555,279.16800000000006,117.02694444444445,195215,72,2711.3194444444443
2026-09-14 05:32:00,69,0.0,0.0,119.7,328.3919999999998,132.50884057971015,210189,69,3046.217391304348
2026-09-14 05:33:00,91,0.01098901098901099,0.01098901098901099,105.8,295.625,138.08142857142857,295118,91,3243.054945054945
2026-09-14 05:34:00,62,0.0,0.0,97.755,241.74749999999997,108.62467741935485,199886,62,3223.967741935484
2026-09-14 05:35:00,61,0.0,0.0,99.08,280.86,122.3211475409836,187550,61,3074.590163934426
2026-09-14 05:36:00,78,0.038461538461538464,0.01282051282051282,139.93,389.64599999999996,159.7251282051282,224038,78,2872.2820512820513
2026-09-14 05:37:00,59,0.0,0.0,86.36,253.79899999999975,107.85983050847457,165738,59,2809.1186440677966
2026-09-14 05:38:00,77,0.0,0.0,95.14,222.614,112.12506493506493,217784,77,2828.3636363636365
2026-09-14 05:39:00,72,0.013888888888888888,0.0,94.13499999999999,245.40700000000004,115.39208333333333,228024,72,3167.0
2026-09-14 05:40:00,78,0.01282051282051282,0.01282051282051282,125.06,339.94599999999997,145.22923076923075,233625,78,2995.1923076923076
2026-09-14 05:41:00,81,0.0,0.0,112.43,293.1,131.1016049382716,235800,81,2911.1111111111113
2026-09-14 05:42:00,53,0.0,0.0,105.25,259.73,134.23716981132074,185031,53,3491.1509433962265
2026-09-14 05:43:00,61,0.0,0.0,115.17,261.55,125.26491803278688,181193,61,2970.377049180328
2026-09-14 05:44:00,68,0.014705882352941176,0.0,101.94999999999999,344.07799999999986,132.87191176470589,172126,68,2531.264705882353
2026-09-14 05:45:00,85,0.011764705882352941,0.0,119.72,286.006,132.3790588235294,270773,85,3185.564705882353
2026-09-14 05:46:00,82,0.0,0.0,109.13499999999999,290.02650000000006,129.9819512195122,248652,82,3032.3414634146343
2026-09-14 05:47:00,64,0.015625,0.015625,109.59,291.7614999999999,124.9809375,191084,63,2985.6875
2026-09-14 05:48:00,76,0.0,0.0,105.97,289.4,126.98526315789472,256748,76,3378.2631578947367
2026-09-14 05:49:00,71,0.0,0.0,109.13,334.15,145.56464788732396,234153,71,3297.9295774647885
2026-09-14 05:50:00,68,0.014705882352941176,0.0,92.435,240.162,106.83,237874,68,3498.1470588235293
2026-09-14 05:51:00,73,0.0136986301369863,0.0136986301369863,106.13,275.97399999999993,126.28109589041097,207102,73,2837.013698630137
2026-09-14 05:52:00,68,0.014705882352941176,0.0,105.03999999999999,245.57849999999996,121.34485294117648,250200,68,3679.4117647058824
2026-09-14 05:53:00,74,0.0,0.0,104.87,269.0964999999998,127.41324324324324,222716,73,3009.675675675676
2026-09-14 05:54:00,68,0.014705882352941176,0.0,95.38499999999999,256.96799999999996,117.25897058823529,222214,68,3267.8529411764707
2026-09-14 05:55:00,71,0.028169014084507043,0.014084507042253521,126.95,361.345,149.66098591549297,223250,71,3144.3661971830984
2026-09-14 05:56:00,79,0.0379746835443038,0.02531645569620253,521.21,1364.1639999999998,604.7693670886076,192521,79,2436.974683544304
2026-09-14 05:57:00,85,0.07058823529411765,0.058823529411764705,508.52,1317.3559999999998,626.555294117647,272968,85,3211.3882352941177
2026-09-14 05:58:00,70,0.04285714285714286,0.0,477.89,1374.2794999999999,600.7222857142857,202961,70,2899.442857142857
2026-09-14 05:59:00,51,0.058823529411764705,0.0392156862745098,464.71,1280.245,555.626862745098,151533,51,2971.235294117647
2026-09-14 06:00:00,73,0.0547945205479452,0.0273972602739726,511.61,1294.2779999999975,598.2069863013699,222837,73,3052.5616438356165
2026-09-14 06:01:00,60,0.05,0.05,518.5350000000001,1168.0689999999993,564.5061666666667,159366,60,2656.1
2026-09-14 06:02:00,76,0.039473684210526314,0.02631578947368421,531.7249999999999,1827.105,685.5897368421053,238207,76,3134.3026315789475
2026-09-14 06:03:00,88,0.011363636363636364,0.011363636363636364,452.11,1726.012,611.9894318181819,247494,88,2812.431818181818
2026-09-14 06:04:00,76,0.07894736842105263,0.013157894736842105,426.55,874.36,461.12013157894734,223692,76,2943.315789473684
2026-09-14 06:05:00,90,0.03333333333333333,0.011111111111111112,488.385,1938.3724999999997,613.8714444444445,287291,90,3192.1222222222223
2026-09-14 06:06:00,99,0.0707070707070707,0.030303030303030304,525.62,1813.9159999999997,679.2656565656566,264266,99,2669.3535353535353
2026-09-14 06:07:00,87,0.011494252873563218,0.011494252873563218,424.53,1607.8390000000006,573.7919540229885,278388,86,3199.862068965517
2026-09-14 06:08:00,68,0.014705882352941176,0.014705882352941176,490.32,1126.586,568.0485294117648,208196,68,3061.705882352941
2026-09-14 06:09:00,71,0.07042253521126761,0.028169014084507043,506.1,1239.99,593.7032394366197,180472,71,2541.8591549295775
2026-09-14 06:10:00,91,0.03296703296703297,0.02197802197802198,505.48,2041.855,660.9,308825,91,3393.6813186813188
2026-09-14 06:11:00,70,0.05714285714285714,0.014285714285714285,403.485,988.9739999999999,497.7645714285714,219461,70,3135.157142857143
2026-09-14 06:12:00,86,0.09302325581395349,0.046511627906976744,432.28,1095.6575,537.3031395348837,309062,86,3593.7441860465115
2026-09-14 06:13:00,86,0.046511627906976744,0.023255813953488372,510.515,1526.6425,652.4832558139534,242756,86,2822.7441860465115
2026-09-14 06:14:00,58,0.034482758620689655,0.017241379310344827,479.445,1259.364,582.403275862069,168375,58,2903.0172413793102
2026-09-14 06:15:00,77,0.012987012987012988,0.012987012987012988,467.51,1313.9460000000001,595.1094805194805,221434,77,2875.7662337662337
2026-09-14 06:16:00,70,0.014285714285714285,0.014285714285714285,474.15999999999997,1641.0539999999999,644.1892857142857,207891,70,2969.8714285714286
2026-09-14 06:17:00,80,0.0,0.0,111.705,279.03249999999997,129.248875,228206,80,2852.575
2026-09-14 06:18:00,74,0.0,0.0,111.025,283.04399999999976,125.65635135135135,179199,74,2421.608108108108
2026-09-14 06:19:00,71,0.014084507042253521,0.0,91.18,209.665,108.88169014084508,207037,71,2916.0140845070423
2026-09-14 06:20:00,75,0.013333333333333334,0.013333333333333334,129.9,369.04699999999997,155.8108,246749,75,3289.9866666666667
2026-09-14 06:21:00,96,0.020833333333333332,0.010416666666666666,113.92500000000001,388.165,139.30416666666667,310257,96,3231.84375
2026-09-14 06:22:00,76,0.0,0.0,101.38499999999999,301.55,124.69026315789472,195784,76,2576.1052631578946
2026-09-14 06:23:00,54,0.0,0.0,115.49000000000001,267.82649999999995,133.67666666666668,174949,54,3239.796296296296
2026-09-14 06:24:00,81,0.012345679012345678,0.0,118.58,283.93,142.60864197530864,222106,81,2742.0493827160494
2026-09-14 06:25:00,73,0.0,0.0,126.02,314.75999999999993,142.30890410958904,236636,73,3241.5890410958905
2026-09-14 06:26:00,78,0.01282051282051282,0.01282051282051282,99.825,331.18,121.54653846153847,228310,78,2927.051282051282
2026-09-14 06:27:00,79,0.012658227848101266,0.0,100.9,307.4929999999999,127.60443037974683,244990,79,3101.1392405063293
2026-09-14 06:28:00,74,0.0,0.0,109.845,319.99749999999983,146.29162162162163,215957,74,2918.337837837838
2026-09-14 06:29:00,87,0.011494252873563218,0.0,108.79,287.3170000000001,132.5493103448276,269891,87,3102.1954022988507
2026-09-14 06:30:00,84,0.011904761904761904,0.011904761904761904,90.72,289.9454999999999,116.07238095238095,228813,83,2723.964285714286
2026-09-14 06:31:00,64,0.0,0.0,97.68,395.3839999999998,129.09625,182650,64,2853.90625
2026-09-14 06:32:00,78,0.0,0.0,105.61500000000001,264.7464999999999,127.96038461538461,243611,78,3123.2179487179487
2026-09-14 06:33:00,84,0.011904761904761904,0.0,109.68,247.55799999999994,120.66678571428572,250161,84,2978.1071428571427
2026-09-14 06:34:00,82,0.0,0.0,94.31,301.21650000000005,116.67536585365853,227258,82,2771.439024390244
2026-09-14 06:35:00,102,0.00980392156862745,0.0,101.935,315.8179999999999,130.33205882352942,292349,101,2866.1666666666665
2026-09-14 06:36:00,79,0.02531645569620253,0.0,114.86,298.21899999999994,126.51227848101264,211619,79,2678.721518987342
2026-09-14 06:37:00,84,0.023809523809523808,0.011904761904761904,115.345,319.37849999999975,150.03464285714284,269982,84,3214.0714285714284
2026-09-14 06:38:00,85,0.023529411764705882,0.0,118.13,252.20799999999997,134.46564705882352,257352,84,3027.670588235294
2026-09-14 06:39:00,72,0.0,0.0,91.155,288.8885,120.53625000000001,202612,72,2814.0555555555557
2026-09-14 06:40:00,80,0.025,0.0,111.695,315.049,125.689875,219316,80,2741.45
2026-09-14 06:41:00,101,0.019801980198019802,0.009900990099009901,123.61,240.53,128.86108910891087,291209,101,2883.2574257425745
2026-09-14 06:42:00,59,0.01694915254237288,0.01694915254237288,113.28,440.97399999999965,145.06694915254238,184429,59,3125.915254237288
2026-09-14 06:43:00,81,0.012345679012345678,0.012345679012345678,94.03,341.69,124.52234567901235,212878,81,2628.1234567901233
2026-09-14 06:44:00,108,0.009259259259259259,0.0,108.485,255.50249999999988,126.81768518518518,317197,108,2937.009259259259
2026-09-14 06:45:00,84,0.011904761904761904,0.0,104.26499999999999,289.95399999999984,122.06369047619049,346684,84,4127.190476190476
2026-09-14 06:46:00,87,0.011494252873563218,0.0,100.01,314.65000000000003,124.816091954023,280567,87,3224.9080459770116
2026-09-14 06:47:00,92,0.010869565217391304,0.010869565217391304,109.91,266.0790000000002,122.22054347826088,323007,92,3510.945652173913
2026-09-14 06:48:00,107,0.009345794392523364,0.0,109.69,334.19199999999995,136.42046728971962,331524,107,3098.355140186916
2026-09-14 06:49:00,91,0.0,0.0,115.18,312.12,136.5268131868132,306376,91,3366.769230769231
2026-09-14 06:50:00,68,0.0,0.0,113.11,237.97449999999998,121.34220588235294,258998,68,3808.794117647059
2026-09-14 06:51:00,83,0.012048192771084338,0.0,89.73,273.6579999999999,117.24915662650602,240498,83,2897.5662650602408
2026-09-14 06:52:00,74,0.013513513513513514,0.0,94.505,289.96049999999985,121.11162162162162,229799,74,3105.391891891892
2026-09-14 06:53:00,66,0.015151515151515152,0.015151515151515152,112.01,367.7625,136.46409090909088,237987,66,3605.8636363636365
2026-09-14 06:54:00,91,0.01098901098901099,0.0,107.73,319.755,140.25208791208792,321438,91,3532.285714285714
2026-09-14 06:55:00,90,0.022222222222222223,0.011111111111111112,114.87,360.4625,146.01211111111112,292507,89,3250.0777777777776
2026-09-14 06:56:00,89,0.0,0.0,116.41,340.4139999999999,143.22067415730336,267611,89,3006.8651685393256
2026-09-14 06:57:00,74,0.013513513513513514,0.0,102.125,318.8719999999997,125.47310810810811,194060,74,2622.4324324324325
2026-09-14 06:58:00,68,0.014705882352941176,0.0,94.17,339.48649999999986,117.65588235294118,191176,68,2811.4117647058824
2026-09-14 06:59:00,72,0.027777777777777776,0.0,107.475,323.38500000000005,141.9413888888889,210713,72,2926.5694444444443
2026-09-14 07:00:00,79,0.012658227848101266,0.0,122.64,279.46099999999996,134.1787341772152,230117,79,2912.8734177215188
2026-09-14 07:01:00,61,0.0,0.0,90.18,289.88,125.26147540983607,191885,61,3145.655737704918
2026-09-14 07:02:00,70,0.014285714285714285,0.0,130.04000000000002,353.7229999999999,156.306,219367,70,3133.8142857142857
2026-09-14 07:03:00,88,0.0,0.0,95.795,245.01999999999978,116.26193181818181,264464,88,3005.2727272727275
2026-09-14 07:04:00,64,0.0,0.0,115.775,270.08899999999994,133.42765625,184826,64,2887.90625
2026-09-14 07:05:00,85,0.023529411764705882,0.0,104.29,355.1499999999999,135.83352941176472,255498,85,3005.858823529412
2026-09-14 07:06:00,76,0.0,0.0,118.71,257.34749999999997,120.92105263157895,274682,76,3614.2368421052633
2026-09-14 07:07:00,84,0.0,0.0,111.87,278.2169999999998,125.16738095238095,270713,83,3222.7738095238096
2026-09-14 07:08:00,76,0.0,0.0,110.065,320.96000000000004,135.97671052631577,207590,76,2731.4473684210525
2026-09-14 07:09:00,87,0.011494252873563218,0.0,96.47,257.11,117.68597701149426,255062,87,2931.7471264367814
2026-09-14 07:10:00,95,0.0,0.0,117.37,318.00399999999985,137.76926315789473,283024,95,2979.2
2026-09-14 07:11:00,74,0.0,0.0,111.71000000000001,287.70949999999965,129.4177027027027,230616,73,3116.4324324324325
2026-09-14 07:12:00,83,0.012048192771084338,0.012048192771084338,111.92,306.99099999999993,139.02518072289158,210580,82,2537.10843373494
2026-09-14 07:13:00,99,0.020202020202020204,0.0,101.48,351.39,134.14262626262627,321458,99,3247.050505050505
2026-09-14 07:14:00,89,0.0,0.0,106.31,346.1539999999999,134.5316853932584,280365,89,3150.1685393258426
2026-09-14 07:15:00,83,0.012048192771084338,0.012048192771084338,113.04,380.019,151.7810843373494,259750,83,3129.5180722891564
2026-09-14 07:16:00,93,0.0,0.0,103.86,269.06599999999963,124.89709677419356,286471,93,3080.3333333333335
2026-09-14 07:17:00,98,0.01020408163265306,0.0,89.28,323.0895,121.51010204081632,361537,97,3689.1530612244896
2026-09-14 07:18:00,97,0.010309278350515464,0.0,120.16,346.25999999999993,153.13123711340205,267907,97,2761.9278350515465
2026-09-14 07:19:00,102,0.029411764705882353,0.00980392156862745,119.315,291.6394999999996,129.61588235294118,293682,102,2879.235294117647
2026-09-14 07:20:00,114,0.017543859649122806,0.0,99.56,262.72999999999996,123.75061403508772,360020,114,3158.0701754385964
2026-09-14 07:21:00,92,0.010869565217391304,0.010869565217391304,111.84,236.71450000000004,116.9304347826087,344540,92,3745.0
2026-09-14 07:22:00,95,0.010526315789473684,0.0,101.49,386.635,135.04105263157894,298800,95,3145.2631578947367
2026-09-14 07:23:00,94,0.010638297872340425,0.0,101.78999999999999,239.92999999999998,121.2681914893617,267457,94,2845.2872340425533
2026-09-14 07:24:00,90,0.044444444444444446,0.03333333333333333,108.945,294.36449999999985,132.326,269485,90,2994.277777777778
2026-09-14 07:25:00,83,0.024096385542168676,0.012048192771084338,110.48,281.15299999999974,135.57590361445781,295732,83,3563.0361445783133
2026-09-14 07:26:00,95,0.0,0.0,115.15,317.43099999999987,134.4357894736842,266609,94,2806.4105263157894
2026-09-14 07:27:00,97,0.010309278350515464,0.0,101.93,289.972,127.50762886597938,311859,97,3215.041237113402
2026-09-14 07:28:00,73,0.0,0.0,99.71,284.7559999999997,117.58123287671233,241340,73,3306.027397260274
2026-09-14 07:29:00,87,0.011494252873563218,0.0,113.39,351.372,131.7396551724138,256144,87,2944.183908045977
2026-09-14 07:30:00,91,0.02197802197802198,0.0,115.86,332.775,133.22692307692307,257907,91,2834.1428571428573
2026-09-14 07:31:00,106,0.009433962264150943,0.0,100.945,376.8025,136.28603773584905,323117,106,3048.2735849056603
2026-09-14 07:32:00,70,0.014285714285714285,0.0,119.15,291.5105,135.52085714285715,203745,70,2910.6428571428573
2026-09-14 07:33:00,82,0.012195121951219513,0.0,103.175,312.3580000000001,126.69682926829267,253115,82,3086.768292682927
2026-09-14 07:34:00,85,0.0,0.0,109.14,277.33399999999995,119.18458823529413,254618,84,2995.505882352941
2026-09-14 07:35:00,82,0.0,0.0,91.705,321.75050000000005,127.35878048780488,213381,82,2602.2073170731705
2026-09-14 07:36:00,95,0.021052631578947368,0.010526315789473684,96.37,270.6139999999999,118.89315789473685,288555,95,3037.4210526315787
2026-09-14 07:37:00,92,0.010869565217391304,0.0,108.68,295.24750000000006,137.36902173913043,305740,92,3323.2608695652175
2026-09-14 07:38:00,103,0.009708737864077669,0.0,111.42,264.4319999999999,123.00456310679611,371599,103,3607.757281553398
2026-09-14 07:39:00,96,0.0,0.0,124.5,339.56,147.36708333333334,302912,95,3155.3333333333335
2026-09-14 07:40:00,88,0.011363636363636364,0.011363636363636364,120.53,307.50399999999996,136.32988636363638,249348,88,2833.5
2026-09-14 07:41:00,88,0.011363636363636364,0.011363636363636364,107.66,324.3549999999999,141.68954545454545,250056,88,2841.5454545454545
2026-09-14 07:42:00,86,0.0,0.0,112.695,431.6375,150.46534883720932,223447,86,2598.220930232558
2026-09-14 07:43:00,107,0.009345794392523364,0.0,104.51,286.6289999999998,115.65794392523364,298561,107,2790.2897196261683
2026-09-14 07:44:00,96,0.0,0.0,109.53999999999999,297.965,133.1890625,254164,96,2647.5416666666665
2026-09-14 07:45:00,98,0.01020408163265306,0.0,109.675,296.66349999999994,130.56020408163266,307312,98,3135.8367346938776
2026-09-14 07:46:00,105,0.01904761904761905,0.0,106.06,364.02199999999993,132.5204761904762,279887,105,2665.5904761904762
2026-09-14 07:47:00,100,0.01,0.0,119.87,405.074,150.5856,271089,99,2710.89
2026-09-14 07:48:00,82,0.024390243902439025,0.024390243902439025,103.045,299.38450000000006,129.79378048780487,229979,82,2804.621951219512
2026-09-14 07:49:00,84,0.0,0.0,115.35499999999999,370.2514999999998,153.45857142857145,262043,84,3119.559523809524
2026-09-14 07:50:00,95,0.021052631578947368,0.0,114.54,335.212,131.89136842105265,293220,95,3086.5263157894738
2026-09-14 07:51:00,82,0.0,0.0,113.215,306.855,142.33743902439025,253921,82,3096.5975609756097
2026-09-14 07:52:00,104,0.038461538461538464,0.0,116.88499999999999,277.5904999999999,132.98673076923077,326477,103,3139.201923076923
2026-09-14 07:53:00,83,0.012048192771084338,0.0,104.95,308.10999999999996,140.0075903614458,258979,82,3120.2289156626507
2026-09-14 07:54:00,91,0.0,0.0,116.88,239.04500000000002,131.4098901098901,264565,91,2907.3076923076924
2026-09-14 07:55:00,105,0.01904761904761905,0.0,107.41,320.15,134.84047619047618,329451,105,3137.6285714285714
2026-09-14 07:56:00,106,0.0,0.0,101.35499999999999,315.1775,125.31698113207547,315875,105,2979.9528301886794
2026-09-14 07:57:00,88,0.045454545454545456,0.0,97.1,309.0739999999997,130.22431818181818,249796,88,2838.590909090909
2026-09-14 07:58:00,96,0.0,0.0,103.54499999999999,298.84,127.3759375,312937,96,3259.7604166666665
2026-09-14 07:59:00,99,0.0,0.0,104.35,234.31499999999977,122.62949494949494,280475,99,2833.080808080808
2026-09-14 08:00:00,89,0.02247191011235955,0.0,106.85,262.8299999999999,120.71887640449438,274325,89,3082.303370786517
2026-09-14 08:01:00,90,0.03333333333333333,0.0,104.12,278.2839999999999,121.97422222222222,249208,90,2768.9777777777776
2026-09-14 08:02:00,110,0.00909090909090909,0.00909090909090909,116.315,449.4329999999999,146.83772727272728,306432,110,2785.7454545454543
2026-09-14 08:03:00,88,0.022727272727272728,0.011363636363636364,117.25,308.2484999999998,130.73875,290638,88,3302.7045454545455
2026-09-14 08:04:00,77,0.0,0.0,110.64,314.254,132.22103896103897,215513,77,2798.87012987013
2026-09-14 08:05:00,111,0.0,0.0,108.49,328.24,139.1881981981982,331242,110,2984.162162162162
2026-09-14 08:06:00,101,0.0,0.0,105.66,236.71,120.95663366336635,313745,101,3106.3861386138615
2026-09-14 08:07:00,84,0.023809523809523808,0.0,126.22,298.88649999999996,145.51761904761904,235328,84,2801.5238095238096
2026-09-14 08:08:00,107,0.0,0.0,124.94,345.9239999999996,151.0843925233645,323431,107,3022.7196261682243
2026-09-14 08:09:00,78,0.0,0.0,107.185,253.15899999999993,128.97038461538463,288491,78,3698.602564102564
2026-09-14 08:10:00,104,0.028846153846153848,0.009615384615384616,111.88,356.91249999999997,145.49173076923077,317639,103,3054.221153846154
2026-09-14 08:11:00,110,0.00909090909090909,0.0,107.76499999999999,352.16399999999993,136.499,326704,110,2970.0363636363636
2026-09-14 08:12:00,73,0.0273972602739726,0.0136986301369863,120.08,308.6999999999999,161.0741095890411,216041,73,2959.4657534246576
2026-09-14 08:13:00,106,0.018867924528301886,0.0,116.6,262.555,128.60283018867923,347269,106,3276.122641509434
2026-09-14 08:14:00,75,0.0,0.0,121.68,310.066,136.95133333333334,201681,75,2689.08
2026-09-14 08:15:00,86,0.011627906976744186,0.0,109.34,236.14000000000001,120.43348837209304,265871,86,3091.5232558139537
2026-09-14 08:16:00,85,0.011764705882352941,0.0,126.58,344.078,143.89917647058823,241873,84,2845.564705882353
2026-09-14 08:17:00,93,0.021505376344086023,0.0,119.95,357.13199999999995,150.99505376344086,283891,92,3052.5913978494623
2026-09-14 08:18:00,107,0.04672897196261682,0.018691588785046728,117.8,315.29599999999965,133.98271028037382,311943,106,2915.355140186916
2026-09-14 08:19:00,112,0.026785714285714284,0.008928571428571428,104.78,335.13699999999994,139.31794642857145,358013,111,3196.5446428571427
2026-09-14 08:20:00,78,0.0,0.0,100.995,312.3829999999996,131.57217948717948,223102,77,2860.2820512820513
2026-09-14 08:21:00,66,0.015151515151515152,0.0,112.475,292.7375,144.22333333333333,179467,66,2719.1969696969695
2026-09-14 08:22:00,118,0.01694915254237288,0.01694915254237288,106.88,276.00299999999964,125.73830508474578,332591,118,2818.5677966101694
2026-09-14 08:23:00,316,0.012658227848101266,0.0031645569620253164,114.88,377.96999999999997,141.21759493670888,938169,315,2968.8892405063293
2026-09-14 08:24:00,247,0.012145748987854251,0.004048582995951417,103.88,314.7859999999999,126.94473684210526,765287,246,3098.327935222672
2026-09-14 08:25:00,318,0.009433962264150943,0.0031446540880503146,104.075,301.2399999999998,127.15141509433963,932719,318,2933.078616352201
2026-09-14 08:26:00,336,0.020833333333333332,0.005952380952380952,105.84,314.3025,131.3007738095238,1037646,334,3088.2321428571427
2026-09-14 08:27:00,225,0.022222222222222223,0.013333333333333334,113.14,376.24799999999993,142.8263111111111,639695,224,2843.088888888889
2026-09-14 08:28:00,244,0.020491803278688523,0.004098360655737705,106.64500000000001,336.4675,139.06188524590164,729544,244,2989.934426229508
2026-09-14 08:29:00,253,0.019762845849802372,0.015810276679841896,100.73,271.84399999999994,121.80861660079051,750662,253,2967.0434782608695
2026-09-14 08:30:00,246,0.0,0.0,106.03,289.8775,128.0547967479675,775581,242,3152.768292682927
2026-09-14 08:31:00,313,0.009584664536741214,0.003194888178913738,112.88,271.90399999999977,126.1379233226837,939683,312,3002.182108626198
2026-09-14 08:32:00,88,0.011363636363636364,0.011363636363636364,110.375,353.8444999999999,147.22022727272727,262214,88,2979.7045454545455
2026-09-14 08:33:00,95,0.010526315789473684,0.0,111.2,358.506,146.89336842105263,310096,95,3264.1684210526314
2026-09-14 08:34:00,88,0.011363636363636364,0.011363636363636364,126.39000000000001,431.2714999999998,158.92499999999998,293293,88,3332.875
2026-09-14 08:35:00,92,0.010869565217391304,0.0,100.48,328.14850000000024,127.42858695652174,275767,92,2997.467391304348
2026-09-14 08:36:00,104,0.019230769230769232,0.019230769230769232,116.44,289.7884999999999,140.2246153846154,260212,104,2502.0384615384614
2026-09-14 08:37:00,86,0.0,0.0,117.11,287.02250000000004,131.24616279069767,257459,86,2993.7093023255816
2026-09-14 08:38:00,88,0.011363636363636364,0.0,109.12,308.6925,132.41511363636366,293130,88,3331.0227272727275
2026-09-14 08:39:00,102,0.00980392156862745,0.0,113.02000000000001,256.9349999999998,125.34049019607842,358823,102,3517.872549019608
2026-09-14 08:40:00,92,0.0,0.0,106.075,270.02150000000006,127.84760869565217,277847,90,3020.0760869565215
2026-09-14 08:41:00,121,0.01652892561983471,0.01652892561983471,108.8,358.12,149.8901652892562,346086,121,2860.214876033058
2026-09-14 08:42:00,72,0.013888888888888888,0.0,109.025,265.11650000000003,125.30722222222224,248693,72,3454.0694444444443
2026-09-14 08:43:00,111,0.009009009009009009,0.0,107.66,325.315,140.2845045045045,336749,111,3033.774774774775
2026-09-14 08:44:00,85,0.011764705882352941,0.0,103.79,281.0359999999999,128.59458823529414,265385,85,3122.176470588235
2026-09-14 08:45:00,89,0.0,0.0,124.09,310.84399999999994,139.3588764044944,296622,89,3332.8314606741574
2026-09-14 08:46:00,98,0.02040816326530612,0.01020408163265306,109.07,294.32899999999967,132.53836734693877,321846,98,3284.1428571428573
2026-09-14 08:47:00,100,0.03,0.0,108.27000000000001,260.3114999999999,126.2388,309131,100,3091.31
2026-09-14 08:48:00,100,0.01,0.01,94.995,369.51249999999993,136.0958,289635,100,2896.35
2026-09-14 08:49:00,94,0.02127659574468085,0.010638297872340425,127.99,293.68749999999994,138.30340425531915,309249,94,3289.8829787234044
2026-09-14 08:50:00,106,0.009433962264150943,0.0,120.135,313.86,145.74358490566038,324867,106,3064.7830188679245
2026-09-14 08:51:00,82,0.036585365853658534,0.0,104.1,303.503,128.5320731707317,216460,82,2639.756097560976
2026-09-14 08:52:00,86,0.011627906976744186,0.0,106.87,363.25,138.55267441860465,203600,86,2367.4418604651164
2026-09-14 08:53:00,83,0.012048192771084338,0.0,99.37,273.07,124.94253012048192,225489,83,2716.734939759036
2026-09-14 08:54:00,99,0.020202020202020204,0.0,103.11,270.48099999999994,125.05727272727273,311553,99,3147.0
2026-09-14 08:55:00,96,0.010416666666666666,0.0,112.58,349.5025,139.00697916666667,295286,96,3075.8958333333335
2026-09-14 08:56:00,103,0.019417475728155338,0.009708737864077669,121.56,288.2839999999999,133.4314563106796,298586,103,2898.893203883495
2026-09-14 08:57:00,87,0.011494252873563218,0.011494252873563218,124.15,249.598,139.6903448275862,280880,87,3228.5057471264367
2026-09-14 08:58:00,90,0.011111111111111112,0.0,116.14500000000001,304.56299999999993,137.323,301510,90,3350.1111111111113
2026-09-14 08:59:00,101,0.009900990099009901,0.0,119.81,284.45,138.48792079207922,298216,101,2952.633663366337
2026-09-14 09:00:00,76,0.0,0.0,119.485,407.695,144.99407894736842,224134,76,2949.1315789473683
2026-09-14 09:01:00,88,0.0,0.0,106.11,276.693,122.74147727272727,262795,87,2986.306818181818
2026-09-14 09:02:00,82,0.012195121951219513,0.0,130.095,271.5135,131.76280487804877,212551,82,2592.0853658536585
2026-09-14 09:03:00,82,0.012195121951219513,0.012195121951219513,99.08,244.28450000000004,112.3048780487805,267938,82,3267.5365853658536
2026-09-14 09:04:00,130,0.007692307692307693,0.0,119.61,320.7405,143.88484615384615,372379,130,2864.4538461538464
2026-09-14 09:05:00,131,0.015267175572519083,0.0,102.48,313.615,129.93167938931296,407168,131,3108.1526717557254
2026-09-14 09:06:00,102,0.00980392156862745,0.00980392156862745,96.435,342.79899999999856,117.86911764705881,304772,102,2987.9607843137255
2026-09-14 09:07:00,62,0.03225806451612903,0.0,101.83500000000001,274.97949999999975,118.28177419354839,171972,62,2773.7419354838707
2026-09-14 09:08:00,88,0.0,0.0,101.235,291.786,122.43238636363635,279583,88,3177.0795454545455
2026-09-14 09:09:00,83,0.024096385542168676,0.0,99.57,237.028,118.25518072289157,240580,83,2898.5542168674697
2026-09-14 09:10:00,104,0.019230769230769232,0.009615384615384616,93.83500000000001,264.97149999999993,108.75528846153846,315629,104,3034.894230769231
2026-09-14 09:11:00,84,0.011904761904761904,0.0,104.00999999999999,317.90149999999977,128.4767857142857,249248,84,2967.2380952380954
2026-09-14 09:12:00,103,0.0,0.0,113.5,330.7169999999997,137.1390291262136,324100,103,3146.6019417475727
2026-09-14 09:13:00,113,0.008849557522123894,0.0,111.44,309.35399999999964,137.55256637168142,348756,113,3086.336283185841
2026-09-14 09:14:00,81,0.012345679012345678,0.0,109.82,295.6,134.21666666666667,232479,81,2870.1111111111113
2026-09-14 09:15:00,119,0.01680672268907563,0.008403361344537815,105.0,304.0389999999997,124.83462184873949,425022,119,3571.6134453781515
2026-09-14 09:16:00,92,0.0,0.0,113.34,258.27100000000013,125.28597826086956,292630,92,3180.7608695652175
2026-09-14 09:17:00,109,0.01834862385321101,0.009174311926605505,110.39,285.79599999999994,135.39394495412844,398347,109,3654.559633027523
2026-09-14 09:18:00,85,0.0,0.0,111.67,372.8259999999999,142.3990588235294,298834,85,3515.6941176470586
2026-09-14 09:19:00,87,0.011494252873563218,0.0,112.75,267.729,131.31586206896552,227872,87,2619.2183908045977
2026-09-14 09:20:00,105,0.009523809523809525,0.0,102.51,275.5519999999999,125.22333333333334,308603,105,2939.0761904761903
2026-09-14 09:21:00,82,0.0,0.0,92.10499999999999,288.5545,117.8059756097561,223501,81,2725.621951219512
2026-09-14 09:22:00,97,0.020618556701030927,0.010309278350515464,105.48,357.08399999999983,144.4620618556701,270833,97,2792.092783505155
2026-09-14 09:23:00,102,0.0,0.0,101.47999999999999,308.10399999999987,129.36392156862746,306339,101,3003.323529411765
2026-09-14 09:24:00,100,0.02,0.0,98.435,301.8064999999999,123.5096,318677,100,3186.77
2026-09-14 09:25:00,91,0.01098901098901099,0.0,97.61,326.78499999999997,122.69076923076923,273214,91,3002.3516483516482
2026-09-14 09:26:00,124,0.0,0.0,117.865,286.30799999999994,133.1134677419355,355382,124,2865.983870967742
2026-09-14 09:27:00,117,0.02564102564102564,0.0,122.3,397.3039999999997,145.83068376068374,378222,117,3232.6666666666665
2026-09-14 09:28:00,99,0.010101010101010102,0.0,109.52,278.2729999999999,125.21959595959596,330431,98,3337.686868686869
2026-09-14 09:29:00,119,0.01680672268907563,0.01680672268907563,112.9,310.14299999999986,133.69663865546218,322037,119,2706.1932773109243
2026-09-14 09:30:00,95,0.010526315789473684,0.0,109.62,363.2179999999999,135.68536842105263,287455,95,3025.842105263158
2026-09-14 09:31:00,100,0.01,0.0,100.41499999999999,236.9459999999999,105.5776,323510,100,3235.1
2026-09-14 09:32:00,101,0.009900990099009901,0.0,110.52,292.93,129.49752475247524,295314,101,2923.90099009901
2026-09-14 09:33:00,127,0.015748031496062992,0.007874015748031496,113.76,308.602,133.2296062992126,351989,127,2771.566929133858
2026-09-14 09:34:00,88,0.011363636363636364,0.0,107.215,262.55999999999983,117.38852272727273,193687,87,2200.9886363636365
2026-09-14 09:35:00,99,0.0,0.0,100.18,223.9559999999999,109.04525252525252,294844,99,2978.222222222222
2026-09-14 09:36:00,86,0.023255813953488372,0.011627906976744186,125.28999999999999,307.635,143.01558139534885,226655,86,2635.5232558139537
2026-09-14 09:37:00,99,0.020202020202020204,0.020202020202020204,122.62,335.8269999999999,144.62535353535353,285001,99,2878.7979797979797
2026-09-14 09:38:00,115,0.017391304347826087,0.008695652173913044,117.58,375.955,136.78139130434784,396414,115,3447.0782608695654
2026-09-14 09:39:00,76,0.013157894736842105,0.013157894736842105,122.755,272.1125,138.04605263157896,200381,75,2636.592105263158
2026-09-14 09:40:00,101,0.0,0.0,99.44,279.92,124.03287128712871,325235,101,3220.1485148514853
2026-09-14 09:41:00,100,0.01,0.0,108.13,258.5505,127.87459999999999,265182,100,2651.82
2026-09-14 09:42:00,99,0.010101010101010102,0.0,107.07,308.78399999999993,120.61838383838383,289777,99,2927.040404040404
2026-09-14 09:43:00,88,0.011363636363636364,0.0,139.20499999999998,340.6289999999999,153.56079545454546,290955,88,3306.306818181818
2026-09-14 09:44:00,101,0.0,0.0,107.6,278.45,122.79851485148515,359065,101,3555.09900990099
2026-09-14 09:45:00,114,0.02631578947368421,0.017543859649122806,98.595,296.2449999999999,129.48315789473685,311367,114,2731.2894736842104
2026-09-14 09:46:00,11,0.18181818181818182,0.09090909090909091,106.64,470.0,168.1818181818182,28022,11,2547.4545454545455
2026-09-14 09:47:00,14,0.0,0.0,128.035,280.63949999999994,145.27428571428572,47063,14,3361.6428571428573
2026-09-14 09:48:00,16,0.0,0.0,89.78,270.3775,116.49625,43549,16,2721.8125
2026-09-14 09:49:00,13,0.0,0.0,147.5,273.73799999999983,126.37384615384615,55333,13,4256.384615384615
2026-09-14 09:50:00,21,0.0,0.0,96.99,266.13,117.09238095238095,50396,21,2399.809523809524
2026-09-14 09:51:00,9,0.0,0.0,158.15,197.294,145.2188888888889,19650,9,2183.3333333333335
2026-09-14 09:52:00,16,0.0,0.0,113.38,286.8725,125.309375,44652,16,2790.75
2026-09-14 09:53:00,11,0.0,0.0,137.2,289.81,130.6590909090909,30352,11,2759.2727272727275
2026-09-14 09:54:00,14,0.0,0.0,118.805,289.14899999999994,141.08214285714286,40415,14,2886.785714285714
2026-09-14 09:55:00,15,0.0,0.0,110.61,221.46999999999994,115.312,40543,15,2702.866666666667
2026-09-14 09:56:00,120,0.025,0.0,119.00999999999999,341.09,141.495,339334,120,2827.7833333333333
2026-09-14 09:57:00,90,0.011111111111111112,0.011111111111111112,103.875,286.34049999999996,129.26477777777777,268245,90,2980.5
2026-09-14 09:58:00,93,0.021505376344086023,0.0,106.41,330.1259999999995,129.7410752688172,293341,93,3154.2043010752686
2026-09-14 09:59:00,100,0.0,0.0,104.58500000000001,337.77299999999985,134.38379999999998,334021,100,3340.21
2026-09-14 10:00:00,116,0.008620689655172414,0.0,98.81,228.085,111.05629310344828,380464,116,3279.862068965517
2026-09-14 10:01:00,109,0.009174311926605505,0.0,114.57,287.11999999999995,133.05678899082568,330256,109,3029.8715596330276
2026-09-14 10:02:00,107,0.009345794392523364,0.009345794392523364,98.5,298.6529999999999,118.38102803738319,260704,107,2436.4859813084113
2026-09-14 10:03:00,94,0.010638297872340425,0.0,99.695,291.51949999999965,123.14627659574468,303985,94,3233.8829787234044
2026-09-14 10:04:00,100,0.01,0.0,111.895,300.2969999999999,135.0299,300948,100,3009.48
2026-09-14 10:05:00,96,0.020833333333333332,0.010416666666666666,109.31,375.4775,139.3159375,303191,96,3158.2395833333335
2026-09-14 10:06:00,123,0.024390243902439025,0.0,101.39,318.36099999999993,130.3540650406504,394746,123,3209.317073170732
2026-09-14 10:07:00,86,0.0,0.0,122.6,342.0675,142.98279069767443,220467,86,2563.5697674418607
2026-09-14 10:08:00,95,0.0,0.0,106.87,283.75899999999996,129.68547368421054,271884,95,2861.936842105263
2026-09-14 10:09:00,96,0.020833333333333332,0.0,115.945,300.42,137.33114583333335,235890,96,2457.1875
2026-09-14 10:10:00,91,0.0,0.0,107.72,270.835,124.14582417582417,292331,91,3212.4285714285716
2026-09-14 10:11:00,87,0.011494252873563218,0.0,104.84,248.074,117.10919540229885,305193,87,3507.9655172413795
2026-09-14 10:12:00,87,0.011494252873563218,0.0,115.6,228.98600000000005,125.09505747126437,208032,87,2391.1724137931033
2026-09-14 10:13:00,94,0.010638297872340425,0.0,96.28999999999999,328.35299999999984,124.75351063829787,264340,94,2812.127659574468
2026-09-14 10:14:00,86,0.023255813953488372,0.023255813953488372,123.045,281.23749999999995,136.18488372093023,263630,86,3065.4651162790697
2026-09-14 10:15:00,84,0.011904761904761904,0.0,111.13499999999999,289.8284999999999,129.40035714285716,272382,84,3242.6428571428573
2026-09-14 10:16:00,82,0.0,0.0,102.395,254.61700000000008,121.89231707317073,236106,82,2879.3414634146343
2026-09-14 10:17:00,90,0.0,0.0,121.025,295.894,133.24055555555555,266073,90,2956.366666666667
2026-09-14 10:18:00,118,0.0,0.0,112.825,291.572,127.0057627118644,366604,118,3106.813559322034
2026-09-14 10:19:00,92,0.0,0.0,114.7,303.1075,135.94641304347826,259002,92,2815.2391304347825
2026-09-14 10:20:00,89,0.0,0.0,125.46,286.33799999999985,142.04438202247192,295949,89,3325.2696629213483
2026-09-14 10:21:00,95,0.021052631578947368,0.0,102.86,326.018,130.09684210526316,309168,95,3254.4
2026-09-14 10:22:00,96,0.0,0.0,97.83,341.6825,134.95333333333335,283370,96,2951.7708333333335
2026-09-14 10:23:00,97,0.0,0.0,109.03,299.648,133.02288659793814,299094,97,3083.443298969072
2026-09-14 10:24:00,92,0.010869565217391304,0.010869565217391304,101.375,269.53650000000005,124.87891304347826,259443,92,2820.032608695652
2026-09-14 10:25:00,96,0.0,0.0,119.475,356.8325,139.40083333333334,302867,96,3154.8645833333335
2026-09-14 10:26:00,82,0.0,0.0,118.75,288.6745,135.99378048780488,258373,82,3150.890243902439
2026-09-14 10:27:00,84,0.0,0.0,111.33500000000001,258.43699999999995,118.1120238095238,217948,84,2594.6190476190477
2026-09-14 10:28:00,95,0.021052631578947368,0.010526315789473684,108.93,241.53999999999996,119.03673684210526,284196,95,2991.536842105263
2026-09-14 10:29:00,78,0.0,0.0,106.975,258.7054999999999,120.91230769230769,221325,78,2837.5
2026-09-14 10:30:00,93,0.021505376344086023,0.0,101.85,328.7159999999995,133.07763440860214,307135,93,3302.52688172043
2026-09-14 10:31:00,98,0.02040816326530612,0.0,110.69,322.6579999999999,137.9361224489796,255016,98,2602.204081632653
2026-09-14 10:32:00,99,0.010101010101010102,0.0,116.77,300.94599999999986,136.58767676767678,306701,99,3097.989898989899
2026-09-14 10:33:00,87,0.011494252873563218,0.0,116.97,280.986,131.64149425287357,286918,87,3297.9080459770116
2026-09-14 10:34:00,92,0.0,0.0,94.23,344.3610000000001,129.9192391304348,320051,91,3478.8152173913045
2026-09-14 10:35:00,120,0.008333333333333333,0.008333333333333333,97.52,362.43049999999994,135.58591666666666,340851,120,2840.425
2026-09-14 10:36:00,73,0.0,0.0,99.66,330.20399999999995,130.50068493150684,207262,73,2839.205479452055
2026-09-14 10:37:00,91,0.0,0.0,97.7,237.585,117.1012087912088,353321,90,3882.6483516483518
2026-09-14 10:38:00,100,0.01,0.0,103.31,216.0315,111.5443,301392,99,3013.92
2026-09-14 10:39:00,126,0.015873015873015872,0.007936507936507936,107.89500000000001,298.7975,125.64746031746031,353013,126,2801.690476190476
2026-09-14 10:40:00,110,0.32727272727272727,0.24545454545454545,194.97,681.9119999999994,253.0119090909091,233614,109,2123.7636363636366
2026-09-14 10:41:00,97,0.3402061855670103,0.31958762886597936,208.0,555.9839999999999,249.0082474226804,215901,97,2225.783505154639
2026-09-14 10:42:00,84,0.4523809523809524,0.34523809523809523,228.215,630.5289999999999,281.5292857142857,199978,84,2380.690476190476
2026-09-14 10:43:00,75,0.41333333333333333,0.30666666666666664,181.78,581.4409999999998,234.85733333333332,151877,75,2025.0266666666666
2026-09-14 10:44:00,111,0.36936936936936937,0.27927927927927926,210.23,609.27,240.6626126126126,230701,111,2078.387387387387
2026-09-14 10:45:00,87,0.28735632183908044,0.22988505747126436,175.98,517.2290000000002,217.60218390804596,208149,87,2392.5172413793102
2026-09-14 10:46:00,102,0.38235294117647056,0.3137254901960784,218.57999999999998,771.1624999999989,287.691568627451,224123,102,2197.2843137254904
2026-09-14 10:47:00,96,0.4375,0.3854166666666667,207.55,631.5550000000001,261.92052083333334,206292,96,2148.875
2026-09-14 10:48:00,79,0.4430379746835443,0.3291139240506329,229.07,641.8909999999989,272.58367088607594,174402,79,2207.6202531645567
2026-09-14 10:49:00,90,0.43333333333333335,0.34444444444444444,230.04500000000002,674.3645,283.98488888888886,154698,90,1718.8666666666666
2026-09-14 10:50:00,95,0.3894736842105263,0.3684210526315789,229.7,726.809,297.9618947368421,188606,94,1985.3263157894737
2026-09-14 10:51:00,104,0.4230769230769231,0.3269230769230769,191.53,607.3449999999998,248.48009615384615,201644,103,1938.8846153846155
2026-09-14 10:52:00,94,0.3723404255319149,0.3191489361702128,196.6,585.5994999999999,247.42946808510638,210103,93,2235.1382978723404
2026-09-14 10:53:00,79,0.31645569620253167,0.24050632911392406,183.41,632.031,247.20784810126585,196934,79,2492.8354430379745
2026-09-14 10:54:00,97,0.422680412371134,0.38144329896907214,243.96,734.3659999999998,282.18865979381445,181060,97,1866.5979381443299
2026-09-14 10:55:00,120,0.008333333333333333,0.0,110.49000000000001,333.0799999999999,138.28233333333336,327796,120,2731.633333333333
2026-09-14 10:56:00,78,0.0,0.0,95.55,285.6349999999996,114.1548717948718,232040,77,2974.871794871795
2026-09-14 10:57:00,87,0.011494252873563218,0.0,113.28,372.9590000000001,143.2422988505747,270094,87,3104.5287356321837
2026-09-14 10:58:00,88,0.011363636363636364,0.0,123.34,351.22099999999983,139.8355681818182,281456,88,3198.3636363636365
2026-09-14 10:59:00,104,0.019230769230769232,0.0,113.13,330.56549999999993,132.45509615384614,324826,104,3123.326923076923
2026-09-14 11:00:00,113,0.0,0.0,107.63,331.58199999999994,136.7995575221239,314972,113,2787.362831858407
2026-09-14 11:01:00,96,0.020833333333333332,0.010416666666666666,105.845,297.055,131.18333333333334,297872,96,3102.8333333333335
2026-09-14 11:02:00,105,0.0,0.0,121.73,290.14,136.5907619047619,310493,105,2957.0761904761903
2026-09-14 11:03:00,79,0.0,0.0,111.61,249.84799999999967,130.6554430379747,243755,79,3085.506329113924
2026-09-14 11:04:00,100,0.0,0.0,108.08500000000001,266.989,122.4897,305282,100,3052.82
2026-09-14 11:05:00,96,0.03125,0.0,106.4,264.7375,125.0103125,293789,96,3060.3020833333335
2026-09-14 11:06:00,76,0.013157894736842105,0.013157894736842105,118.625,322.345,147.57144736842105,221541,76,2915.0131578947367
2026-09-14 11:07:00,109,0.009174311926605505,0.0,127.56,303.034,139.95669724770642,310960,109,2852.8440366972477
2026-09-14 11:08:00,113,0.0,0.0,97.93,290.0239999999997,119.84601769911505,371253,113,3285.424778761062
2026-09-14 11:09:00,93,0.021505376344086023,0.0,95.93,237.50799999999995,111.49516129032257,248738,93,2674.6021505376343
2026-09-14 11:10:00,96,0.03125,0.0,113.985,301.4425,129.34125,321373,96,3347.6354166666665
2026-09-14 11:11:00,87,0.0,0.0,104.62,297.353,122.45482758620689,270345,87,3107.4137931034484
2026-09-14 11:12:00,103,0.009708737864077669,0.0,101.1,299.21299999999985,138.49563106796117,312525,103,3034.223300970874
2026-09-14 11:13:00,102,0.029411764705882353,0.0196078431372549,94.21000000000001,322.42149999999975,124.01607843137255,318979,102,3127.2450980392155
2026-09-14 11:14:00,116,0.0,0.0,121.36000000000001,297.885,139.59896551724137,383588,116,3306.793103448276
2026-09-14 11:15:00,102,0.0196078431372549,0.00980392156862745,94.07,368.4164999999999,136.11892156862746,330723,101,3242.3823529411766
2026-09-14 11:16:00,101,0.0,0.0,104.85,286.08,136.21752475247524,307959,101,3049.09900990099
2026-09-14 11:17:00,114,0.008771929824561403,0.008771929824561403,128.125,366.1909999999999,153.37526315789472,366833,114,3217.8333333333335
2026-09-14 11:18:00,93,0.010752688172043012,0.010752688172043012,119.03,339.44799999999975,137.00462365591397,307379,93,3305.1505376344085
2026-09-14 11:19:00,73,0.0273972602739726,0.0,110.81,258.7899999999997,128.55356164383562,228101,73,3124.671232876712
2026-09-14 11:20:00,90,0.011111111111111112,0.011111111111111112,106.265,298.8979999999999,135.1577777777778,247071,90,2745.233333333333
2026-09-14 11:21:00,106,0.009433962264150943,0.009433962264150943,110.38,265.22249999999997,125.45292452830189,303437,106,2862.6132075471696
2026-09-14 11:22:00,93,0.0,0.0,113.23,283.716,130.45612903225808,291841,93,3138.0752688172042
2026-09-14 11:23:00,110,0.01818181818181818,0.0,118.505,315.3474999999999,136.54672727272728,355653,110,3233.2090909090907
2026-09-14 11:24:00,96,0.020833333333333332,0.0,113.83500000000001,296.1175,131.69510416666665,300597,95,3131.21875
2026-09-14 11:25:00,104,0.0,0.0,111.02,304.9349999999999,134.59182692307692,318305,104,3060.625
2026-09-14 11:26:00,87,0.0,0.0,108.07,303.37600000000003,143.61045977011494,252702,86,2904.6206896551726
2026-09-14 11:27:00,104,0.0,0.0,109.555,269.52849999999984,128.48903846153846,294359,104,2830.375
2026-09-14 11:28:00,95,0.0,0.0,109.0,269.026,128.26789473684212,284350,95,2993.157894736842
2026-09-14 11:29:00,91,0.03296703296703297,0.0,109.45,310.875,133.98483516483518,300636,91,3303.6923076923076
2026-09-14 11:30:00,88,0.011363636363636364,0.0,99.39500000000001,254.83599999999998,125.4975,253045,88,2875.5113636363635
2026-09-14 11:31:00,120,0.0,0.0,104.19,271.83199999999994,115.65,384564,120,3204.7
2026-09-14 11:32:00,92,0.010869565217391304,0.010869565217391304,106.32,355.7685,133.83641304347827,271614,92,2952.3260869565215
2026-09-14 11:33:00,86,0.023255813953488372,0.011627906976744186,116.14500000000001,256.59000000000003,124.29860465116279,283944,86,3301.6744186046512
2026-09-14 11:34:00,87,0.0,0.0,115.36,273.65700000000004,130.81632183908047,251464,87,2890.390804597701
2026-09-14 11:35:00,106,0.009433962264150943,0.009433962264150943,109.33,306.345,131.5756603773585,307175,106,2897.877358490566
2026-09-14 11:36:00,97,0.010309278350515464,0.0,108.46,332.9099999999997,141.00876288659794,293329,97,3024.0103092783506
2026-09-14 11:37:00,107,0.04672897196261682,0.0,109.3,286.1599999999994,125.73373831775702,320562,107,2995.9065420560746
2026-09-14 11:38:00,91,0.03296703296703297,0.01098901098901099,118.4,300.845,131.92428571428573,267289,91,2937.2417582417584
2026-09-14 11:39:00,102,0.00980392156862745,0.0,116.78,314.2699999999997,135.4114705882353,298123,102,2922.774509803922
2026-09-14 11:40:00,93,0.021505376344086023,0.0,104.86,284.5799999999999,129.83440860215055,290720,93,3126.021505376344
2026-09-14 11:41:00,90,0.0,0.0,93.035,233.95499999999998,106.65,296560,90,3295.1111111111113
2026-09-14 11:42:00,87,0.0,0.0,108.61,335.97200000000004,127.75448275862068,331861,87,3814.4942528735633
2026-09-14 11:43:00,103,0.009708737864077669,0.0,118.72,306.1129999999997,139.95019417475729,360602,103,3500.990291262136
2026-09-14 11:44:00,83,0.012048192771084338,0.012048192771084338,103.25,276.04499999999985,121.00710843373494,261800,83,3154.2168674698796
2026-09-14 11:45:00,84,0.011904761904761904,0.011904761904761904,103.535,294.5289999999997,124.03726190476189,274806,83,3271.5
2026-09-14 11:46:00,95,0.0,0.0,106.64,288.4929999999999,127.58957894736842,282335,95,2971.9473684210525
2026-09-14 11:47:00,89,0.02247191011235955,0.0,124.79,265.07199999999995,142.8255056179775,226370,89,2543.483146067416
2026-09-14 11:48:00,80,0.0375,0.0,129.765,335.94599999999997,141.111375,268274,80,3353.425
2026-09-14 11:49:00,83,0.0,0.0,118.63,304.67999999999995,137.21590361445783,250093,83,3013.1686746987953
2026-09-14 11:50:00,99,0.020202020202020204,0.020202020202020204,107.6,288.99899999999985,132.899898989899,307413,99,3105.181818181818
2026-09-14 11:51:00,97,0.020618556701030927,0.0,101.65,311.794,132.42701030927836,289509,96,2984.6288659793813
2026-09-14 11:52:00,90,0.011111111111111112,0.011111111111111112,114.91,324.7639999999999,136.38066666666666,296157,89,3290.633333333333
2026-09-14 11:53:00,90,0.011111111111111112,0.0,109.37,274.51,131.69688888888888,288448,89,3204.9777777777776
2026-09-14 11:54:00,89,0.011235955056179775,0.0,111.78,249.49799999999996,123.05516853932585,259155,89,2911.85393258427
2026-09-14 11:55:00,74,0.013513513513513514,0.0,113.985,272.56149999999985,139.205,222869,74,3011.7432432432433
2026-09-14 11:56:00,95,0.042105263157894736,0.021052631578947368,104.4,290.978,134.1757894736842,279287,95,2939.863157894737
2026-09-14 11:57:00,93,0.010752688172043012,0.010752688172043012,109.92,259.13199999999995,128.92548387096775,320529,93,3446.548387096774
2026-09-14 11:58:00,94,0.010638297872340425,0.0,89.515,258.49449999999996,115.20627659574467,290900,94,3094.68085106383
2026-09-14 11:59:00,101,0.0,0.0,124.85,335.1,145.6748514851485,279965,101,2771.930693069307
2026-09-14 12:00:00,89,0.0,0.0,99.6,275.50199999999995,114.98606741573035,228711,89,2569.7865168539324
2026-09-14 12:01:00,88,0.011363636363636364,0.0,103.905,300.20449999999994,129.81443181818182,251079,88,2853.1704545454545
2026-09-14 12:02:00,69,0.0,0.0,118.46,326.084,135.6826086956522,175641,67,2545.521739130435
2026-09-14 12:03:00,100,0.0,0.0,108.735,328.19599999999997,130.0603,335792,100,3357.92
2026-09-14 12:04:00,90,0.0,0.0,124.65,335.32249999999993,140.60833333333332,256023,90,2844.7
2026-09-14 12:05:00,84,0.023809523809523808,0.011904761904761904,114.805,333.9364999999996,134.18940476190477,246840,83,2938.5714285714284
2026-09-14 12:06:00,86,0.0,0.0,104.08,268.6075,129.98244186046512,284275,86,3305.5232558139537
2026-09-14 12:07:00,86,0.0,0.0,111.93,268.78999999999996,123.71918604651164,254054,86,2954.1162790697676
2026-09-14 12:08:00,89,0.02247191011235955,0.0,103.49,295.73999999999995,131.3320224719101,273932,89,3077.887640449438
2026-09-14 12:09:00,96,0.020833333333333332,0.0,107.02000000000001,311.85749999999996,140.49791666666667,255706,96,2663.6041666666665
2026-09-14 12:10:00,67,0.04477611940298507,0.0,80.12,293.9999999999997,112.9592537313433,218271,67,3257.776119402985
2026-09-14 12:11:00,73,0.0136986301369863,0.0,98.78,331.24999999999983,124.4354794520548,238186,73,3262.821917808219
2026-09-14 12:12:00,82,0.012195121951219513,0.012195121951219513,106.93,355.45650000000006,152.65170731707317,236212,82,2880.6341463414633
2026-09-14 12:13:00,100,0.0,0.0,124.91499999999999,295.4025,136.0707,342735,99,3427.35
2026-09-14 12:14:00,71,0.04225352112676056,0.014084507042253521,100.68,278.725,116.38845070422535,197333,71,2779.3380281690143
2026-09-14 12:15:00,94,0.010638297872340425,0.0,106.37,258.2664999999998,127.92414893617023,288663,94,3070.8829787234044
2026-09-14 12:16:00,91,0.0,0.0,124.97,331.05999999999995,138.56604395604396,288215,91,3167.197802197802
2026-09-14 12:17:00,72,0.013888888888888888,0.0,110.755,259.99750000000006,122.41430555555556,222148,71,3085.3888888888887
2026-09-14 12:18:00,69,0.028985507246376812,0.0,97.86,317.5659999999999,133.83333333333334,180410,69,2614.6376811594205
2026-09-14 12:19:00,74,0.0,0.0,106.78,262.54549999999983,117.97662162162163,190624,74,2576.0
2026-09-14 12:20:00,84,0.0,0.0,116.16,276.5264999999999,129.37035714285716,248751,84,2961.3214285714284
2026-09-14 12:21:00,78,0.01282051282051282,0.01282051282051282,119.28,325.8479999999998,139.89371794871795,249480,78,3198.4615384615386
2026-09-14 12:22:00,90,0.011111111111111112,0.011111111111111112,131.70999999999998,273.30949999999996,132.97166666666666,303646,90,3373.8444444444444
2026-09-14 12:23:00,65,0.03076923076923077,0.0,116.73,333.8439999999997,126.08553846153845,186282,65,2865.876923076923
2026-09-14 12:24:00,98,0.01020408163265306,0.0,108.47999999999999,274.5659999999998,125.00877551020409,297016,98,3030.7755102040815
2026-09-14 12:25:00,83,0.012048192771084338,0.012048192771084338,122.95,282.1669999999999,135.52831325301204,243388,83,2932.385542168675
2026-09-14 12:26:00,88,0.011363636363636364,0.0,114.735,325.9159999999996,136.09772727272727,281030,88,3193.5227272727275
2026-09-14 12:27:00,82,0.024390243902439025,0.012195121951219513,103.475,256.5750000000001,114.60219512195121,215016,82,2622.1463414634145
2026-09-14 12:28:00,76,0.013157894736842105,0.0,100.47,273.64,122.32894736842105,289375,76,3807.565789473684
2026-09-14 12:29:00,79,0.02531645569620253,0.012658227848101266,96.67,382.13399999999996,141.1053164556962,202293,79,2560.6708860759495
2026-09-14 12:30:00,90,0.0,0.0,97.63499999999999,283.753,123.44255555555556,258871,90,2876.3444444444444
2026-09-14 12:31:00,97,0.010309278350515464,0.0,118.42,290.6819999999999,136.58092783505154,340887,97,3514.298969072165
2026-09-14 12:32:00,102,0.029411764705882353,0.00980392156862745,105.805,291.12199999999973,125.44745098039215,317582,102,3113.549019607843
2026-09-14 12:33:00,93,0.03225806451612903,0.010752688172043012,111.49,340.90199999999993,132.75172043010753,287686,93,3093.3978494623657
2026-09-14 12:34:00,92,0.010869565217391304,0.0,109.31,311.516,131.3194565217391,291734,92,3171.021739130435
2026-09-14 12:35:00,76,0.0,0.0,119.16,349.4425,149.77355263157895,241000,76,3171.0526315789475
2026-09-14 12:36:00,120,0.008333333333333333,0.0,105.15,390.08299999999997,143.01975,430780,118,3589.8333333333335
2026-09-14 12:37:00,73,0.0547945205479452,0.0273972602739726,109.91,252.5479999999998,135.63698630136986,187055,73,2562.3972602739727
2026-09-14 12:38:00,82,0.0,0.0,107.19,289.06350000000003,131.71573170731708,210026,82,2561.2926829268295
2026-09-14 12:39:00,92,0.0,0.0,108.99,284.2335,135.89010869565217,280655,92,3050.5978260869565
2026-09-14 12:40:00,125,0.0,0.0,104.17,334.616,133.18288,373232,125,2985.856
2026-09-14 12:41:00,98,0.030612244897959183,0.0,118.38499999999999,335.49799999999993,144.07102040816326,318830,98,3253.3673469387754
2026-09-14 12:42:00,68,0.014705882352941176,0.0,110.68,243.27349999999998,125.21558823529412,186169,68,2737.779411764706
2026-09-14 12:43:00,76,0.0,0.0,119.21000000000001,248.98250000000002,125.2963157894737,209229,76,2753.0131578947367
2026-09-14 12:44:00,84,0.0,0.0,98.34,270.0529999999999,116.66845238095237,263149,82,3132.7261904761904
2026-09-14 12:45:00,82,0.012195121951219513,0.012195121951219513,121.375,280.1315000000001,138.20597560975608,232742,82,2838.317073170732
2026-09-14 12:46:00,93,0.03225806451612903,0.010752688172043012,101.39,323.2419999999999,142.6558064516129,286380,93,3079.3548387096776
2026-09-14 12:47:00,88,0.0,0.0,123.83500000000001,348.69799999999987,143.60920454545456,291816,88,3316.090909090909
2026-09-14 12:48:00,99,0.0,0.0,98.77,279.24499999999995,123.2650505050505,304236,99,3073.090909090909
2026-09-14 12:49:00,82,0.0,0.0,109.41,212.10250000000005,118.20487804878047,260653,82,3178.6951219512193
2026-09-14 12:50:00,90,0.022222222222222223,0.0,111.42,478.5239999999998,165.11577777777777,240902,89,2676.688888888889
2026-09-14 12:51:00,103,0.009708737864077669,0.009708737864077669,116.74,378.13699999999994,146.48728155339808,315673,103,3064.78640776699
2026-09-14 12:52:00,77,0.012987012987012988,0.012987012987012988,112.38,301.7600000000003,132.67753246753247,238209,77,3093.6233766233768
2026-09-14 12:53:00,74,0.0,0.0,124.02000000000001,279.656,131.21135135135134,208791,74,2821.5
2026-09-14 12:54:00,80,0.0125,0.0,128.12,447.41099999999994,166.41649999999998,197929,79,2474.1125
2026-09-14 12:55:00,87,0.022988505747126436,0.011494252873563218,116.65,370.40700000000004,158.0906896551724,277551,87,3190.2413793103447
2026-09-14 12:56:00,75,0.013333333333333334,0.0,99.97,302.5899999999999,123.72600000000001,212717,75,2836.2266666666665
2026-09-14 12:57:00,79,0.012658227848101266,0.0,104.76,276.818,122.2173417721519,236408,79,2992.506329113924
2026-09-14 12:58:00,92,0.010869565217391304,0.0,103.45500000000001,309.01500000000016,130.9266304347826,238552,92,2592.9565217391305
2026-09-14 12:59:00,95,0.010526315789473684,0.0,106.28,306.9109999999999,124.45042105263157,249664,95,2628.0421052631577
2026-09-14 13:00:00,71,0.0,0.0,107.21,313.985,125.02492957746479,228234,71,3214.56338028169
2026-09-14 13:01:00,72,0.013888888888888888,0.0,120.36,325.48500000000007,136.73152777777779,217006,72,3013.972222222222
2026-09-14 13:02:00,68,0.014705882352941176,0.014705882352941176,123.585,323.215,142.03426470588235,167709,67,2466.3088235294117
2026-09-14 13:03:00,94,0.02127659574468085,0.02127659574468085,106.68,269.84049999999996,124.08691489361702,300839,93,3200.4148936170213
2026-09-14 13:04:00,81,0.0,0.0,109.92,298.21,139.6058024691358,234219,81,2891.5925925925926
2026-09-14 13:05:00,72,0.013888888888888888,0.0,86.935,223.704,102.46611111111112,201914,72,2804.3611111111113
2026-09-14 13:06:00,91,0.0,0.0,123.99,286.25,127.91197802197802,279098,91,3067.010989010989
2026-09-14 13:07:00,88,0.0,0.0,107.91499999999999,290.469,134.28647727272727,281326,88,3196.8863636363635
2026-09-14 13:08:00,62,0.016129032258064516,0.016129032258064516,98.595,325.4344999999997,127.70903225806451,192961,62,3112.2741935483873
2026-09-14 13:09:00,61,0.01639344262295082,0.0,121.62,356.2,141.58147540983606,171676,61,2814.3606557377047
2026-09-14 13:10:00,78,0.01282051282051282,0.0,117.87,267.22349999999994,122.09538461538462,222098,78,2847.4102564102564
2026-09-14 13:11:00,73,0.0,0.0,86.9,220.6119999999999,102.31835616438356,223323,73,3059.219178082192
2026-09-14 13:12:00,76,0.02631578947368421,0.0,88.17,274.55,121.6846052631579,232772,76,3062.7894736842104
2026-09-14 13:13:00,82,0.012195121951219513,0.0,106.475,273.419,128.5908536585366,243004,82,2963.4634146341464
2026-09-14 13:14:00,79,0.0,0.0,132.85,336.80799999999977,151.94481012658227,195890,78,2479.6202531645567
2026-09-14 13:15:00,88,0.0,0.0,119.38,296.8569999999999,143.37068181818182,259452,88,2948.318181818182
2026-09-14 13:16:00,77,0.012987012987012988,0.0,109.65,245.06400000000005,121.07,243444,77,3161.6103896103896
2026-09-14 13:17:00,72,0.0,0.0,115.12,245.036,116.045,273431,72,3797.652777777778
2026-09-14 13:18:00,90,0.0,0.0,98.99000000000001,340.116,130.99766666666667,281849,90,3131.6555555555556
2026-09-14 13:19:00,75,0.04,0.02666666666666667,499.55,1648.388,616.0089333333333,221343,75,2951.24
2026-09-14 13:20:00,82,0.036585365853658534,0.036585365853658534,560.075,1643.6725000000001,671.7659756097561,250955,82,3060.4268292682927
2026-09-14 13:21:00,90,0.022222222222222223,0.022222222222222223,464.12,1223.504,557.4143333333334,259745,90,2886.0555555555557
2026-09-14 13:22:00,59,0.03389830508474576,0.01694915254237288,427.82,1362.4259999999995,544.3581355932204,177953,59,3016.1525423728813
2026-09-14 13:23:00,62,0.03225806451612903,0.016129032258064516,475.125,1371.1754999999998,577.0625806451612,194446,62,3136.2258064516127
2026-09-14 13:24:00,67,0.04477611940298507,0.029850746268656716,494.22,1428.6479999999997,577.3614925373134,196879,67,2938.492537313433
2026-09-14 13:25:00,67,0.014925373134328358,0.014925373134328358,451.42,1235.071,551.500447761194,195691,67,2920.7611940298507
2026-09-14 13:26:00,64,0.015625,0.015625,540.03,1486.8804999999995,655.0871875,183440,64,2866.25
2026-09-14 13:27:00,81,0.024691358024691357,0.012345679012345678,528.52,1644.44,664.2109876543209,269708,81,3329.7283950617284
2026-09-14 13:28:00,80,0.0,0.0,478.25,1228.5514999999994,544.549625,256702,80,3208.775
2026-09-14 13:29:00,77,0.025974025974025976,0.012987012987012988,444.07,1523.374000000001,592.2558441558441,263812,77,3426.12987012987
2026-09-14 13:30:00,75,0.0,0.0,463.74,988.1949999999998,515.8986666666667,222072,75,2960.96
2026-09-14 13:31:00,79,0.02531645569620253,0.012658227848101266,125.19,268.36099999999993,141.20177215189875,224961,79,2847.6075949367087
2026-09-14 13:32:00,77,0.012987012987012988,0.0,99.43,356.35600000000005,126.88974025974026,215560,77,2799.4805194805194
2026-09-14 13:33:00,67,0.014925373134328358,0.0,86.31,255.8839999999999,114.7641791044776,185631,67,2770.6119402985073
2026-09-14 13:34:00,84,0.0,0.0,97.975,268.3989999999999,113.56642857142857,255254,84,3038.7380952380954
2026-09-14 13:35:00,78,0.0,0.0,91.94,303.15149999999977,118.81564102564104,257555,78,3301.9871794871797
2026-09-14 13:36:00,75,0.0,0.0,126.44,374.6109999999997,155.70506666666665,225108,75,3001.44
2026-09-14 13:37:00,68,0.029411764705882353,0.029411764705882353,108.77,345.80499999999995,138.13735294117646,201518,68,2963.5
2026-09-14 13:38:00,61,0.01639344262295082,0.0,113.94,387.1,152.13639344262293,190006,61,3114.8524590163934
2026-09-14 13:39:00,104,0.019230769230769232,0.0,116.465,398.8239999999999,149.31038461538463,331757,104,3189.971153846154
2026-09-14 13:40:00,80,0.0375,0.025,103.84,247.13999999999996,127.776,242849,80,3035.6125
2026-09-14 13:41:00,73,0.0,0.0,119.23,282.11799999999965,133.22972602739728,222353,73,3045.931506849315
2026-09-14 13:42:00,76,0.05263157894736842,0.013157894736842105,92.13499999999999,287.115,123.05631578947369,264181,76,3476.065789473684
2026-09-14 13:43:00,74,0.0,0.0,108.69,297.4555,136.90324324324325,198843,74,2687.0675675675675
2026-09-14 13:44:00,67,0.0,0.0,91.52,238.34399999999997,115.91626865671643,193267,67,2884.582089552239
2026-09-14 13:45:00,81,0.012345679012345678,0.0,116.14,340.29,145.43703703703704,231969,81,2863.814814814815
2026-09-14 13:46:00,86,0.011627906976744186,0.0,112.61500000000001,268.0475,123.2206976744186,234111,86,2722.220930232558
2026-09-14 13:47:00,79,0.02531645569620253,0.0,124.52,324.68699999999984,142.8820253164557,300702,79,3806.3544303797466
2026-09-14 13:48:00,87,0.011494252873563218,0.0,113.9,319.5570000000001,130.58505747126438,275716,87,3169.1494252873563
2026-09-14 13:49:00,80,0.0,0.0,96.32,244.92199999999997,116.672875,249965,80,3124.5625
2026-09-14 13:50:00,65,0.0,0.0,110.37,313.01199999999994,129.3106153846154,214697,64,3303.0307692307692
2026-09-14 13:51:00,59,0.01694915254237288,0.0,115.02,301.1959999999999,132.46610169491527,181044,59,3068.5423728813557
2026-09-14 13:52:00,94,0.0425531914893617,0.02127659574468085,110.19999999999999,290.03349999999983,130.84882978723402,294652,94,3134.595744680851
2026-09-14 13:53:00,74,0.013513513513513514,0.013513513513513514,111.35,306.53349999999983,133.6327027027027,234298,74,3166.189189189189
2026-09-14 13:54:00,72,0.041666666666666664,0.0,90.64,221.74250000000004,102.45125,258021,72,3583.625
2026-09-14 13:55:00,62,0.016129032258064516,0.0,106.725,305.9154999999999,134.91322580645163,183448,62,2958.8387096774195
2026-09-14 13:56:00,78,0.0,0.0,104.905,244.0999999999994,119.98038461538461,266297,78,3414.0641025641025
2026-09-14 13:57:00,59,0.0,0.0,107.48,348.49299999999994,143.5849152542373,157390,58,2667.6271186440677
2026-09-14 13:58:00,69,0.028985507246376812,0.0,102.63,257.4919999999997,117.08710144927537,235584,69,3414.2608695652175
2026-09-14 13:59:00,90,0.0,0.0,103.34,275.7614999999999,130.52133333333333,265657,90,2951.7444444444445
2026-09-14 14:00:00,82,0.012195121951219513,0.012195121951219513,120.595,271.00149999999996,133.4551219512195,228242,82,2783.439024390244
2026-09-14 14:01:00,78,0.01282051282051282,0.0,115.345,310.37099999999987,130.93307692307692,215902,78,2767.974358974359
2026-09-14 14:02:00,81,0.0,0.0,113.65,371.58,137.61777777777777,226742,81,2799.283950617284
2026-09-14 14:03:00,62,0.0,0.0,98.21000000000001,231.14449999999997,118.88290322580644,174480,62,2814.1935483870966
2026-09-14 14:04:00,71,0.04225352112676056,0.014084507042253521,112.89,285.71500000000003,141.54788732394366,183581,71,2585.6478873239435
2026-09-14 14:05:00,67,0.029850746268656716,0.0,116.19,289.555,138.53298507462688,210821,67,3146.582089552239
2026-09-14 14:06:00,81,0.0,0.0,106.84,282.88,129.5995061728395,279631,81,3452.2345679012346
2026-09-14 14:07:00,80,0.0,0.0,108.94999999999999,250.2914999999999,120.598,252832,80,3160.4
2026-09-14 14:08:00,79,0.012658227848101266,0.0,125.43,256.792,133.12962025316455,251317,79,3181.227848101266
2026-09-14 14:09:00,71,0.028169014084507043,0.0,105.73,325.745,133.24478873239437,210935,71,2970.9154929577467
2026-09-14 14:10:00,85,0.0,0.0,97.12,376.0739999999998,137.3555294117647,237648,85,2795.858823529412
2026-09-14 14:11:00,58,0.0,0.0,117.16999999999999,312.738,131.68137931034482,160631,58,2769.5
2026-09-14 14:12:00,83,0.024096385542168676,0.012048192771084338,95.24,288.33599999999973,120.02734939759037,248495,83,2993.9156626506024
2026-09-14 14:13:00,66,0.015151515151515152,0.0,93.565,277.755,117.51515151515152,219876,66,3331.4545454545455
2026-09-14 14:14:00,71,0.0,0.0,104.81,336.42,135.63028169014083,211250,71,2975.3521126760565
2026-09-14 14:15:00,62,0.03225806451612903,0.016129032258064516,105.53999999999999,311.73899999999986,132.32306451612905,157142,62,2534.548387096774
2026-09-14 14:16:00,68,0.0,0.0,105.72999999999999,401.0704999999999,148.3566176470588,210142,68,3090.323529411765
2026-09-14 14:17:00,91,0.0,0.0,89.14,303.915,122.85516483516483,282317,90,3102.3846153846152
2026-09-14 14:18:00,70,0.0,0.0,104.285,276.0085,129.35028571428572,190938,70,2727.6857142857143
2026-09-14 14:19:00,70,0.02857142857142857,0.0,96.895,292.118,128.30928571428572,195985,70,2799.785714285714
2026-09-14 14:20:00,76,0.0,0.0,112.11500000000001,270.945,124.20092105263159,262292,76,3451.2105263157896
2026-09-14 14:21:00,55,0.0,0.0,126.48,349.24899999999997,143.616,181041,55,3291.6545454545453
2026-09-14 14:22:00,66,0.0,0.0,116.955,363.5725,149.91787878787878,176437,66,2673.287878787879
2026-09-14 14:23:00,65,0.015384615384615385,0.0,125.16,338.32599999999996,146.55384615384617,178835,65,2751.3076923076924
2026-09-14 14:24:00,44,0.022727272727272728,0.0,103.005,325.08550000000014,136.03477272727272,94580,44,2149.5454545454545
2026-09-14 14:25:00,67,0.014925373134328358,0.0,111.79,370.954,143.0144776119403,191526,67,2858.597014925373
2026-09-14 14:26:00,90,0.0,0.0,103.865,235.17499999999998,117.38777777777777,280976,90,3121.9555555555557
2026-09-14 14:27:00,67,0.0,0.0,118.7,289.8309999999999,134.38194029850746,206050,67,3075.373134328358
2026-09-14 14:28:00,72,0.0,0.0,109.25999999999999,340.928,131.47458333333333,206284,72,2865.0555555555557
2026-09-14 14:29:00,63,0.0,0.0,107.9,269.737,121.34730158730159,224234,63,3559.2698412698414
2026-09-14 14:30:00,62,0.016129032258064516,0.0,105.645,196.8364999999999,111.11,187456,62,3023.483870967742
2026-09-14 14:31:00,80,0.0125,0.0125,106.17500000000001,319.07449999999994,138.120875,241484,79,3018.55
2026-09-14 14:32:00,61,0.0,0.0,107.02,266.7,127.61344262295083,193360,61,3169.8360655737706
2026-09-14 14:33:00,73,0.0,0.0,117.99,294.7819999999997,138.2612328767123,233987,73,3205.301369863014
2026-09-14 14:34:00,86,0.023255813953488372,0.0,110.235,333.40000000000003,128.38290697674418,227319,86,2643.2441860465115
2026-09-14 14:35:00,83,0.012048192771084338,0.0,113.72,260.71899999999994,128.5410843373494,259362,83,3124.843373493976
2026-09-14 14:36:00,70,0.014285714285714285,0.014285714285714285,116.075,319.5779999999998,141.7702857142857,215368,70,3076.6857142857143
2026-09-14 14:37:00,71,0.0,0.0,112.0,241.64,122.23464788732394,204160,71,2875.492957746479
2026-09-14 14:38:00,74,0.0,0.0,99.52000000000001,377.5689999999999,140.09175675675678,204948,74,2769.5675675675675
2026-09-14 14:39:00,67,0.029850746268656716,0.0,99.69,242.47999999999993,118.18477611940298,213505,67,3186.6417910447763
2026-09-14 14:40:00,64,0.0,0.0,118.945,324.01499999999993,140.355,173380,64,2709.0625
2026-09-14 14:41:00,78,0.01282051282051282,0.0,98.21000000000001,289.58049999999946,128.50717948717949,242775,78,3112.5
2026-09-14 14:42:00,79,0.0,0.0,97.67,322.11899999999986,122.37303797468354,223343,79,2827.1265822784812
2026-09-14 14:43:00,86,0.011627906976744186,0.0,118.58500000000001,286.2625,139.9363953488372,246251,86,2863.3837209302324
2026-09-14 14:44:00,68,0.0,0.0,91.88499999999999,285.22499999999997,111.52352941176471,196862,67,2895.029411764706
2026-09-14 14:45:00,65,0.015384615384615385,0.0,120.84,271.55999999999995,137.15,191342,65,2943.723076923077
2026-09-14 14:46:00,80,0.0,0.0,93.63,257.5979999999999,120.8785,242770,80,3034.625
2026-09-14 14:47:00,77,0.025974025974025976,0.012987012987012988,105.85,398.09200000000004,152.9716883116883,234841,77,3049.883116883117
2026-09-14 14:48:00,67,0.0,0.0,109.1,242.59399999999997,122.52328358208955,183432,67,2737.791044776119
2026-09-14 14:49:00,66,0.0,0.0,117.455,323.81,139.37833333333333,181819,66,2754.8333333333335
2026-09-14 14:50:00,66,0.0,0.0,100.24000000000001,268.6325,121.26303030303029,186721,66,2829.1060606060605
2026-09-14 14:51:00,71,0.0,0.0,103.61,292.235,128.48394366197184,203817,71,2870.6619718309857
2026-09-14 14:52:00,69,0.0,0.0,127.29,315.35799999999966,138.05463768115942,202588,69,2936.057971014493
2026-09-14 14:53:00,68,0.0,0.0,119.475,301.862,135.22823529411767,205150,68,3016.9117647058824
2026-09-14 14:54:00,70,0.02857142857142857,0.0,91.53999999999999,270.0424999999998,118.98514285714285,248213,70,3545.9
2026-09-14 14:55:00,60,0.0,0.0,125.32,422.5059999999999,151.12,223160,60,3719.3333333333335
2026-09-14 14:56:00,64,0.0,0.0,131.485,275.55999999999995,142.8890625,151785,64,2371.640625
2026-09-14 14:57:00,65,0.03076923076923077,0.0,102.59,245.06399999999996,116.57015384615384,174342,65,2682.1846153846154
2026-09-14 14:58:00,54,0.0,0.0,109.5,230.18649999999988,112.69518518518518,196142,54,3632.259259259259
2026-09-14 14:59:00,59,0.01694915254237288,0.0,125.23,366.9569999999991,152.25135593220338,189143,59,3205.813559322034
2026-09-14 15:00:00,50,0.04,0.0,85.975,210.3575,109.0548,164402,50,3288.04
2026-09-14 15:01:00,64,0.015625,0.0,99.94,239.62749999999994,115.71828125,204943,64,3202.234375
2026-09-14 15:02:00,81,0.012345679012345678,0.0,98.82,254.14,120.0258024691358,235922,81,2912.617283950617
2026-09-14 15:03:00,55,0.0,0.0,120.13,266.9549999999999,134.55381818181817,228009,55,4145.618181818182
2026-09-14 15:04:00,65,0.03076923076923077,0.015384615384615385,128.62,277.294,142.21138461538462,203828,65,3135.8153846153846
2026-09-14 15:05:00,88,0.0,0.0,112.235,351.21699999999987,137.9196590909091,294741,88,3349.3295454545455
2026-09-14 15:06:00,85,0.011764705882352941,0.0,110.22,304.366,128.39011764705882,228095,85,2683.470588235294
2026-09-14 15:07:00,65,0.015384615384615385,0.0,114.22,369.04999999999995,139.57784615384614,225763,65,3473.276923076923
2026-09-14 15:08:00,67,0.0,0.0,111.56,241.34599999999998,131.33044776119402,231933,66,3461.686567164179
2026-09-14 15:09:00,71,0.014084507042253521,0.0,105.0,294.66,126.25253521126761,227791,71,3208.323943661972
2026-09-14 15:10:00,70,0.4,0.34285714285714286,208.575,624.2155,265.74042857142854,141930,70,2027.5714285714287
2026-09-14 15:11:00,61,0.4098360655737705,0.3114754098360656,177.47,731.51,234.64508196721312,134750,61,2209.0163934426228
2026-09-14 15:12:00,76,0.35526315789473684,0.34210526315789475,209.37,719.735,269.796447368421,188401,76,2478.9605263157896
2026-09-14 15:13:00,73,0.3424657534246575,0.3013698630136986,188.26,505.73799999999983,224.65561643835616,160938,73,2204.6301369863013
2026-09-14 15:14:00,62,0.3548387096774194,0.25806451612903225,198.65,507.255,223.02612903225807,134277,60,2165.7580645161293
2026-09-14 15:15:00,72,0.3888888888888889,0.3055555555555556,225.655,555.714,254.71916666666664,136287,72,1892.875
2026-09-14 15:16:00,66,0.4090909090909091,0.3484848484848485,217.33999999999997,575.09,269.5527272727273,161920,66,2453.3333333333335
2026-09-14 15:17:00,82,0.3170731707317073,0.2804878048780488,224.01,674.9940000000001,270.55341463414635,177186,82,2160.8048780487807
2026-09-14 15:18:00,67,0.3283582089552239,0.2537313432835821,232.49,654.2489999999995,263.8886567164179,182407,67,2722.492537313433
2026-09-14 15:19:00,65,0.3384615384615385,0.26153846153846155,197.3,548.1619999999998,230.494,150329,64,2312.753846153846
2026-09-14 15:20:00,80,0.45,0.4,220.29500000000002,602.0804999999999,271.8745,132727,80,1659.0875
2026-09-14 15:21:00,63,0.3968253968253968,0.3333333333333333,222.05,658.115,254.71015873015872,114181,63,1812.3968253968253
2026-09-14 15:22:00,72,0.4027777777777778,0.3472222222222222,219.755,703.4090000000001,277.20652777777775,134045,72,1861.736111111111
2026-09-14 15:23:00,63,0.31746031746031744,0.30158730158730157,203.4,608.6929999999999,235.08015873015873,196740,63,3122.8571428571427
2026-09-14 15:24:00,52,0.34615384615384615,0.28846153846153844,224.78,626.828,280.31538461538463,98139,52,1887.2884615384614
2026-09-14 15:25:00,79,0.379746835443038,0.3037974683544304,220.22,664.2509999999997,283.3081012658228,194246,79,2458.8101265822784
2026-09-14 15:26:00,66,0.3181818181818182,0.22727272727272727,219.85000000000002,638.145,270.90575757575755,157869,66,2391.9545454545455
2026-09-14 15:27:00,44,0.4090909090909091,0.36363636363636365,181.895,488.31100000000004,231.93386363636364,96621,44,2195.931818181818
2026-09-14 15:28:00,56,0.4107142857142857,0.3392857142857143,223.565,856.8375,296.3805357142857,112192,56,2003.4285714285713
2026-09-14 15:29:00,54,0.42592592592592593,0.37037037037037035,242.575,764.4299999999987,312.0085185185185,146763,54,2717.8333333333335
2026-09-14 15:30:00,76,0.0,0.0,104.25,218.48,115.46223684210526,234340,76,3083.4210526315787
2026-09-14 15:31:00,64,0.015625,0.0,117.905,217.37599999999998,127.0309375,210834,64,3294.28125
2026-09-14 15:32:00,67,0.0,0.0,85.02,273.7799999999998,113.22820895522388,190222,66,2839.134328358209
2026-09-14 15:33:00,69,0.0,0.0,112.08,311.1399999999999,121.56130434782608,197587,69,2863.5797101449275
2026-09-14 15:34:00,65,0.0,0.0,96.26,258.66799999999995,116.77461538461539,194421,65,2991.0923076923077
2026-09-14 15:35:00,67,0.014925373134328358,0.014925373134328358,103.96,237.82399999999998,116.0886567164179,193869,67,2893.5671641791046
2026-09-14 15:36:00,75,0.0,0.0,111.78,364.97799999999984,130.5124,257711,75,3436.1466666666665
2026-09-14 15:37:00,69,0.0,0.0,105.87,220.53199999999998,111.22130434782609,190274,69,2757.5942028985505
2026-09-14 15:38:00,48,0.0,0.0,95.64500000000001,273.409,118.51104166666666,161395,48,3362.3958333333335
2026-09-14 15:39:00,66,0.0,0.0,127.515,319.27000000000004,154.59530303030303,200746,66,3041.6060606060605
2026-09-14 15:40:00,67,0.014925373134328358,0.014925373134328358,81.66,275.5009999999998,113.33776119402985,191266,67,2854.716417910448
2026-09-14 15:41:00,69,0.014492753623188406,0.0,117.91,338.45799999999963,145.27855072463768,200751,69,2909.4347826086955
2026-09-14 15:42:00,66,0.0,0.0,101.025,238.08249999999998,113.8780303030303,181672,65,2752.6060606060605
2026-09-14 15:43:00,66,0.015151515151515152,0.0,101.815,296.53,128.31272727272727,188762,65,2860.030303030303
2026-09-14 15:44:00,52,0.0,0.0,105.85,384.26099999999985,146.9,124798,52,2399.9615384615386
2026-09-14 15:45:00,63,0.015873015873015872,0.0,99.19,250.91499999999994,115.71142857142857,159775,63,2536.1111111111113
2026-09-14 15:46:00,67,0.014925373134328358,0.0,85.46,234.51899999999995,101.77611940298507,236739,67,3533.417910447761
2026-09-14 15:47:00,61,0.0,0.0,101.16,271.1,130.81967213114754,182182,61,2986.590163934426
2026-09-14 15:48:00,65,0.0,0.0,98.11,222.702,114.59153846153846,209297,65,3219.9538461538464
2026-09-14 15:49:00,55,0.01818181818181818,0.0,113.39,384.01399999999967,149.94527272727274,185850,55,3379.090909090909
2026-09-14 15:50:00,64,0.0,0.0,104.34,293.20649999999995,127.64375,251810,64,3934.53125
2026-09-14 15:51:00,63,0.015873015873015872,0.0,103.64,337.288,131.21285714285713,210438,63,3340.285714285714
2026-09-14 15:52:00,76,0.013157894736842105,0.0,109.62,336.245,151.55973684210525,229620,76,3021.315789473684
2026-09-14 15:53:00,64,0.015625,0.015625,99.265,318.41149999999976,126.83,207896,64,3248.375
2026-09-14 15:54:00,59,0.0,0.0,130.55,411.8289999999999,157.08050847457628,168255,59,2851.7796610169494
2026-09-14 15:55:00,74,0.013513513513513514,0.0,108.56,252.6419999999998,118.75067567567567,219483,74,2965.9864864864867
2026-09-14 15:56:00,86,0.011627906976744186,0.0,109.46000000000001,300.71250000000003,134.5789534883721,294852,86,3428.5116279069766
2026-09-14 15:57:00,51,0.0392156862745098,0.0196078431372549,103.65,319.725,138.14039215686273,170690,51,3346.8627450980393
2026-09-14 15:58:00,69,0.0,0.0,126.77,338.868,144.4749275362319,215696,69,3126.0289855072465
2026-09-14 15:59:00,72,0.0,0.0,105.4,286.0545,125.90097222222224,262244,72,3642.277777777778
2026-09-14 16:00:00,55,0.01818181818181818,0.0,94.95,311.8539999999999,133.138,149795,55,2723.5454545454545
2026-09-14 16:01:00,74,0.0,0.0,105.18,324.7539999999995,134.02013513513512,245855,74,3322.364864864865
2026-09-14 16:02:00,61,0.01639344262295082,0.01639344262295082,104.07,259.34,121.35655737704919,207253,61,3397.590163934426
2026-09-14 16:03:00,88,0.011363636363636364,0.0,113.35,309.8979999999996,135.49670454545455,265375,88,3015.625
2026-09-14 16:04:00,58,0.034482758620689655,0.017241379310344827,98.745,216.946,106.2601724137931,200480,58,3456.551724137931
2026-09-14 16:05:00,70,0.0,0.0,110.75,324.66949999999974,130.46728571428574,239677,69,3423.957142857143
2026-09-14 16:06:00,57,0.0,0.0,103.87,273.5379999999997,126.26280701754385,196737,57,3451.5263157894738
2026-09-14 16:07:00,66,0.045454545454545456,0.030303030303030304,102.12,309.0675,128.52818181818182,177382,66,2687.6060606060605
2026-09-14 16:08:00,61,0.03278688524590164,0.0,106.43,249.18,128.1472131147541,157233,61,2577.590163934426
2026-09-14 16:09:00,62,0.0,0.0,102.205,325.851,133.48532258064517,182729,62,2947.2419354838707
2026-09-14 16:10:00,59,0.0,0.0,123.7,291.19899999999996,148.555593220339,194616,59,3298.576271186441
2026-09-14 16:11:00,64,0.03125,0.0,116.25,256.4405,125.13328125,165717,64,2589.328125
2026-09-14 16:12:00,59,0.01694915254237288,0.0,108.4,273.2589999999998,121.9277966101695,171896,59,2913.491525423729
2026-09-14 16:13:00,71,0.0,0.0,103.93,304.605,124.8881690140845,204230,71,2876.478873239437
2026-09-14 16:14:00,75,0.0,0.0,98.48,265.00799999999987,121.7756,320501,75,4273.346666666666
2026-09-14 16:15:00,86,0.0,0.0,98.185,270.2325,122.40453488372094,330520,86,3843.2558139534885
2026-09-14 16:16:00,65,0.0,0.0,111.25,304.52,133.47953846153845,158665,64,2441.0
2026-09-14 16:17:00,79,0.012658227848101266,0.0,98.41,282.53699999999986,131.0292405063291,244843,79,3099.278481012658
2026-09-14 16:18:00,69,0.028985507246376812,0.0,98.31,254.25199999999987,124.77463768115943,239085,69,3465.0
2026-09-14 16:19:00,62,0.0,0.0,96.02000000000001,254.59099999999992,113.75596774193548,189177,62,3051.2419354838707
2026-09-14 16:20:00,48,0.0,0.0,117.245,287.03749999999997,140.76229166666667,138939,48,2894.5625
2026-09-14 16:21:00,72,0.0,0.0,108.41,309.60150000000004,132.98791666666665,229250,72,3184.027777777778
2026-09-14 16:22:00,79,0.02531645569620253,0.012658227848101266,116.48,355.728,143.13443037974682,231950,79,2936.0759493670885
2026-09-14 16:23:00,59,0.0,0.0,95.79,256.91499999999996,115.02118644067797,180118,59,3052.8474576271187
2026-09-14 16:24:00,46,0.021739130434782608,0.0,98.475,368.12,150.02891304347827,144866,46,3149.2608695652175
2026-09-14 16:25:00,59,0.0,0.0,101.45,262.33099999999996,111.84694915254238,203027,59,3441.135593220339
2026-09-14 16:26:00,60,0.016666666666666666,0.0,104.64,357.5964999999999,134.465,162486,60,2708.1
2026-09-14 16:27:00,72,0.013888888888888888,0.0,126.91999999999999,272.1000000000001,139.87555555555556,193322,72,2685.027777777778
2026-09-14 16:28:00,60,0.016666666666666666,0.0,107.025,294.3545,126.47399999999999,223928,59,3732.133333333333
2026-09-14 16:29:00,65,0.015384615384615385,0.0,100.26,269.34000000000003,115.93615384615386,181889,65,2798.2923076923075
2026-09-14 16:30:00,63,0.015873015873015872,0.0,100.14,293.9219999999999,119.89222222222222,186500,63,2960.3174603174602
2026-09-14 16:31:00,77,0.012987012987012988,0.0,95.12,213.66200000000018,109.92441558441558,232466,76,3019.038961038961
2026-09-14 16:32:00,59,0.0,0.0,112.34,366.0729999999999,136.3228813559322,168091,59,2849.0
2026-09-14 16:33:00,74,0.0,0.0,104.185,250.8729999999999,114.47824324324324,229295,74,3098.5810810810813
2026-09-14 16:34:00,58,0.0,0.0,94.515,283.9085,120.3744827586207,150581,58,2596.2241379310344
2026-09-14 16:35:00,65,0.0,0.0,103.28,270.80399999999986,119.46199999999999,214622,65,3301.876923076923
2026-09-14 16:36:00,65,0.015384615384615385,0.0,108.47,262.6039999999999,125.97769230769231,194885,65,2998.230769230769
2026-09-14 16:37:00,61,0.01639344262295082,0.01639344262295082,102.87,339.57,130.8050819672131,163374,61,2678.2622950819673
2026-09-14 16:38:00,54,0.0,0.0,96.44,386.24299999999954,135.94611111111112,155094,54,2872.1111111111113
2026-09-14 16:39:00,57,0.0,0.0,100.86,249.6219999999999,124.28999999999999,188356,57,3304.4912280701756
2026-09-14 16:40:00,55,0.0,0.0,117.08,319.4279999999998,138.39472727272727,146365,55,2661.181818181818
2026-09-14 16:41:00,61,0.0,0.0,102.55,238.55,113.69836065573772,184733,61,3028.409836065574
2026-09-14 16:42:00,80,0.0,0.0,126.325,357.893,154.337125,228526,80,2856.575
2026-09-14 16:43:00,54,0.0,0.0,94.84,234.78749999999988,103.98018518518519,157848,54,2923.1111111111113
2026-09-14 16:44:00,56,0.0,0.0,109.84,318.33500000000004,133.10232142857143,193198,56,3449.964285714286
2026-09-14 16:45:00,72,0.013888888888888888,0.013888888888888888,100.48,300.87000000000006,125.05319444444444,249889,72,3470.6805555555557
2026-09-14 16:46:00,58,0.0,0.0,100.68,347.4135,123.10379310344828,154859,58,2669.9827586206898
2026-09-14 16:47:00,75,0.013333333333333334,0.013333333333333334,112.91,305.361,127.99333333333334,219866,75,2931.5466666666666
2026-09-14 16:48:00,74,0.0,0.0,112.78,324.1465,141.49054054054054,218806,74,2956.837837837838
2026-09-14 16:49:00,62,0.016129032258064516,0.016129032258064516,111.02000000000001,288.1749999999999,127.19,216987,62,3499.7903225806454
2026-09-14 16:50:00,65,0.0,0.0,120.19,314.0919999999999,140.8653846153846,166370,65,2559.5384615384614
2026-09-14 16:51:00,68,0.014705882352941176,0.0,113.515,352.6434999999999,147.97367647058823,216610,68,3185.4411764705883
2026-09-14 16:52:00,70,0.0,0.0,98.465,330.6045,115.18528571428571,198808,70,2840.114285714286
2026-09-14 16:53:00,64,0.03125,0.0,114.83,292.347,136.498125,185404,64,2896.9375
2026-09-14 16:54:00,61,0.01639344262295082,0.0,111.41,281.38,129.15524590163935,163423,61,2679.065573770492
2026-09-14 16:55:00,72,0.027777777777777776,0.013888888888888888,108.39,331.46100000000007,143.06819444444443,186066,72,2584.25
2026-09-14 16:56:00,66,0.0,0.0,141.36,297.6975,155.1060606060606,186867,66,2831.318181818182
2026-09-14 16:57:00,65,0.0,0.0,103.32,264.4719999999999,114.1576923076923,207471,65,3191.8615384615387
2026-09-14 16:58:00,47,0.02127659574468085,0.0,105.38,381.24299999999994,141.45468085106384,140455,47,2988.404255319149
2026-09-14 16:59:00,58,0.0,0.0,92.71000000000001,315.23900000000003,124.355,169732,58,2926.4137931034484
2026-09-14 17:00:00,40,0.0,0.0,102.025,311.0855,117.7775,122166,40,3054.15
2026-09-14 17:01:00,55,0.01818181818181818,0.01818181818181818,108.12,279.71699999999987,134.95945454545455,192497,55,3499.9454545454546
2026-09-14 17:02:00,76,0.013157894736842105,0.0,118.045,261.1925,130.28052631578947,205489,76,2703.8026315789475
2026-09-14 17:03:00,71,0.0,0.0,114.69,322.03,141.5292957746479,181215,71,2552.323943661972
2026-09-14 17:04:00,70,0.014285714285714285,0.0,110.155,277.03749999999997,125.39800000000001,232472,70,3321.0285714285715
2026-09-14 17:05:00,53,0.0,0.0,83.18,329.1699999999999,115.42735849056604,191925,53,3621.2264150943397
2026-09-14 17:06:00,58,0.017241379310344827,0.0,91.71000000000001,224.79549999999995,108.7701724137931,153100,58,2639.655172413793
2026-09-14 17:07:00,73,0.0273972602739726,0.0,108.44,288.0859999999999,132.25671232876712,227516,73,3116.6575342465753
2026-09-14 17:08:00,66,0.030303030303030304,0.015151515151515152,95.12,350.96000000000004,131.86060606060605,207745,66,3147.651515151515
2026-09-14 17:09:00,55,0.01818181818181818,0.01818181818181818,117.32,296.68799999999993,136.36054545454544,163756,55,2977.3818181818183
2026-09-14 17:10:00,60,0.0,0.0,111.695,395.566,151.55783333333332,165850,60,2764.1666666666665
2026-09-14 17:11:00,53,0.018867924528301886,0.018867924528301886,100.64,355.756,129.41679245283018,155973,53,2942.8867924528304
2026-09-14 17:12:00,70,0.014285714285714285,0.0,102.71000000000001,315.00199999999995,127.12985714285715,240144,70,3430.6285714285714
2026-09-14 17:13:00,44,0.0,0.0,110.505,276.9945,133.54545454545453,154961,43,3521.840909090909
2026-09-14 17:14:00,64,0.03125,0.015625,112.895,293.84199999999987,129.16234375,202172,64,3158.9375
2026-09-14 17:15:00,60,0.0,0.0,115.83500000000001,314.388,141.3375,183129,60,3052.15
2026-09-14 17:16:00,63,0.0,0.0,127.76,370.767,147.14190476190478,183813,63,2917.6666666666665
2026-09-14 17:17:00,56,0.0,0.0,108.63,313.425,132.32035714285715,175087,56,3126.5535714285716
2026-09-14 17:18:00,53,0.03773584905660377,0.018867924528301886,114.0,264.23,127.42,172512,53,3254.943396226415
2026-09-14 17:19:00,50,0.02,0.0,104.57499999999999,241.7424999999999,140.8434,148468,50,2969.36
2026-09-14 17:20:00,64,0.015625,0.0,121.36000000000001,343.88049999999976,147.9015625,179083,64,2798.171875
2026-09-14 17:21:00,52,0.0,0.0,98.58,259.784,123.03461538461539,196356,52,3776.076923076923
2026-09-14 17:22:00,61,0.0,0.0,117.89,333.88,156.56918032786888,211507,61,3467.3278688524592
2026-09-14 17:23:00,9,0.0,0.0,116.19,199.03799999999998,127.92,24039,9,2671.0
2026-09-14 17:24:00,11,0.0,0.0,72.09,386.275,131.41181818181818,32486,11,2953.2727272727275
2026-09-14 17:25:00,5,0.0,0.0,47.2,222.97199999999998,104.67999999999999,19285,5,3857.0
2026-09-14 17:26:00,7,0.0,0.0,101.46,161.58599999999996,101.80571428571429,19956,7,2850.8571428571427
2026-09-14 17:27:00,8,0.0,0.0,150.885,259.77299999999997,156.3575,28842,8,3605.25
2026-09-14 17:28:00,10,0.0,0.0,165.495,261.5875,150.64600000000002,26271,10,2627.1
2026-09-14 17:29:00,8,0.0,0.0,169.97,238.346,167.25375,21386,8,2673.25
2026-09-14 17:30:00,3,0.0,0.0,142.49,174.53,149.25,6811,3,2270.3333333333335
2026-09-14 17:31:00,2,0.0,0.0,181.72,308.251,181.72,7706,2,3853.0
2026-09-14 17:32:00,6,0.0,0.0,125.65,322.885,172.285,17253,6,2875.5
2026-09-14 17:33:00,2,0.0,0.0,40.34,43.516999999999996,40.34,8478,2,4239.0
2026-09-14 17:34:00,10,0.0,0.0,87.075,153.56949999999995,92.474,35230,10,3523.0
2026-09-14 17:35:00,59,0.05084745762711865,0.0,110.4,347.3109999999998,144.704406779661,145331,59,2463.237288135593
2026-09-14 17:36:00,52,0.0,0.0,107.56,313.75499999999994,129.71153846153845,148006,52,2846.269230769231
2026-09-14 17:37:00,77,0.025974025974025976,0.0,127.28,308.17800000000005,143.13454545454547,268601,76,3488.3246753246754
2026-09-14 17:38:00,64,0.0,0.0,128.615,286.04999999999984,139.9190625,207412,64,3240.8125
2026-09-14 17:39:00,51,0.0196078431372549,0.0,120.88,238.99,128.97960784313725,154518,51,3029.764705882353
2026-09-14 17:40:00,56,0.0,0.0,124.63,262.7175,143.70928571428573,200858,55,3586.75
2026-09-14 17:41:00,55,0.05454545454545454,0.0,112.39,265.44599999999986,129.996,170785,54,3105.181818181818
2026-09-14 17:42:00,61,0.01639344262295082,0.01639344262295082,124.58,308.93,145.38442622950822,149334,61,2448.098360655738
2026-09-14 17:43:00,56,0.03571428571428571,0.017857142857142856,111.355,363.66,141.60767857142858,149017,56,2661.0178571428573
2026-09-14 17:44:00,55,0.0,0.0,117.75,336.9109999999999,142.06163636363638,133121,55,2420.3818181818183
2026-09-14 17:45:00,68,0.014705882352941176,0.0,94.535,288.49449999999996,121.60161764705882,196987,68,2896.8676470588234
2026-09-14 17:46:00,73,0.0136986301369863,0.0136986301369863,120.45,264.8959999999997,130.43356164383562,216878,73,2970.931506849315
2026-09-14 17:47:00,71,0.0,0.0,106.08,247.3,114.85929577464789,236919,71,3336.887323943662
2026-09-14 17:48:00,63,0.0,0.0,100.51,287.18999999999994,126.02396825396826,165162,63,2621.6190476190477
2026-09-14 17:49:00,63,0.0,0.0,107.63,351.288,137.37873015873018,181012,63,2873.2063492063494
2026-09-14 17:50:00,68,0.0,0.0,98.32,308.4865,122.70367647058823,226456,68,3330.235294117647
2026-09-14 17:51:00,65,0.0,0.0,111.06,286.33399999999995,135.13476923076922,224519,65,3454.1384615384613
2026-09-14 17:52:00,44,0.0,0.0,126.66,274.216,140.52727272727273,113949,44,2589.75
2026-09-14 17:53:00,55,0.0,0.0,122.54,280.99899999999985,135.4632727272727,167157,55,3039.2181818181816
2026-09-14 17:54:00,47,0.0,0.0,126.13,280.22099999999995,136.3991489361702,140552,47,2990.468085106383
2026-09-14 17:55:00,49,0.0,0.0,89.01,266.84799999999973,114.96326530612245,152095,49,3103.9795918367345
2026-09-14 17:56:00,51,0.0,0.0,114.4,334.9,144.39313725490197,176989,51,3470.372549019608
2026-09-14 17:57:00,56,0.017857142857142856,0.0,111.94,243.505,132.4544642857143,177139,56,3163.1964285714284
2026-09-14 17:58:00,57,0.017543859649122806,0.0,103.47,229.632,110.60280701754385,145013,57,2544.0877192982457
2026-09-14 17:59:00,45,0.0,0.0,118.45,260.618,123.99266666666666,117362,45,2608.0444444444443
2026-09-14 18:00:00,75,0.02666666666666667,0.02666666666666667,93.67,316.27799999999996,121.10466666666667,200676,75,2675.68
2026-09-14 18:01:00,76,0.0,0.0,109.85,281.08,134.1682894736842,250057,76,3290.2236842105262
2026-09-14 18:02:00,38,0.0,0.0,123.18,261.20349999999996,134.27947368421053,103341,38,2719.5
2026-09-14 18:03:00,49,0.04081632653061224,0.0,113.19,293.34599999999995,151.71836734693878,150562,49,3072.6938775510203
2026-09-14 18:04:00,59,0.0,0.0,126.27,362.45399999999955,152.70525423728816,199492,59,3381.2203389830506
2026-09-14 18:05:00,53,0.0,0.0,100.38,268.938,132.20811320754717,162435,53,3064.811320754717
2026-09-14 18:06:00,55,0.0,0.0,110.75,342.2199999999998,136.482,152536,55,2773.3818181818183
2026-09-14 18:07:00,58,0.0,0.0,111.98,244.43549999999996,111.09913793103448,182246,58,3142.1724137931033
2026-09-14 18:08:00,65,0.015384615384615385,0.0,83.32,267.1159999999998,104.7643076923077,208926,65,3214.246153846154
2026-09-14 18:09:00,43,0.023255813953488372,0.0,99.11,300.1719999999999,120.69813953488374,129442,43,3010.279069767442
2026-09-14 18:10:00,61,0.03278688524590164,0.01639344262295082,121.28,276.38,130.21672131147542,182554,61,2992.688524590164
2026-09-14 18:11:00,56,0.0,0.0,93.21000000000001,279.50750000000005,117.09910714285715,158508,56,2830.5
2026-09-14 18:12:00,82,0.024390243902439025,0.0,92.945,325.90650000000016,124.39048780487805,261782,82,3192.4634146341464
2026-09-14 18:13:00,64,0.015625,0.0,110.53,268.2144999999999,128.58125,191411,64,2990.796875
2026-09-14 18:14:00,43,0.0,0.0,113.26,294.53899999999993,132.45162790697674,121459,43,2824.6279069767443
2026-09-14 18:15:00,59,0.0,0.0,112.62,283.0929999999994,133.1250847457627,204659,59,3468.7966101694915
2026-09-14 18:16:00,39,0.0,0.0,120.86,261.69500000000005,124.77307692307691,145035,39,3718.846153846154
2026-09-14 18:17:00,47,0.02127659574468085,0.0,99.44,351.45599999999996,147.8731914893617,143881,47,3061.2978723404253
2026-09-14 18:18:00,58,0.017241379310344827,0.017241379310344827,103.44,240.74899999999997,118.34034482758621,140686,58,2425.6206896551726
2026-09-14 18:19:00,47,0.0,0.0,117.49,287.67299999999994,127.96,146167,47,3109.936170212766
2026-09-14 18:20:00,52,0.019230769230769232,0.0,116.665,276.02699999999993,132.80846153846153,142368,52,2737.846153846154
2026-09-14 18:21:00,50,0.02,0.0,97.705,252.32749999999996,127.955,121354,50,2427.08
2026-09-14 18:22:00,61,0.01639344262295082,0.0,100.65,285.99,124.58081967213116,211405,61,3465.655737704918
2026-09-14 18:23:00,58,0.0,0.0,112.47999999999999,359.863,140.57068965517243,176302,58,3039.689655172414
2026-09-14 18:24:00,70,0.014285714285714285,0.0,116.41,281.11049999999994,135.50657142857142,215620,70,3080.285714285714
2026-09-14 18:25:00,56,0.017857142857142856,0.0,108.58500000000001,253.4875,121.44982142857144,160196,56,2860.6428571428573
2026-09-14 18:26:00,47,0.02127659574468085,0.0,100.75,436.9019999999996,142.93148936170212,157503,47,3351.127659574468
2026-09-14 18:27:00,64,0.0,0.0,95.13,312.11699999999996,134.43328125,215137,64,3361.515625
2026-09-14 18:28:00,65,0.015384615384615385,0.0,115.75,257.62999999999994,126.22092307692309,215315,65,3312.5384615384614
2026-09-14 18:29:00,63,0.015873015873015872,0.0,110.26,262.798,124.7252380952381,175674,63,2788.4761904761904
2026-09-14 18:30:00,59,0.01694915254237288,0.0,109.23,253.04899999999972,119.81864406779661,164851,59,2794.084745762712
2026-09-14 18:31:00,62,0.016129032258064516,0.0,98.82,333.0994999999999,130.85709677419356,183951,62,2966.951612903226
2026-09-14 18:32:00,51,0.0,0.0,112.5,259.485,123.04352941176471,149990,51,2940.9803921568628
2026-09-14 18:33:00,47,0.0,0.0,93.58,317.596,131.73659574468084,166964,47,3552.425531914894
2026-09-14 18:34:00,43,0.0,0.0,147.76,358.21799999999996,158.7786046511628,121227,43,2819.232558139535
2026-09-14 18:35:00,61,0.01639344262295082,0.01639344262295082,95.04,362.83,145.6383606557377,228323,61,3743.0
2026-09-14 18:36:00,48,0.0,0.0,115.54,243.9905,118.93124999999999,129919,48,2706.6458333333335
2026-09-14 18:37:00,57,0.017543859649122806,0.0,90.05,315.6599999999998,125.35070175438597,174681,57,3064.5789473684213
2026-09-14 18:38:00,51,0.0,0.0,101.98,248.005,115.7664705882353,163962,51,3214.9411764705883
2026-09-14 18:39:00,46,0.0,0.0,103.13,271.2625,132.53347826086957,127964,46,2781.8260869565215
2026-09-14 18:40:00,50,0.02,0.0,104.00999999999999,226.2609999999999,109.0034,171404,49,3428.08
2026-09-14 18:41:00,65,0.03076923076923077,0.0,111.83,258.44999999999993,126.96692307692308,197319,65,3035.6769230769232
2026-09-14 18:42:00,67,0.029850746268656716,0.014925373134328358,119.42,250.28699999999986,120.23731343283583,193956,66,2894.865671641791
2026-09-14 18:43:00,48,0.0,0.0,92.965,261.026,125.75375000000001,133468,48,2780.5833333333335
2026-09-14 18:44:00,64,0.046875,0.0,121.755,276.224,142.31015625,146271,64,2285.484375
2026-09-14 18:45:00,59,0.01694915254237288,0.01694915254237288,113.23,257.1959999999998,121.86610169491526,161893,59,2743.9491525423728
2026-09-14 18:46:00,61,0.0,0.0,98.86,310.09,125.05131147540983,184817,61,3029.7868852459014
2026-09-14 18:47:00,48,0.0,0.0,118.29499999999999,327.5555,133.351875,160171,48,3336.8958333333335
2026-09-14 18:48:00,50,0.0,0.0,106.0,267.2069999999999,122.7308,169064,50,3381.28
2026-09-14 18:49:00,54,0.0,0.0,106.88999999999999,305.56149999999946,142.81351851851852,165287,54,3060.8703703703704
2026-09-14 18:50:00,59,0.01694915254237288,0.01694915254237288,111.95,322.63399999999956,133.96016949152542,180459,59,3058.6271186440677
2026-09-14 18:51:00,50,0.0,0.0,104.95,259.2624999999999,112.5802,150349,49,3006.98
2026-09-14 18:52:00,58,0.0,0.0,107.27,308.0109999999999,136.28362068965518,200214,58,3451.9655172413795
2026-09-14 18:53:00,72,0.0,0.0,122.215,354.9155,148.14083333333332,248050,72,3445.1388888888887
2026-09-14 18:54:00,51,0.0,0.0,105.61,265.79499999999996,135.24549019607844,143464,51,2813.0196078431372
2026-09-14 18:55:00,57,0.03508771929824561,0.017543859649122806,107.33,315.7819999999995,142.7398245614035,171899,57,3015.7719298245615
2026-09-14 18:56:00,47,0.0,0.0,96.79,240.743,111.75127659574468,144329,47,3070.8297872340427
2026-09-14 18:57:00,62,0.0,0.0,110.96000000000001,283.73949999999996,135.85096774193548,172943,61,2789.4032258064517
2026-09-14 18:58:00,64,0.015625,0.0,109.705,274.1524999999998,134.04734375,195546,64,3055.40625
2026-09-14 18:59:00,64,0.0,0.0,112.225,265.597,130.5321875,189227,64,2956.671875
2026-09-14 19:00:00,61,0.0,0.0,135.47,331.82,156.34131147540984,210866,61,3456.8196721311474
2026-09-14 19:01:00,50,0.0,0.0,123.66,301.549,137.8282,175596,50,3511.92
2026-09-14 19:02:00,58,0.034482758620689655,0.0,90.025,212.17249999999999,103.36965517241379,179167,58,3089.0862068965516
2026-09-14 19:03:00,41,0.0,0.0,96.58,297.43,121.00170731707317,115513,41,2817.390243902439
2026-09-14 19:04:00,52,0.0,0.0,97.31,275.166,124.84384615384616,159041,52,3058.480769230769
2026-09-14 19:05:00,53,0.018867924528301886,0.0,109.92,304.634,126.39,173491,53,3273.4150943396226
2026-09-14 19:06:00,47,0.0,0.0,126.78,337.6299999999999,149.92148936170213,133285,47,2835.851063829787
2026-09-14 19:07:00,46,0.0,0.0,105.44,314.08000000000004,119.4858695652174,148126,46,3220.1304347826085
2026-09-14 19:08:00,69,0.043478260869565216,0.028985507246376812,111.9,357.41799999999995,139.84492753623186,213862,69,3099.449275362319
2026-09-14 19:09:00,53,0.0,0.0,112.15,326.356,136.19207547169813,184890,53,3488.490566037736
2026-09-14 19:10:00,56,0.017857142857142856,0.017857142857142856,105.52000000000001,219.16750000000002,114.38714285714286,164776,56,2942.4285714285716
2026-09-14 19:11:00,62,0.016129032258064516,0.016129032258064516,133.0,346.16299999999984,138.58209677419356,190926,62,3079.451612903226
2026-09-14 19:12:00,61,0.0,0.0,115.72,333.54,141.71360655737706,159050,61,2607.377049180328
2026-09-14 19:13:00,67,0.0,0.0,103.7,251.52499999999998,121.63432835820896,188068,67,2806.9850746268658
2026-09-14 19:14:00,58,0.0,0.0,101.285,241.92349999999993,117.00948275862069,169119,58,2915.844827586207
2026-09-14 19:15:00,48,0.0,0.0,112.245,254.69449999999998,118.75895833333334,146982,48,3062.125
2026-09-14 19:16:00,64,0.0,0.0,112.75999999999999,426.7179999999999,143.15765625,185715,64,2901.796875
2026-09-14 19:17:00,63,0.0,0.0,91.88,280.763,119.24952380952381,178866,63,2839.1428571428573
2026-09-14 19:18:00,57,0.017543859649122806,0.0,108.76,268.3619999999998,127.08947368421052,178961,57,3139.6666666666665
2026-09-14 19:19:00,50,0.02,0.0,98.225,332.22549999999984,125.35959999999999,147155,50,2943.1
2026-09-14 19:20:00,51,0.0,0.0,104.88,260.08500000000004,114.85725490196079,167369,51,3281.7450980392155
2026-09-14 19:21:00,41,0.024390243902439025,0.024390243902439025,113.56,360.87,150.43073170731708,116552,41,2842.731707317073
2026-09-14 19:22:00,57,0.03508771929824561,0.017543859649122806,111.04,460.54599999999954,149.72842105263157,178023,57,3123.2105263157896
2026-09-14 19:23:00,49,0.02040816326530612,0.0,133.11,268.91999999999973,133.74489795918367,137739,49,2811.0
2026-09-14 19:24:00,68,0.0,0.0,136.57,349.823,155.22441176470588,204910,67,3013.3823529411766
2026-09-14 19:25:00,49,0.04081632653061224,0.02040816326530612,110.85,227.15399999999997,116.45061224489795,137458,48,2805.265306122449
2026-09-14 19:26:00,66,0.030303030303030304,0.0,120.205,369.025,143.03878787878787,171421,66,2597.287878787879
2026-09-14 19:27:00,52,0.019230769230769232,0.019230769230769232,112.59,261.96999999999986,128.6151923076923,162268,52,3120.5384615384614
2026-09-14 19:28:00,35,0.02857142857142857,0.0,116.34,239.44899999999998,125.98857142857143,123515,35,3529.0
2026-09-14 19:29:00,46,0.0,0.0,113.95500000000001,338.015,145.5530434782609,146576,46,3186.4347826086955
2026-09-14 19:30:00,58,0.0,0.0,123.56,335.95649999999995,140.69051724137933,174781,58,3013.4655172413795
2026-09-14 19:31:00,40,0.0,0.0,96.11,308.7714999999999,121.03225,114350,40,2858.75
2026-09-14 19:32:00,52,0.0,0.0,112.055,294.0385,132.1546153846154,141932,52,2729.4615384615386
2026-09-14 19:33:00,53,0.018867924528301886,0.0,102.15,313.866,129.96924528301886,189173,53,3569.301886792453
2026-09-14 19:34:00,42,0.0,0.0,92.095,363.3069999999996,123.12595238095238,108753,42,2589.3571428571427
2026-09-14 19:35:00,58,0.0,0.0,89.24000000000001,256.00449999999995,109.11120689655172,181843,58,3135.2241379310344
2026-09-14 19:36:00,46,0.043478260869565216,0.0,83.25,219.07,101.70413043478261,138495,46,3010.7608695652175
2026-09-14 19:37:00,42,0.0,0.0,101.52,269.24499999999995,127.86119047619047,122706,42,2921.5714285714284
2026-09-14 19:38:00,47,0.0,0.0,105.22,259.86899999999997,126.57425531914893,147699,47,3142.531914893617
2026-09-14 19:39:00,58,0.0,0.0,112.58500000000001,347.28249999999997,140.34810344827588,184221,58,3176.2241379310344
2026-09-14 19:40:00,40,0.0,0.0,117.09,261.5989999999999,131.51,117696,39,2942.4
2026-09-14 19:41:00,47,0.0,0.0,95.96,232.85899999999992,112.39255319148936,122080,47,2597.446808510638
2026-09-14 19:42:00,66,0.0,0.0,117.69,312.9375,150.86666666666667,200699,66,3040.8939393939395
2026-09-14 19:43:00,44,0.0,0.0,99.655,303.29850000000005,127.41818181818181,145183,43,3299.6136363636365
2026-09-14 19:44:00,61,0.0,0.0,109.99,313.13,134.70065573770492,171821,61,2816.7377049180327
2026-09-14 19:45:00,73,0.0136986301369863,0.0136986301369863,115.06,349.6959999999992,145.37698630136987,249001,73,3410.972602739726
2026-09-14 19:46:00,51,0.0196078431372549,0.0,100.47,292.59,122.08647058823529,153365,51,3007.156862745098
2026-09-14 19:47:00,50,0.0,0.0,110.51499999999999,433.449,172.6196,140584,50,2811.68
2026-09-14 19:48:00,49,0.0,0.0,106.53,270.71599999999984,122.00061224489795,152953,49,3121.4897959183672
2026-09-14 19:49:00,59,0.03389830508474576,0.0,123.76,348.13099999999974,152.75661016949152,176351,59,2989.0
2026-09-14 19:50:00,51,0.0,0.0,106.53,238.975,118.18058823529412,179866,51,3526.7843137254904
2026-09-14 19:51:00,49,0.04081632653061224,0.0,103.79,262.94399999999996,120.47367346938776,146672,49,2993.3061224489797
2026-09-14 19:52:00,54,0.0,0.0,132.695,335.1974999999998,148.4312962962963,156171,54,2892.0555555555557
2026-09-14 19:53:00,51,0.0392156862745098,0.0,103.18,319.485,133.94196078431372,148519,51,2912.1372549019607
2026-09-14 19:54:00,46,0.0,0.0,102.33500000000001,276.6075,125.53326086956521,150464,46,3270.9565217391305
2026-09-14 19:55:00,39,0.0,0.0,112.37,313.8090000000002,138.4146153846154,134745,39,3455.0
2026-09-14 19:56:00,33,0.0,0.0,109.79,238.88599999999997,121.71787878787879,120199,33,3642.3939393939395
2026-09-14 19:57:00,40,0.0,0.0,88.35499999999999,226.319,101.73275,109704,40,2742.6
2026-09-14 19:58:00,54,0.0,0.0,110.235,247.9934999999999,114.37722222222222,126683,54,2345.9814814814813
2026-09-14 19:59:00,44,0.0,0.0,116.685,341.49150000000003,140.24409090909091,147250,44,3346.590909090909
2026-09-14 20:00:00,33,0.030303030303030304,0.0,144.03,345.99199999999996,153.71727272727273,96687,33,2929.909090909091
2026-09-14 20:01:00,52,0.019230769230769232,0.0,98.36500000000001,305.7225,116.68442307692308,171637,52,3300.7115384615386
2026-09-14 20:02:00,51,0.0196078431372549,0.0196078431372549,96.82,254.165,112.58078431372549,154827,51,3035.823529411765
2026-09-14 20:03:00,65,0.0,0.0,108.13,349.4879999999997,134.5376923076923,217296,65,3343.0153846153844
2026-09-14 20:04:00,56,0.017857142857142856,0.0,92.215,322.5625,128.47535714285715,167543,55,2991.839285714286
2026-09-14 20:05:00,54,0.018518518518518517,0.018518518518518517,130.925,292.3209999999997,144.22462962962962,148085,53,2742.314814814815
2026-09-14 20:06:00,53,0.05660377358490566,0.03773584905660377,104.18,260.20799999999997,129.25037735849057,175004,53,3301.9622641509436
2026-09-14 20:07:00,32,0.0,0.0,110.75,255.695,127.91375,107750,32,3367.1875
2026-09-14 20:08:00,66,0.015151515151515152,0.0,113.67500000000001,263.69,132.9313636363636,215344,66,3262.787878787879
2026-09-14 20:09:00,56,0.0,0.0,115.38,242.6925,122.66875,181562,56,3242.1785714285716
2026-09-14 20:10:00,38,0.0,0.0,91.31,259.5534999999999,118.21605263157895,115456,38,3038.315789473684
2026-09-14 20:11:00,40,0.05,0.0,92.465,262.28849999999994,121.16225,124606,40,3115.15
2026-09-14 20:12:00,49,0.0,0.0,112.95,275.604,126.65673469387755,152825,49,3118.877551020408
2026-09-14 20:13:00,51,0.0,0.0,107.87,261.65,121.70980392156862,125408,51,2458.9803921568628
2026-09-14 20:14:00,57,0.017543859649122806,0.0,98.2,346.00799999999936,135.3515789473684,177571,56,3115.280701754386
2026-09-14 20:15:00,29,0.0,0.0,150.88,350.3299999999998,169.98896551724138,79769,29,2750.655172413793
2026-09-14 20:16:00,53,0.0,0.0,117.38,235.64,129.63603773584904,171184,53,3229.8867924528304
2026-09-14 20:17:00,42,0.023809523809523808,0.0,74.16,226.10549999999967,90.71904761904761,136185,42,3242.5
2026-09-14 20:18:00,48,0.020833333333333332,0.0,115.61,265.07300000000004,118.18333333333334,158883,48,3310.0625
2026-09-14 20:19:00,38,0.0,0.0,108.75,283.96599999999995,119.69368421052631,107576,38,2830.9473684210525
2026-09-14 20:20:00,38,0.0,0.0,122.53,374.2699999999999,170.80157894736843,122905,38,3234.342105263158
2026-09-14 20:21:00,64,0.0,0.0,118.97999999999999,296.07349999999997,136.348125,211559,64,3305.609375
2026-09-14 20:22:00,30,0.0,0.0,103.215,396.5124999999995,156.86133333333333,92833,30,3094.4333333333334
2026-09-14 20:23:00,38,0.0,0.0,110.025,227.26449999999988,120.4663157894737,104356,38,2746.2105263157896
2026-09-14 20:24:00,42,0.023809523809523808,0.0,148.595,332.14349999999985,154.94642857142858,158480,42,3773.3333333333335
2026-09-14 20:25:00,36,0.027777777777777776,0.0,131.735,236.2775,139.18083333333334,133283,36,3702.3055555555557
2026-09-14 20:26:00,37,0.02702702702702703,0.0,80.72,203.83399999999955,100.76351351351352,100278,37,2710.2162162162163
2026-09-14 20:27:00,37,0.05405405405405406,0.02702702702702703,122.29,331.21799999999917,146.85756756756754,101417,37,2741.0
2026-09-14 20:28:00,41,0.0,0.0,92.8,364.89,137.1880487804878,143338,41,3496.048780487805
2026-09-14 20:29:00,50,0.0,0.0,118.945,274.15449999999987,134.1326,144245,50,2884.9
2026-09-14 20:30:00,46,0.0,0.0,110.935,257.35249999999996,123.12673913043479,150650,46,3275.0
2026-09-14 20:31:00,46,0.0,0.0,94.63,220.8925,109.17304347826087,133200,46,2895.6521739130435
2026-09-14 20:32:00,51,0.0,0.0,98.63,293.78499999999997,116.46176470588236,129398,51,2537.2156862745096
2026-09-14 20:33:00,60,0.03333333333333333,0.0,111.505,260.45299999999986,133.82416666666666,179326,60,2988.766666666667
2026-09-14 20:34:00,45,0.0,0.0,126.36,233.67999999999998,123.74822222222222,150125,45,3336.1111111111113
2026-09-14 20:35:00,44,0.0,0.0,86.83,227.54900000000004,106.83931818181819,138876,44,3156.2727272727275
2026-09-14 20:36:00,54,0.0,0.0,89.19,317.9514999999999,113.20907407407407,138412,54,2563.185185185185
2026-09-14 20:37:00,51,0.0,0.0,111.77,410.83000000000004,142.93627450980392,161819,51,3172.921568627451
2026-09-14 20:38:00,54,0.0,0.0,118.405,268.4045,128.11666666666667,157796,54,2922.1481481481483
2026-09-14 20:39:00,47,0.0,0.0,113.12,304.19399999999996,130.2504255319149,125618,47,2672.723404255319
2026-09-14 20:40:00,41,0.0,0.0,117.9,282.16,128.54634146341462,122220,41,2980.9756097560976
2026-09-14 20:41:00,49,0.02040816326530612,0.0,120.37,338.9599999999999,150.06836734693877,139907,49,2855.2448979591836
2026-09-14 20:42:00,58,0.017241379310344827,0.017241379310344827,106.92,264.85249999999996,127.7896551724138,156746,58,2702.5172413793102
2026-09-14 20:43:00,62,0.0,0.0,137.24,354.89949999999993,165.50516129032258,182484,62,2943.2903225806454
2026-09-14 20:44:00,35,0.0,0.0,102.71,249.61299999999991,120.78428571428572,91825,35,2623.5714285714284
2026-09-14 20:45:00,39,0.0,0.0,92.46,273.786,125.70205128205129,130611,39,3349.0
2026-09-14 20:46:00,49,0.0,0.0,110.65,325.146,126.31734693877551,139052,49,2837.795918367347
2026-09-14 20:47:00,48,0.0,0.0,102.91,272.5299999999999,122.08666666666666,150576,48,3137.0
2026-09-14 20:48:00,43,0.0,0.0,117.05,311.08799999999997,129.22697674418606,171269,43,3983.0
2026-09-14 20:49:00,48,0.0,0.0,113.58,234.86449999999996,119.026875,138271,48,2880.6458333333335
2026-09-14 20:50:00,41,0.0,0.0,114.15,317.14,137.8141463414634,143067,41,3489.439024390244
2026-09-14 20:51:00,53,0.0,0.0,109.99,245.644,117.78301886792453,153599,52,2898.0943396226417
2026-09-14 20:52:00,54,0.018518518518518517,0.0,107.55,250.92049999999963,120.91574074074073,132535,54,2454.3518518518517
2026-09-14 20:53:00,39,0.02564102564102564,0.0,123.3,453.5740000000001,174.0725641025641,103961,39,2665.6666666666665
2026-09-14 20:54:00,40,0.0,0.0,101.59,197.65599999999984,109.3065,110928,40,2773.2
2026-09-14 20:55:00,45,0.0,0.0,96.52,230.56799999999987,114.47866666666667,103498,45,2299.9555555555557
2026-09-14 20:56:00,45,0.0,0.0,101.28,310.0799999999999,128.82644444444443,106296,45,2362.133333333333
2026-09-14 20:57:00,45,0.022222222222222223,0.0,119.4,250.6219999999999,127.63066666666667,159382,45,3541.822222222222
2026-09-14 20:58:00,41,0.0,0.0,95.32,295.1,136.40121951219513,139092,41,3392.487804878049
2026-09-14 20:59:00,51,0.0,0.0,105.19,374.19500000000005,149.08352941176472,156122,51,3061.2156862745096
2026-09-14 21:00:00,36,0.0,0.0,114.735,320.835,140.30083333333334,115285,36,3202.3611111111113
2026-09-14 21:01:00,34,0.0,0.0,77.83,232.92049999999998,112.09588235294119,81671,34,2402.0882352941176
2026-09-14 21:02:00,44,0.045454545454545456,0.0,99.755,266.70300000000003,119.78795454545455,140789,44,3199.75
2026-09-14 21:03:00,51,0.0196078431372549,0.0196078431372549,85.43,252.55,113.98411764705881,128252,51,2514.7450980392155
2026-09-14 21:04:00,41,0.0,0.0,96.01,311.41,141.25926829268292,90460,41,2206.3414634146343
2026-09-14 21:05:00,44,0.022727272727272728,0.0,106.86,231.33050000000003,118.46886363636364,117424,44,2668.7272727272725
2026-09-14 21:06:00,26,0.0,0.0,110.85,320.68,148.9823076923077,86248,26,3317.230769230769
2026-09-14 21:07:00,31,0.0,0.0,127.18,242.695,132.50709677419357,95632,31,3084.9032258064517
2026-09-14 21:08:00,45,0.022222222222222223,0.0,112.38,334.8039999999998,140.46644444444445,142065,45,3157.0
2026-09-14 21:09:00,42,0.0,0.0,120.5,200.21249999999998,127.09119047619048,135090,42,3216.4285714285716
2026-09-14 21:10:00,50,0.02,0.02,125.16499999999999,324.75749999999994,151.4226,161393,50,3227.86
2026-09-14 21:11:00,46,0.0,0.0,113.795,311.74,133.27826086956523,157001,46,3413.0652173913045
2026-09-14 21:12:00,29,0.0,0.0,70.96,206.658,87.60379310344828,111310,29,3838.2758620689656
2026-09-14 21:13:00,54,0.05555555555555555,0.037037037037037035,136.56,357.65649999999977,149.7212962962963,165524,54,3065.259259259259
2026-09-14 21:14:00,33,0.0,0.0,114.16,341.2919999999998,149.14484848484847,130861,33,3965.4848484848485
2026-09-14 21:15:00,32,0.0,0.0,133.02,241.0865,135.0890625,111148,31,3473.375
2026-09-14 21:16:00,33,0.0,0.0,108.11,228.236,114.48848484848484,95014,33,2879.212121212121
2026-09-14 21:17:00,45,0.022222222222222223,0.0,100.94,260.11999999999983,113.14177777777778,145306,45,3229.0222222222224
2026-09-14 21:18:00,34,0.0,0.0,128.315,297.7084999999999,154.4791176470588,98776,34,2905.176470588235
2026-09-14 21:19:00,42,0.0,0.0,99.55,310.4044999999999,123.30190476190477,143684,42,3421.0476190476193
2026-09-14 21:20:00,29,0.0,0.0,99.39,260.76399999999984,122.29275862068965,91996,29,3172.2758620689656
2026-09-14 21:21:00,45,0.0,0.0,119.04,315.314,142.3028888888889,162500,45,3611.1111111111113
2026-09-14 21:22:00,46,0.021739130434782608,0.021739130434782608,95.545,350.27500000000003,122.59869565217392,141971,46,3086.3260869565215
2026-09-14 21:23:00,48,0.0,0.0,102.465,233.474,119.59166666666665,144175,48,3003.6458333333335
2026-09-14 21:24:00,23,0.0,0.0,93.6,258.30099999999993,118.89999999999999,60743,23,2641.0
2026-09-14 21:25:00,34,0.0,0.0,110.68,463.0164999999996,151.1420588235294,115027,34,3383.1470588235293
2026-09-14 21:26:00,32,0.03125,0.0,89.03999999999999,255.15649999999994,110.13,118560,32,3705.0
2026-09-14 21:27:00,27,0.0,0.0,103.74,250.541,117.30111111111111,61485,27,2277.222222222222
2026-09-14 21:28:00,43,0.0,0.0,103.47,223.28799999999998,118.93232558139535,145596,43,3385.953488372093
2026-09-14 21:29:00,8,0.0,0.0,211.87,374.11049999999994,209.71125,24932,8,3116.5
2026-09-14 21:30:00,5,0.0,0.0,113.04,211.498,131.10999999999999,14756,5,2951.2
2026-09-14 21:31:00,5,0.0,0.0,65.29,104.788,65.134,19515,5,3903.0
2026-09-14 21:32:00,4,0.0,0.0,91.615,225.72949999999994,122.0775,10621,4,2655.25
2026-09-14 21:33:00,9,0.0,0.0,94.39,223.646,113.73777777777778,33966,9,3774.0
2026-09-14 21:34:00,6,0.16666666666666666,0.0,115.475,272.1375,136.81833333333333,17110,6,2851.6666666666665
2026-09-14 21:35:00,1,0.0,0.0,91.72,91.72,91.72,1917,1,1917.0
2026-09-14 21:36:00,5,0.0,0.0,172.11,202.012,149.656,18931,5,3786.2
2026-09-14 21:37:00,2,0.0,0.0,352.765,474.96250000000003,352.765,6746,2,3373.0
2026-09-14 21:38:00,5,0.0,0.0,111.1,254.39,125.08599999999998,14237,5,2847.4
2026-09-14 21:39:00,4,0.0,0.0,242.09,618.1159999999999,332.13,11555,4,2888.75
2026-09-14 21:40:00,6,0.0,0.0,79.08,99.245,82.19333333333333,16554,6,2759.0
2026-09-14 21:41:00,7,0.0,0.0,86.12,128.66799999999998,83.61285714285714,17580,7,2511.4285714285716
2026-09-14 21:42:00,5,0.0,0.0,83.68,165.75199999999998,100.784,19114,5,3822.8
2026-09-14 21:43:00,5,0.0,0.0,245.5,381.06,240.35999999999999,15524,5,3104.8
2026-09-14 21:44:00,5,0.0,0.0,69.54,230.932,112.68800000000002,25600,5,5120.0
2026-09-14 21:45:00,6,0.0,0.0,90.92,200.4375,111.94333333333333,17622,6,2937.0
2026-09-14 21:46:00,2,0.0,0.0,159.89,161.132,159.89,4591,2,2295.5
2026-09-14 21:47:00,4,0.0,0.0,125.49000000000001,154.3235,114.47,7070,4,1767.5
2026-09-14 21:48:00,3,0.0,0.0,131.35,358.78,214.77666666666667,7514,3,2504.6666666666665
2026-09-14 21:49:00,2,0.0,0.0,106.48500000000001,126.54150000000001,106.48500000000001,4286,2,2143.0
2026-09-14 21:50:00,6,0.0,0.0,125.745,304.7975,145.50166666666667,15050,6,2508.3333333333335
2026-09-14 21:51:00,4,0.0,0.0,84.16499999999999,228.35999999999996,121.805,13285,4,3321.25
2026-09-14 21:52:00,35,0.0,0.0,108.56,276.16999999999985,129.326,113878,35,3253.657142857143
2026-09-14 21:53:00,35,0.0,0.0,95.33,201.99799999999988,108.62914285714285,97468,35,2784.8
2026-09-14 21:54:00,32,0.03125,0.0,88.125,295.5919999999999,118.01625,91799,32,2868.71875
2026-09-14 21:55:00,36,0.0,0.0,132.23,311.73249999999996,154.07555555555555,109633,36,3045.3611111111113
2026-09-14 21:56:00,27,0.0,0.0,103.52,265.6489999999999,116.84333333333333,81602,27,3022.296296296296
2026-09-14 21:57:00,20,0.05,0.0,112.87,368.7080000000004,164.347,48484,20,2424.2
2026-09-14 21:58:00,36,0.0,0.0,87.30000000000001,238.8425,110.35472222222222,86727,36,2409.0833333333335
2026-09-14 21:59:00,38,0.02631578947368421,0.0,121.50999999999999,370.0724999999999,142.3428947368421,136375,38,3588.815789473684
2026-09-14 22:00:00,46,0.0,0.0,119.37,321.265,151.64413043478262,156600,46,3404.3478260869565
2026-09-14 22:01:00,40,0.0,0.0,107.75,342.892,131.61075,112519,40,2812.975
2026-09-14 22:02:00,27,0.0,0.0,97.53,265.443,121.30703703703703,74737,27,2768.037037037037
2026-09-14 22:03:00,42,0.0,0.0,128.385,348.6475,150.2352380952381,115534,42,2750.809523809524
2026-09-14 22:04:00,33,0.0,0.0,89.71,254.7999999999999,110.08939393939394,89572,33,2714.3030303030305
2026-09-14 22:05:00,42,0.0,0.0,103.97,208.70899999999997,106.00071428571428,115988,42,2761.6190476190477
2026-09-14 22:06:00,27,0.0,0.0,115.75,264.897,134.0988888888889,92385,27,3421.6666666666665
2026-09-14 22:07:00,37,0.0,0.0,114.7,299.412,127.33459459459459,121849,37,3293.2162162162163
2026-09-14 22:08:00,47,0.0,0.0,114.27,257.8939999999999,127.2631914893617,136231,47,2898.531914893617
2026-09-14 22:09:00,27,0.0,0.0,85.74,181.83999999999997,100.79296296296296,67403,27,2496.4074074074074
2026-09-14 22:10:00,43,0.0,0.0,113.68,324.18499999999995,128.8853488372093,141280,43,3285.5813953488373
2026-09-14 22:11:00,39,0.02564102564102564,0.0,100.51,265.53000000000003,123.02641025641024,119436,39,3062.4615384615386
2026-09-14 22:12:00,37,0.0,0.0,102.57,285.5679999999996,119.96972972972974,109970,37,2972.162162162162
2026-09-14 22:13:00,34,0.0,0.0,109.33000000000001,221.66299999999998,120.53617647058822,113485,34,3337.794117647059
2026-09-14 22:14:00,35,0.0,0.0,97.61,265.93899999999996,122.96942857142858,106237,35,3035.342857142857
2026-09-14 22:15:00,32,0.0,0.0,130.55,262.8785,134.8021875,83379,32,2605.59375
2026-09-14 22:16:00,22,0.0,0.0,82.87,206.156,117.15499999999999,83184,22,3781.090909090909
2026-09-14 22:17:00,20,0.0,0.0,114.85,247.99800000000013,126.40599999999999,53128,20,2656.4
2026-09-14 22:18:00,26,0.0,0.0,82.685,329.10499999999996,118.20461538461538,67042,26,2578.5384615384614
2026-09-14 22:19:00,41,0.04878048780487805,0.024390243902439025,108.69,281.56,125.87463414634145,137005,41,3341.5853658536585
2026-09-14 22:20:00,33,0.0,0.0,99.22,274.056,121.92666666666666,103909,33,3148.757575757576
2026-09-14 22:21:00,24,0.0,0.0,102.545,295.54699999999985,127.31583333333333,80834,24,3368.0833333333335
2026-09-14 22:22:00,38,0.0,0.0,114.53999999999999,355.1054999999999,147.23131578947368,123159,38,3241.0263157894738
2026-09-14 22:23:00,34,0.0,0.0,118.245,294.79299999999995,132.54382352941175,110099,34,3238.205882352941
2026-09-14 22:24:00,32,0.03125,0.0,129.635,488.6825,171.4509375,102951,32,3217.21875
2026-09-14 22:25:00,25,0.0,0.0,108.24,238.57399999999993,120.02120000000001,67577,25,2703.08
2026-09-14 22:26:00,34,0.029411764705882353,0.0,86.905,623.5539999999994,168.4894117647059,88993,34,2617.4411764705883
2026-09-14 22:27:00,21,0.0,0.0,89.61,179.57,96.5604761904762,77098,21,3671.3333333333335
2026-09-14 22:28:00,35,0.05714285714285714,0.02857142857142857,102.13,349.1119999999998,126.90771428571429,89756,34,2564.457142857143
2026-09-14 22:29:00,28,0.0,0.0,95.765,314.59249999999975,113.54178571428572,90637,28,3237.035714285714
2026-09-14 22:30:00,20,0.0,0.0,133.45,292.08450000000005,145.059,65338,20,3266.9
2026-09-14 22:31:00,30,0.03333333333333333,0.0,104.47999999999999,299.0354999999999,124.94900000000001,96316,30,3210.5333333333333
2026-09-14 22:32:00,21,0.0,0.0,115.26,219.38,127.97714285714285,61056,21,2907.4285714285716
2026-09-14 22:33:00,46,0.021739130434782608,0.0,446.29999999999995,1232.795,509.71369565217395,121291,46,2636.7608695652175
2026-09-14 22:34:00,34,0.058823529411764705,0.029411764705882353,500.78000000000003,1870.4705,682.3252941176471,96404,34,2835.4117647058824
2026-09-14 22:35:00,33,0.030303030303030304,0.0,529.3,1258.0779999999995,617.5442424242424,110388,33,3345.090909090909
2026-09-14 22:36:00,20,0.0,0.0,374.61,772.3940000000001,404.971,64294,20,3214.7
2026-09-14 22:37:00,36,0.0,0.0,484.06,1156.1625,544.1738888888889,99054,36,2751.5
2026-09-14 22:38:00,35,0.05714285714285714,0.02857142857142857,420.08,937.6129999999996,484.6745714285714,108286,35,3093.885714285714
2026-09-14 22:39:00,26,0.0,0.0,427.565,1908.7250000000001,648.1023076923077,70146,26,2697.923076923077
2026-09-14 22:40:00,39,0.02564102564102564,0.02564102564102564,431.54,1227.3870000000002,559.6546153846153,143158,39,3670.7179487179487
2026-09-14 22:41:00,29,0.0,0.0,549.31,1730.0259999999987,710.5334482758622,93606,29,3227.793103448276
2026-09-14 22:42:00,28,0.03571428571428571,0.03571428571428571,472.495,1192.1225,607.3503571428572,103729,28,3704.6071428571427
2026-09-14 22:43:00,36,0.027777777777777776,0.027777777777777776,395.42,868.5875,485.55472222222227,101062,36,2807.277777777778
2026-09-14 22:44:00,25,0.0,0.0,478.0,1314.575999999999,611.7008000000001,72535,25,2901.4
2026-09-14 22:45:00,27,0.0,0.0,585.92,1180.467,640.0314814814815,84046,27,3112.814814814815
2026-09-14 22:46:00,35,0.02857142857142857,0.02857142857142857,398.11,1247.1899999999998,554.4808571428571,133772,35,3822.057142857143
2026-09-14 22:47:00,25,0.08,0.08,495.58,1057.2079999999992,541.8092,72311,25,2892.44
2026-09-14 22:48:00,43,0.0,0.0,583.53,1524.6049999999998,652.7462790697674,129449,43,3010.4418604651164
2026-09-14 22:49:00,33,0.0,0.0,562.25,2128.8139999999994,777.1142424242424,109894,33,3330.121212121212
2026-09-14 22:50:00,27,0.037037037037037035,0.0,527.52,1364.958,609.3233333333333,88791,27,3288.5555555555557
2026-09-14 22:51:00,25,0.0,0.0,575.54,1368.8399999999992,653.5076,93650,25,3746.0
2026-09-14 22:52:00,31,0.06451612903225806,0.03225806451612903,483.97,1418.655,605.6006451612903,89559,31,2889.0
2026-09-14 22:53:00,29,0.0,0.0,422.19,927.244,452.018275862069,83519,29,2879.9655172413795
2026-09-14 22:54:00,29,0.0,0.0,116.03,303.8619999999998,130.64827586206897,84969,29,2929.9655172413795
2026-09-14 22:55:00,32,0.03125,0.03125,105.35499999999999,438.3295,160.36125,104338,32,3260.5625
2026-09-14 22:56:00,35,0.0,0.0,105.29,266.58199999999994,130.25714285714287,101521,35,2900.6
2026-09-14 22:57:00,25,0.0,0.0,98.55,222.70399999999978,113.21600000000001,77399,25,3095.96
2026-09-14 22:58:00,24,0.0,0.0,110.38499999999999,267.13199999999983,121.7575,78627,24,3276.125
2026-09-14 22:59:00,24,0.08333333333333333,0.041666666666666664,116.88,248.01849999999988,124.30375,56372,24,2348.8333333333335
2026-09-14 23:00:00,25,0.0,0.0,98.76,258.63,126.5844,72640,25,2905.6
2026-09-14 23:01:00,22,0.045454545454545456,0.0,96.945,356.4269999999999,123.07954545454545,61038,22,2774.4545454545455
2026-09-14 23:02:00,20,0.0,0.0,102.095,224.5485,118.19749999999999,46529,20,2326.45
2026-09-14 23:03:00,27,0.0,0.0,105.91,285.1859999999999,114.47851851851853,97853,27,3624.185185185185
2026-09-14 23:04:00,24,0.0,0.0,93.33500000000001,310.6379999999999,127.31,71362,24,2973.4166666666665
2026-09-14 23:05:00,29,0.0,0.0,103.42,262.484,140.75620689655173,113293,29,3906.655172413793
2026-09-14 23:06:00,28,0.0,0.0,78.02000000000001,301.9804999999999,142.68714285714285,84161,28,3005.75
2026-09-14 23:07:00,19,0.0,0.0,97.16,398.51699999999954,142.7478947368421,45712,19,2405.8947368421054
2026-09-14 23:08:00,26,0.038461538461538464,0.0,101.375,283.0425,119.34115384615384,67982,26,2614.6923076923076
2026-09-14 23:09:00,24,0.0,0.0,95.245,328.9945,135.86375,56797,24,2366.5416666666665
2026-09-14 23:10:00,35,0.0,0.0,115.12,304.39799999999946,134.91285714285715,110732,35,3163.7714285714287
2026-09-14 23:11:00,15,0.06666666666666667,0.06666666666666667,127.23,353.77799999999996,146.75799999999998,40464,15,2697.6
2026-09-14 23:12:00,25,0.0,0.0,127.0,225.71399999999994,132.1244,63750,25,2550.0
2026-09-14 23:13:00,26,0.038461538461538464,0.0,97.445,198.9975,105.185,79762,26,3067.769230769231
2026-09-14 23:14:00,26,0.0,0.0,108.67,275.19,129.37423076923076,69229,26,2662.653846153846
2026-09-14 23:15:00,35,0.0,0.0,110.07,309.34699999999987,134.39285714285714,119815,35,3423.285714285714
2026-09-14 23:16:00,17,0.0,0.0,125.9,221.022,130.81882352941176,51226,17,3013.294117647059
2026-09-14 23:17:00,29,0.0,0.0,104.62,241.32,122.10448275862069,122690,29,4230.689655172414
2026-09-14 23:18:00,21,0.0,0.0,101.2,290.02,123.39857142857143,63233,21,3011.095238095238
2026-09-14 23:19:00,22,0.0,0.0,119.06,325.102,142.8318181818182,51716,22,2350.7272727272725
2026-09-14 23:20:00,28,0.0,0.0,98.965,253.5839999999999,122.52892857142857,59111,28,2111.1071428571427
2026-09-14 23:21:00,27,0.037037037037037035,0.0,110.78,300.65899999999993,128.39814814814815,77632,27,2875.259259259259
2026-09-14 23:22:00,25,0.04,0.0,87.14,281.4659999999999,121.20639999999999,67863,25,2714.52
2026-09-14 23:23:00,22,0.045454545454545456,0.0,117.18,205.48,116.49363636363637,56089,22,2549.5
2026-09-14 23:24:00,22,0.045454545454545456,0.0,114.985,424.7169999999999,145.1559090909091,52386,22,2381.181818181818
2026-09-14 23:25:00,19,0.0,0.0,99.6,456.40899999999976,159.06157894736842,57121,19,3006.3684210526317
2026-09-14 23:26:00,24,0.041666666666666664,0.0,100.475,293.17299999999983,120.87791666666668,67300,24,2804.1666666666665
2026-09-14 23:27:00,23,0.0,0.0,114.63,407.4749999999997,150.82739130434783,81582,23,3547.0434782608695
2026-09-14 23:28:00,19,0.0,0.0,117.04,268.0679999999998,134.3942105263158,53903,19,2837.0
2026-09-14 23:29:00,20,0.0,0.0,99.11,234.22300000000004,121.4795,65202,20,3260.1
2026-09-14 23:30:00,33,0.0,0.0,102.54,267.53399999999993,110.12151515151514,106037,33,3213.242424242424
2026-09-14 23:31:00,25,0.0,0.0,107.21,189.09799999999998,119.0236,87449,25,3497.96
2026-09-14 23:32:00,20,0.1,0.0,92.54,393.3125000000004,162.5365,71033,20,3551.65
2026-09-14 23:33:00,25,0.04,0.0,147.37,270.17199999999997,145.0568,63478,25,2539.12
2026-09-14 23:34:00,23,0.0,0.0,95.07,241.57,112.06130434782608,57301,23,2491.3478260869565
2026-09-14 23:35:00,26,0.0,0.0,130.62,283.40500000000003,139.68384615384613,74920,26,2881.5384615384614
2026-09-14 23:36:00,33,0.0,0.0,120.15,242.2739999999999,123.17,106447,33,3225.6666666666665
2026-09-14 23:37:00,25,0.0,0.0,117.52,281.70399999999984,128.656,82243,25,3289.72
2026-09-14 23:38:00,23,0.0,0.0,95.1,266.9579999999999,116.10782608695652,86785,23,3773.2608695652175
2026-09-14 23:39:00,29,0.0,0.0,132.61,321.4219999999999,156.42172413793102,83894,29,2892.896551724138
2026-09-14 23:40:00,27,0.0,0.0,87.39,256.4219999999999,107.26962962962962,68557,27,2539.1481481481483
2026-09-14 23:41:00,24,0.0,0.0,105.36500000000001,330.7505,137.59208333333333,73048,24,3043.6666666666665
2026-09-14 23:42:00,29,0.0,0.0,119.82,251.0879999999999,125.50482758620689,73274,29,2526.689655172414
2026-09-14 23:43:00,25,0.0,0.0,122.88,305.80199999999985,153.1848,71354,24,2854.16
2026-09-14 23:44:00,33,0.0,0.0,119.62,391.734,152.55060606060607,124979,33,3787.242424242424
2026-09-14 23:45:00,23,0.0,0.0,88.91,241.958,108.93782608695653,68514,23,2978.8695652173915
2026-09-14 23:46:00,33,0.0,0.0,110.21,235.30799999999988,119.27454545454545,100085,33,3032.878787878788
2026-09-14 23:47:00,13,0.0,0.0,92.4,257.28999999999974,115.84846153846154,34567,13,2659.0
2026-09-14 23:48:00,23,0.0,0.0,90.06,310.03499999999997,122.24130434782607,91740,23,3988.695652173913
2026-09-14 23:49:00,24,0.0,0.0,113.805,198.43999999999994,116.06958333333334,61134,24,2547.25
2026-09-14 23:50:00,28,0.0,0.0,76.785,221.06549999999987,95.09142857142857,74887,28,2674.535714285714
2026-09-14 23:51:00,31,0.0,0.0,112.1,299.33000000000004,135.58870967741936,72700,31,2345.1612903225805
2026-09-14 23:52:00,26,0.0,0.0,126.46000000000001,526.33,183.83615384615385,79964,26,3075.5384615384614
2026-09-14 23:53:00,19,0.05263157894736842,0.0,100.33,335.71,118.07368421052632,47828,19,2517.2631578947367
2026-09-14 23:54:00,21,0.0,0.0,118.71,269.38,125.79142857142857,65567,21,3122.2380952380954
2026-09-14 23:55:00,18,0.05555555555555555,0.0,104.35,220.93699999999987,112.79333333333334,70796,18,3933.1111111111113
2026-09-14 23:56:00,23,0.0,0.0,97.27,471.25199999999967,138.66391304347826,73314,23,3187.5652173913045
2026-09-14 23:57:00,27,0.0,0.0,97.3,209.71,105.19962962962963,82456,27,3053.925925925926
2026-09-14 23:58:00,32,0.0,0.0,89.27,286.24749999999995,123.6534375,97428,32,3044.625
2026-09-14 23:59:00,21,0.0,0.0,133.99,411.8,171.8409523809524,83952,21,3997.714285714286
2026-09-15 00:00:00,26,0.0,0.0,102.32,265.9375,120.60153846153845,101197,26,3892.1923076923076
2026-09-15 00:01:00,21,0.0,0.0,102.47,343.98,142.95761904761906,84941,21,4044.809523809524
2026-09-15 00:02:00,21,0.0,0.0,120.02,293.96,151.38619047619048,97738,21,4654.190476190476
2026-09-15 00:03:00,15,0.0,0.0,91.8,303.932,142.79866666666666,58539,15,3902.6
2026-09-15 00:04:00,22,0.0,0.0,96.355,312.60349999999994,118.88909090909091,60860,22,2766.3636363636365
2026-09-15 00:05:00,27,0.0,0.0,99.33,179.85699999999997,99.41444444444444,91591,27,3392.259259259259
2026-09-15 00:06:00,23,0.0,0.0,103.37,312.2639999999999,131.0895652173913,70156,23,3050.2608695652175
2026-09-15 00:07:00,21,0.0,0.0,114.99,405.59,201.95619047619047,73389,21,3494.714285714286
2026-09-15 00:08:00,26,0.0,0.0,115.9,227.81,126.53807692307691,86552,26,3328.923076923077
2026-09-15 00:09:00,23,0.0,0.0,79.74,446.21999999999974,137.72391304347826,98985,23,4303.695652173913
2026-09-15 00:10:00,32,0.0,0.0,106.195,387.1835,152.0596875,106676,32,3333.625
2026-09-15 00:11:00,18,0.0,0.0,108.03,292.59749999999985,132.33055555555555,60093,18,3338.5
2026-09-15 00:12:00,20,0.0,0.0,129.63,323.65950000000015,153.115,63532,20,3176.6
2026-09-15 00:13:00,20,0.05,0.0,79.44,326.90600000000023,125.5125,58542,20,2927.1
2026-09-15 00:14:00,20,0.0,0.0,131.005,253.96400000000006,130.6405,58673,20,2933.65
2026-09-15 00:15:00,20,0.05,0.0,120.48499999999999,380.84600000000006,154.6515,51285,20,2564.25
2026-09-15 00:16:00,23,0.0,0.0,100.7,281.4239999999999,127.30826086956522,77707,23,3378.5652173913045
2026-09-15 00:17:00,21,0.0,0.0,111.65,343.63,150.7042857142857,47944,21,2283.0476190476193
2026-09-15 00:18:00,28,0.03571428571428571,0.0,124.655,244.70449999999994,141.2642857142857,91499,28,3267.8214285714284
2026-09-15 00:19:00,28,0.0,0.0,111.06,312.966,140.82857142857145,67355,28,2405.535714285714
2026-09-15 00:20:00,13,0.0,0.0,102.43,151.652,99.9076923076923,40437,13,3110.5384615384614
2026-09-15 00:21:00,22,0.0,0.0,107.045,315.59749999999997,128.17545454545456,70056,22,3184.3636363636365
2026-09-15 00:22:00,28,0.0,0.0,81.95500000000001,227.9325,106.70285714285716,103014,28,3679.0714285714284
2026-09-15 00:23:00,21,0.0,0.0,98.36,229.38,113.22,49909,21,2376.6190476190477
2026-09-15 00:24:00,20,0.0,0.0,122.02000000000001,328.4820000000001,158.5945,54479,20,2723.95
2026-09-15 00:25:00,26,0.0,0.0,106.725,203.52,125.11346153846154,113642,26,4370.846153846154
2026-09-15 00:26:00,21,0.0,0.0,87.74,283.76,108.80666666666667,72287,21,3442.2380952380954
2026-09-15 00:27:00,25,0.04,0.0,124.39,285.2059999999999,137.6212,80945,25,3237.8
2026-09-15 00:28:00,27,0.0,0.0,89.27,319.14599999999996,127.8337037037037,78440,27,2905.185185185185
2026-09-15 00:29:00,19,0.0,0.0,98.14,322.4059999999999,129.95000000000002,52684,19,2772.842105263158
2026-09-15 00:30:00,23,0.043478260869565216,0.0,104.03,189.08199999999997,103.12869565217392,79454,23,3454.521739130435
2026-09-15 00:31:00,19,0.05263157894736842,0.0,108.92,329.2789999999999,128.09105263157895,62564,19,3292.842105263158
2026-09-15 00:32:00,22,0.0,0.0,122.02499999999999,294.66749999999996,134.89454545454544,59380,22,2699.090909090909
2026-09-15 00:33:00,18,0.0,0.0,114.225,254.67149999999978,123.73277777777778,59471,18,3303.9444444444443
2026-09-15 00:34:00,26,0.0,0.0,105.59,329.3425,119.03115384615384,58452,26,2248.153846153846
2026-09-15 00:35:00,28,0.0,0.0,101.16499999999999,239.98199999999989,117.22678571428571,82166,28,2934.5
2026-09-15 00:36:00,19,0.05263157894736842,0.0,86.97,191.7969999999999,103.82947368421053,57591,19,3031.1052631578946
2026-09-15 00:37:00,14,0.07142857142857142,0.0,134.025,318.3639999999999,150.67357142857142,47557,14,3396.9285714285716
2026-09-15 00:38:00,35,0.0,0.0,101.94,297.267,121.04971428571427,122898,35,3511.3714285714286
2026-09-15 00:39:00,22,0.0,0.0,125.43,279.7315,139.59045454545455,57735,22,2624.318181818182
2026-09-15 00:40:00,17,0.0,0.0,149.98,264.9079999999999,154.88176470588235,45727,17,2689.823529411765
2026-09-15 00:41:00,20,0.0,0.0,109.485,199.00700000000003,117.918,61031,20,3051.55
2026-09-15 00:42:00,20,0.0,0.0,104.38999999999999,227.631,125.2835,49077,20,2453.85
2026-09-15 00:43:00,11,0.0,0.0,129.86,344.32500000000005,156.23545454545456,40563,11,3687.5454545454545
2026-09-15 00:44:00,20,0.0,0.0,103.6,255.71150000000003,115.624,59526,20,2976.3
2026-09-15 00:45:00,29,0.0,0.0,91.99,354.7199999999999,136.37724137931033,86519,29,2983.4137931034484
2026-09-15 00:46:00,22,0.0,0.0,144.12,410.73749999999984,166.2118181818182,56793,22,2581.5
2026-09-15 00:47:00,24,0.0,0.0,83.83,286.05149999999986,120.76291666666667,62091,24,2587.125
2026-09-15 00:48:00,27,0.0,0.0,132.69,324.876,152.72925925925924,112636,27,4171.7037037037035
2026-09-15 00:49:00,23,0.0,0.0,99.37,313.0359999999999,125.36391304347826,66123,23,2874.913043478261
2026-09-15 00:50:00,31,0.03225806451612903,0.0,93.31,253.435,114.92903225806452,94978,31,3063.8064516129034
2026-09-15 00:51:00,19,0.0,0.0,107.02,303.99599999999987,138.89157894736843,56913,19,2995.4210526315787
2026-09-15 00:52:00,25,0.0,0.0,75.05,369.01399999999967,130.44,86026,25,3441.04
2026-09-15 00:53:00,25,0.0,0.0,97.54,305.0759999999999,130.0708,64421,25,2576.84
2026-09-15 00:54:00,21,0.0,0.0,100.56,240.37,130.48666666666668,62129,21,2958.5238095238096
2026-09-15 00:55:00,28,0.0,0.0,114.34,288.6935,129.8317857142857,97835,28,3494.1071428571427
2026-09-15 00:56:00,22,0.0,0.0,117.435,323.88549999999987,135.74545454545455,67261,22,3057.318181818182
2026-09-15 00:57:00,19,0.05263157894736842,0.0,76.55,224.08599999999984,106.76210526315789,65625,19,3453.9473684210525
2026-09-15 00:58:00,23,0.0,0.0,90.6,185.29099999999997,102.18260869565216,103910,23,4517.826086956522
2026-09-15 00:59:00,13,0.0,0.0,74.16,288.65599999999995,114.35,27797,13,2138.230769230769
2026-09-15 01:00:00,19,0.0,0.0,111.98,182.38699999999997,107.95842105263158,52158,19,2745.157894736842
2026-09-15 01:01:00,33,0.0,0.0,110.71,213.51199999999992,125.75303030303031,125742,33,3810.3636363636365
2026-09-15 01:02:00,19,0.0,0.0,157.64,364.57099999999986,185.43052631578948,77054,19,4055.4736842105262
2026-09-15 01:03:00,23,0.043478260869565216,0.0,100.18,304.0619999999999,129.04260869565218,51068,23,2220.3478260869565
2026-09-15 01:04:00,22,0.045454545454545456,0.045454545454545456,117.47,310.9425,161.73136363636365,48390,22,2199.5454545454545
2026-09-15 01:05:00,18,0.05555555555555555,0.05555555555555555,99.685,456.5944999999999,150.3938888888889,52298,18,2905.4444444444443
2026-09-15 01:06:00,21,0.0,0.0,102.05,481.42,153.2704761904762,53163,21,2531.5714285714284
2026-09-15 01:07:00,17,0.0,0.0,110.92,237.7919999999999,120.93117647058823,56812,17,3341.8823529411766
2026-09-15 01:08:00,27,0.0,0.0,95.9,236.492,111.33851851851851,82248,27,3046.222222222222
2026-09-15 01:09:00,21,0.0,0.0,100.52,249.33,125.19666666666667,53798,20,2561.809523809524
2026-09-15 01:10:00,27,0.0,0.0,90.39,202.286,118.55444444444446,68367,27,2532.1111111111113
2026-09-15 01:11:00,22,0.045454545454545456,0.0,83.70500000000001,481.3204999999999,143.72136363636363,58988,22,2681.2727272727275
2026-09-15 01:12:00,34,0.0,0.0,142.555,277.734,143.01941176470586,99778,34,2934.6470588235293
2026-09-15 01:13:00,21,0.0,0.0,90.37,255.95,120.92476190476191,83323,21,3967.7619047619046
2026-09-15 01:14:00,30,0.0,0.0,100.47,399.1474999999998,140.26533333333333,100067,30,3335.5666666666666
2026-09-15 01:15:00,28,0.0,0.0,132.225,268.012,138.98392857142858,82255,28,2937.6785714285716
2026-09-15 01:16:00,27,0.0,0.0,100.36,273.359,120.65814814814814,92378,27,3421.4074074074074
2026-09-15 01:17:00,20,0.05,0.05,149.81,294.7185000000002,166.285,69939,20,3496.95
2026-09-15 01:18:00,21,0.0,0.0,96.71,304.09,125.96333333333334,66721,21,3177.190476190476
2026-09-15 01:19:00,24,0.0,0.0,94.21000000000001,187.5355,113.56833333333333,72436,24,3018.1666666666665
2026-09-15 01:20:00,32,0.0,0.0,135.82,365.6729999999999,151.3184375,107909,32,3372.15625
2026-09-15 01:21:00,26,0.038461538461538464,0.0,129.91,243.9825,134.22192307692308,71901,26,2765.423076923077
2026-09-15 01:22:00,19,0.0,0.0,132.52,300.97199999999987,151.30052631578948,64381,19,3388.4736842105262
2026-09-15 01:23:00,19,0.0,0.0,106.21,238.56999999999974,130.25315789473683,57002,19,3000.1052631578946
2026-09-15 01:24:00,29,0.034482758620689655,0.0,133.67,498.03399999999993,162.66344827586207,69450,29,2394.8275862068967
2026-09-15 01:25:00,27,0.07407407407407407,0.0,123.0,332.9359999999999,146.01407407407407,86634,27,3208.6666666666665
2026-09-15 01:26:00,21,0.0,0.0,110.21,224.87,124.95285714285716,94835,21,4515.952380952381
2026-09-15 01:27:00,23,0.0,0.0,153.54,306.50699999999995,166.40304347826086,60458,23,2628.608695652174
2026-09-15 01:28:00,19,0.0,0.0,85.42,232.03999999999996,102.40210526315789,47649,19,2507.842105263158
2026-09-15 01:29:00,35,0.02857142857142857,0.0,112.46,266.289,120.11485714285713,116028,35,3315.0857142857144
2026-09-15 01:30:00,40,0.0,0.0,113.05000000000001,352.0814999999998,144.536,125921,40,3148.025
2026-09-15 01:31:00,19,0.0,0.0,129.43,499.22999999999985,162.6442105263158,52468,19,2761.4736842105262
2026-09-15 01:32:00,21,0.0,0.0,106.18,309.02,148.58761904761906,65334,21,3111.1428571428573
2026-09-15 01:33:00,23,0.0,0.0,135.36,433.03799999999984,159.96173913043478,59542,23,2588.782608695652
2026-09-15 01:34:00,29,0.0,0.0,102.23,358.40399999999977,138.1851724137931,85951,29,2963.8275862068967
2026-09-15 01:35:00,24,0.0,0.0,150.775,389.91599999999994,193.19083333333333,82305,24,3429.375
2026-09-15 01:36:00,33,0.0,0.0,120.07,288.97799999999995,146.5390909090909,85096,33,2578.6666666666665
2026-09-15 01:37:00,31,0.03225806451612903,0.03225806451612903,123.95,314.285,141.9083870967742,111445,31,3595.0
2026-09-15 01:38:00,34,0.0,0.0,102.19,313.74649999999986,118.63794117647059,104970,34,3087.3529411764707
2026-09-15 01:39:00,30,0.0,0.0,102.15,236.809,114.65333333333334,87663,30,2922.1
2026-09-15 01:40:00,24,0.0,0.0,106.88499999999999,343.68899999999996,168.82416666666666,60449,24,2518.7083333333335
2026-09-15 01:41:00,27,0.0,0.0,128.96,245.146,130.62222222222223,82574,27,3058.296296296296
2026-09-15 01:42:00,23,0.043478260869565216,0.0,119.86,379.4279999999999,159.92521739130433,65861,23,2863.521739130435
2026-09-15 01:43:00,28,0.0,0.0,101.075,319.74749999999983,124.74714285714286,93406,28,3335.9285714285716
2026-09-15 01:44:00,19,0.0,0.0,106.16,227.1199999999997,108.2721052631579,47920,19,2522.1052631578946
2026-09-15 01:45:00,21,0.0,0.0,109.51,243.71,139.79142857142855,48330,21,2301.4285714285716
2026-09-15 01:46:00,23,0.0,0.0,98.02,312.86599999999976,126.61913043478262,65348,23,2841.217391304348
2026-09-15 01:47:00,26,0.0,0.0,88.905,302.09,122.61153846153846,82608,26,3177.230769230769
2026-09-15 01:48:00,35,0.0,0.0,110.34,296.17899999999986,151.57199999999997,153347,35,4381.342857142857
2026-09-15 01:49:00,26,0.0,0.0,105.715,274.4425,125.07461538461538,87162,26,3352.3846153846152
2026-09-15 01:50:00,23,0.08695652173913043,0.08695652173913043,113.08,379.79499999999985,151.32652173913044,62943,23,2736.6521739130435
2026-09-15 01:51:00,27,0.0,0.0,108.55,247.69299999999998,118.15592592592593,74313,27,2752.3333333333335
2026-09-15 01:52:00,36,0.0,0.0,115.91,325.425,131.98,114211,36,3172.527777777778
2026-09-15 01:53:00,26,0.0,0.0,106.91499999999999,206.3375,120.16384615384617,93602,26,3600.076923076923
2026-09-15 01:54:00,12,0.0,0.0,101.975,478.76449999999966,182.04833333333332,30060,12,2505.0
2026-09-15 01:55:00,28,0.03571428571428571,0.0,109.25999999999999,371.4304999999998,156.17392857142858,77664,28,2773.714285714286
2026-09-15 01:56:00,19,0.05263157894736842,0.0,97.69,268.1959999999997,115.64684210526316,37328,19,1964.6315789473683
2026-09-15 01:57:00,22,0.0,0.0,122.57,310.19499999999994,141.63181818181818,47508,22,2159.4545454545455
2026-09-15 01:58:00,16,0.0625,0.0,115.065,409.3325,188.033125,57066,16,3566.625
2026-09-15 01:59:00,65,0.015384615384615385,0.0,86.56,236.26799999999997,112.4483076923077,186565,65,2870.230769230769
2026-09-15 02:00:00,66,0.0,0.0,109.89,307.34499999999997,131.53272727272727,222631,66,3373.1969696969695
2026-09-15 02:01:00,67,0.014925373134328358,0.0,117.28,298.72399999999993,130.2183582089552,193714,67,2891.2537313432836
2026-09-15 02:02:00,82,0.024390243902439025,0.024390243902439025,94.805,332.1570000000001,124.7340243902439,233009,81,2841.5731707317073
2026-09-15 02:03:00,71,0.0,0.0,96.22,265.085,117.47338028169015,208238,71,2932.9295774647885
2026-09-15 02:04:00,54,0.0,0.0,106.49000000000001,249.85849999999994,118.6862962962963,195233,54,3615.425925925926
2026-09-15 02:05:00,82,0.024390243902439025,0.0,108.255,309.1625,134.94085365853658,265523,82,3238.0853658536585
2026-09-15 02:06:00,96,0.0,0.0,101.525,276.91,113.73083333333334,269532,96,2807.625
2026-09-15 02:07:00,72,0.0,0.0,106.66999999999999,325.166,138.8761111111111,201936,72,2804.6666666666665
2026-09-15 02:08:00,88,0.011363636363636364,0.0,103.07499999999999,244.49099999999996,115.42693181818181,247386,87,2811.2045454545455
2026-09-15 02:09:00,61,0.0,0.0,103.37,261.53,132.28081967213114,151553,61,2484.4754098360654
2026-09-15 02:10:00,90,0.022222222222222223,0.011111111111111112,107.545,269.18899999999996,124.41311111111112,285698,90,3174.4222222222224
2026-09-15 02:11:00,59,0.01694915254237288,0.01694915254237288,120.27,347.0019999999998,156.36322033898307,185830,59,3149.6610169491523
2026-09-15 02:12:00,77,0.0,0.0,108.52,316.05600000000004,119.74064935064936,244711,76,3178.064935064935
2026-09-15 02:13:00,76,0.0,0.0,109.55,235.42000000000002,112.62013157894735,246205,76,3239.5394736842104
2026-09-15 02:14:00,98,0.030612244897959183,0.0,114.035,302.03949999999975,126.82724489795918,285586,98,2914.1428571428573
2026-09-15 02:15:00,72,0.013888888888888888,0.0,103.425,338.7995,133.865,257158,72,3571.6388888888887
2026-09-15 02:16:00,75,0.013333333333333334,0.013333333333333334,141.38,360.0629999999998,169.4056,223716,75,2982.88
2026-09-15 02:17:00,111,0.0,0.0,108.28,305.82000000000005,131.5127927927928,349749,111,3150.891891891892
2026-09-15 02:18:00,23,0.0,0.0,94.6,188.434,107.71304347826087,64005,23,2782.8260869565215
2026-09-15 02:19:00,21,0.0,0.0,84.9,255.54,120.71761904761905,64496,21,3071.2380952380954
2026-09-15 02:20:00,33,0.0,0.0,95.8,311.64599999999984,121.9830303030303,114911,33,3482.151515151515
2026-09-15 02:21:00,47,0.0,0.0,138.8,367.41299999999995,166.28446808510637,162421,47,3455.7659574468084
2026-09-15 02:22:00,27,0.0,0.0,136.84,327.536,148.67962962962963,87786,27,3251.3333333333335
2026-09-15 02:23:00,21,0.0,0.0,104.06,336.69,128.99571428571429,57586,21,2742.190476190476
2026-09-15 02:24:00,22,0.0,0.0,102.66,199.51149999999998,117.38227272727272,60786,22,2763.0
2026-09-15 02:25:00,24,0.041666666666666664,0.041666666666666664,143.18,365.7845,160.6675,74797,24,3116.5416666666665
2026-09-15 02:26:00,33,0.030303030303030304,0.0,142.5,309.7619999999999,149.85939393939393,79802,33,2418.242424242424
2026-09-15 02:27:00,40,0.025,0.025,93.89,278.32149999999973,116.32125,108131,40,2703.275
2026-09-15 02:28:00,30,0.0,0.0,109.11500000000001,306.24199999999985,137.36566666666667,94000,30,3133.3333333333335
2026-09-15 02:29:00,20,0.0,0.0,114.625,193.42600000000007,119.72449999999999,59241,20,2962.05
2026-09-15 02:30:00,25,0.04,0.0,120.37,199.90999999999994,116.3352,80715,25,3228.6
2026-09-15 02:31:00,24,0.0,0.0,88.63499999999999,284.68199999999996,124.3125,84481,24,3520.0416666666665
2026-09-15 02:32:00,32,0.03125,0.03125,114.33,313.8485,127.9184375,85444,32,2670.125
2026-09-15 02:33:00,24,0.041666666666666664,0.0,94.56,155.92399999999998,99.84041666666667,83837,24,3493.2083333333335
2026-09-15 02:34:00,34,0.029411764705882353,0.0,106.785,242.783,119.1179411764706,92071,34,2707.970588235294
2026-09-15 02:35:00,30,0.03333333333333333,0.0,104.33,240.39849999999984,119.411,106623,30,3554.1
2026-09-15 02:36:00,24,0.0,0.0,107.905,370.7939999999998,122.64416666666666,63505,24,2646.0416666666665
2026-09-15 02:37:00,38,0.0,0.0,99.535,270.2135,112.8842105263158,95768,38,2520.2105263157896
2026-09-15 02:38:00,26,0.038461538461538464,0.0,103.83,302.11249999999995,129.0430769230769,94422,26,3631.6153846153848
2026-09-15 02:39:00,28,0.07142857142857142,0.0,82.55,224.62649999999994,102.48607142857144,69857,28,2494.8928571428573
2026-09-15 02:40:00,24,0.041666666666666664,0.0,95.11,278.8074999999999,118.52875,64183,24,2674.2916666666665
2026-09-15 02:41:00,32,0.03125,0.0,108.19,310.37249999999983,124.1203125,99342,32,3104.4375
2026-09-15 02:42:00,27,0.037037037037037035,0.037037037037037035,128.7,251.131,149.5062962962963,93365,27,3457.962962962963
2026-09-15 02:43:00,21,0.0,0.0,101.31,444.22,157.25190476190477,51751,21,2464.3333333333335
2026-09-15 02:44:00,28,0.0,0.0,105.595,262.0234999999999,115.26142857142858,73529,28,2626.035714285714
2026-09-15 02:45:00,34,0.029411764705882353,0.0,112.775,205.83499999999995,112.08882352941177,111223,34,3271.264705882353
2026-09-15 02:46:00,30,0.0,0.0,108.305,215.82149999999993,122.22666666666667,90300,29,3010.0
2026-09-15 02:47:00,33,0.0,0.0,89.18,238.69399999999982,104.42121212121212,94461,33,2862.4545454545455
2026-09-15 02:48:00,39,0.02564102564102564,0.0,129.16,261.23,133.87461538461537,111901,39,2869.25641025641
2026-09-15 02:49:00,36,0.0,0.0,90.17,306.84749999999997,121.61305555555555,93645,36,2601.25
2026-09-15 02:50:00,31,0.03225806451612903,0.0,82.72,250.92000000000002,99.81741935483872,87619,31,2826.4193548387098
2026-09-15 02:51:00,34,0.0,0.0,83.945,216.44099999999992,104.42176470588235,94454,34,2778.0588235294117
2026-09-15 02:52:00,23,0.0,0.0,136.68,292.70099999999996,143.7608695652174,51766,23,2250.695652173913
2026-09-15 02:53:00,44,0.022727272727272728,0.0,84.575,219.47800000000004,101.07727272727271,157259,44,3574.068181818182
2026-09-15 02:54:00,31,0.0,0.0,99.36,278.75,118.93451612903225,106713,31,3442.3548387096776
2026-09-15 02:55:00,26,0.0,0.0,111.975,215.025,116.66423076923077,84553,26,3252.0384615384614
2026-09-15 02:56:00,40,0.0,0.0,122.1,323.3179999999997,144.71275,133138,40,3328.45
2026-09-15 02:57:00,28,0.03571428571428571,0.0,108.25,323.3055,126.39857142857143,88895,28,3174.8214285714284
2026-09-15 02:58:00,31,0.0,0.0,124.73,391.15,147.79580645161292,104418,31,3368.3225806451615
2026-09-15 02:59:00,37,0.0,0.0,106.48,253.49199999999942,117.24405405405405,113375,37,3064.189189189189
2026-09-15 03:00:00,35,0.0,0.0,88.25,443.08399999999983,151.5542857142857,105851,35,3024.3142857142857
2026-09-15 03:01:00,37,0.02702702702702703,0.02702702702702703,118.23,318.29599999999994,136.39783783783784,98902,37,2673.027027027027
2026-09-15 03:02:00,33,0.0,0.0,98.26,350.29199999999986,122.43090909090908,110971,33,3362.757575757576
2026-09-15 03:03:00,27,0.037037037037037035,0.0,97.55,182.28300000000002,109.90370370370371,74691,27,2766.3333333333335
2026-09-15 03:04:00,34,0.058823529411764705,0.029411764705882353,129.405,427.80199999999985,166.93735294117647,87633,34,2577.4411764705883
2026-09-15 03:05:00,38,0.0,0.0,105.59,185.63649999999993,108.49447368421052,126902,38,3339.5263157894738
2026-09-15 03:06:00,26,0.0,0.0,96.425,312.7625,124.5653846153846,76600,26,2946.153846153846
2026-09-15 03:07:00,91,0.01098901098901099,0.0,105.56,309.35,126.87593406593406,290006,91,3186.879120879121
2026-09-15 03:08:00,107,0.028037383177570093,0.0,114.61,341.05,141.58691588785047,324575,107,3033.411214953271
2026-09-15 03:09:00,102,0.0,0.0,101.305,260.47249999999997,116.66049019607844,290545,102,2848.4803921568628
2026-09-15 03:10:00,97,0.0,0.0,101.66,284.52999999999986,123.3919587628866,295362,97,3044.9690721649486
2026-09-15 03:11:00,107,0.018691588785046728,0.0,109.69,301.4049999999999,129.42495327102804,329286,107,3077.4392523364486
2026-09-15 03:12:00,143,0.0,0.0,99.31,279.1190000000003,116.46090909090908,413587,143,2892.2167832167834
2026-09-15 03:13:00,99,0.010101010101010102,0.0,113.46,304.193,134.6781818181818,289287,99,2922.090909090909
2026-09-15 03:14:00,97,0.030927835051546393,0.010309278350515464,113.86,286.86199999999997,141.73072164948454,317526,97,3273.463917525773
2026-09-15 03:15:00,87,0.034482758620689655,0.011494252873563218,101.82,282.5320000000001,120.34540229885057,232019,87,2666.885057471264
2026-09-15 03:16:00,116,0.02586206896551724,0.0,109.915,297.28749999999997,126.69025862068965,370107,116,3190.5775862068967
2026-09-15 03:17:00,127,0.0,0.0,112.22,425.9009999999994,144.53574803149607,407597,126,3209.4251968503936
2026-09-15 03:18:00,131,0.0,0.0,108.59,300.78,134.1757251908397,373679,130,2852.5114503816794
2026-09-15 03:19:00,115,0.008695652173913044,0.0,116.96,354.037,143.9393043478261,367676,115,3197.182608695652
2026-09-15 03:20:00,100,0.02,0.0,115.47,283.76849999999996,129.3242,262437,100,2624.37
2026-09-15 03:21:00,88,0.022727272727272728,0.011363636363636364,107.015,306.8144999999999,131.02625,311712,87,3542.181818181818
2026-09-15 03:22:00,41,0.0,0.0,105.66,361.33,123.78146341463415,123341,41,3008.317073170732
2026-09-15 03:23:00,36,0.0,0.0,97.21,244.4225,114.82166666666666,87750,36,2437.5
2026-09-15 03:24:00,50,0.0,0.0,92.565,237.96099999999998,113.2738,144335,50,2886.7
2026-09-15 03:25:00,39,0.0,0.0,99.29,286.151,120.63512820512821,130134,38,3336.769230769231
2026-09-15 03:26:00,33,0.030303030303030304,0.0,127.5,270.126,132.9630303030303,80878,33,2450.848484848485
2026-09-15 03:27:00,35,0.0,0.0,102.96,364.93499999999955,143.2065714285714,107568,35,3073.3714285714286
2026-09-15 03:28:00,24,0.0,0.0,110.965,245.39699999999988,126.18124999999999,73821,24,3075.875
2026-09-15 03:29:00,45,0.0,0.0,110.9,262.2159999999999,119.23622222222222,148340,45,3296.4444444444443
2026-09-15 03:30:00,30,0.0,0.0,119.47,315.5729999999998,133.56633333333332,96841,30,3228.0333333333333
2026-09-15 03:31:00,38,0.0,0.0,132.0,282.0625,138.48631578947368,105342,38,2772.157894736842
2026-09-15 03:32:00,42,0.023809523809523808,0.0,138.57,517.9849999999997,171.17,141106,42,3359.6666666666665
2026-09-15 03:33:00,50,0.02,0.02,132.32,267.7654999999999,146.9002,158603,50,3172.06
2026-09-15 03:34:00,49,0.0,0.0,101.77,272.50199999999967,124.55428571428571,135360,49,2762.4489795918366
2026-09-15 03:35:00,48,0.0,0.0,127.86500000000001,402.31399999999985,145.75166666666667,145659,48,3034.5625
2026-09-15 03:36:00,36,0.0,0.0,118.69,307.355,138.76194444444445,159810,36,4439.166666666667
2026-09-15 03:37:00,42,0.0,0.0,112.24,362.89849999999984,140.05785714285716,123370,42,2937.3809523809523
2026-09-15 03:38:00,45,0.022222222222222223,0.0,79.62,173.46999999999994,86.236,150189,45,3337.5333333333333
2026-09-15 03:39:00,29,0.0,0.0,108.95,313.5919999999999,149.32793103448276,80776,29,2785.3793103448274
2026-09-15 03:40:00,49,0.0,0.0,121.46,301.4819999999998,135.00938775510204,153459,49,3131.816326530612
2026-09-15 03:41:00,45,0.0,0.0,110.55,266.2239999999999,127.04444444444445,149193,45,3315.4
2026-09-15 03:42:00,28,0.0,0.0,121.33500000000001,322.2555,149.2717857142857,75086,28,2681.6428571428573
2026-09-15 03:43:00,45,0.0,0.0,92.62,212.754,100.44488888888888,145458,45,3232.4
2026-09-15 03:44:00,45,0.022222222222222223,0.0,92.96,290.20599999999985,117.618,146249,45,3249.9777777777776
2026-09-15 03:45:00,34,0.029411764705882353,0.0,95.18,250.2454999999999,116.1435294117647,103198,34,3035.235294117647
2026-09-15 03:46:00,42,0.0,0.0,119.08500000000001,403.29349999999977,162.09761904761905,134482,42,3201.9523809523807
2026-09-15 03:47:00,56,0.017857142857142856,0.0,110.89,268.72249999999997,129.1317857142857,159413,56,2846.660714285714
2026-09-15 03:48:00,57,0.0,0.0,109.66,351.14199999999977,138.25456140350877,173540,57,3044.561403508772
2026-09-15 03:49:00,38,0.0,0.0,76.005,267.9164999999999,117.2728947368421,103386,38,2720.684210526316
2026-09-15 03:50:00,58,0.017241379310344827,0.0,102.92,253.85799999999998,118.01913793103448,166324,58,2867.655172413793
2026-09-15 03:51:00,58,0.0,0.0,96.74000000000001,234.88049999999993,111.0798275862069,219974,58,3792.655172413793
2026-09-15 03:52:00,54,0.037037037037037035,0.037037037037037035,108.08,256.93149999999986,132.0048148148148,149584,54,2770.074074074074
2026-09-15 03:53:00,50,0.0,0.0,114.155,343.4435,133.0568,138963,50,2779.26
2026-09-15 03:54:00,43,0.023255813953488372,0.023255813953488372,100.7,337.924,126.88302325581395,105324,43,2449.3953488372094
2026-09-15 03:55:00,47,0.0,0.0,125.27,397.5479999999993,149.79276595744682,149510,47,3181.063829787234
2026-09-15 03:56:00,44,0.09090909090909091,0.022727272727272728,102.83500000000001,271.7075,131.8902272727273,106841,44,2428.2045454545455
2026-09-15 03:57:00,40,0.025,0.0,101.025,340.3329999999998,129.3155,150816,40,3770.4
2026-09-15 03:58:00,32,0.0,0.0,106.18,346.50649999999996,150.279375,90687,32,2833.96875
2026-09-15 03:59:00,50,0.0,0.0,101.58500000000001,316.7279999999999,123.4914,134088,50,2681.76
2026-09-15 04:00:00,59,0.0,0.0,123.48,310.1819999999999,137.33898305084745,167113,59,2832.423728813559
2026-09-15 04:01:00,58,0.017241379310344827,0.017241379310344827,96.03999999999999,352.59349999999995,130.38241379310347,152834,58,2635.0689655172414
2026-09-15 04:02:00,59,0.05084745762711865,0.0,94.02,274.96899999999954,124.41033898305085,170790,59,2894.7457627118642
2026-09-15 04:03:00,58,0.017241379310344827,0.0,108.86,279.63599999999997,119.2003448275862,181346,58,3126.655172413793
2026-09-15 04:04:00,48,0.0,0.0,131.205,256.224,130.858125,134267,48,2797.2291666666665
2026-09-15 04:05:00,44,0.0,0.0,104.13,278.3775,135.1743181818182,113156,44,2571.7272727272725
2026-09-15 04:06:00,44,0.0,0.0,124.995,324.42500000000007,136.5481818181818,141628,44,3218.818181818182
2026-09-15 04:07:00,66,0.015151515151515152,0.015151515151515152,120.145,318.35749999999996,146.8181818181818,183729,66,2783.7727272727275
2026-09-15 04:08:00,55,0.0,0.0,116.27,301.1859999999999,146.83127272727273,157711,55,2867.4727272727273
2026-09-15 04:09:00,46,0.021739130434782608,0.0,123.83500000000001,363.5525,154.99391304347827,132837,46,2887.7608695652175
2026-09-15 04:10:00,47,0.0,0.0,117.84,329.233,144.3159574468085,142978,47,3042.0851063829787
2026-09-15 04:11:00,66,0.030303030303030304,0.015151515151515152,93.855,320.2825,132.1371212121212,237877,66,3604.1969696969695
2026-09-15 04:12:00,45,0.0,0.0,108.6,309.1559999999999,138.546,129738,45,2883.0666666666666
2026-09-15 04:13:00,68,0.0,0.0,107.875,298.1245,124.63191176470588,206562,68,3037.676470588235
2026-09-15 04:14:00,51,0.0392156862745098,0.0196078431372549,110.91,272.775,127.8386274509804,146193,51,2866.529411764706
2026-09-15 04:15:00,41,0.0,0.0,109.88,301.16,133.8880487804878,135686,41,3309.4146341463415
2026-09-15 04:16:00,37,0.02702702702702703,0.0,112.78,249.0859999999998,120.49702702702703,112881,37,3050.837837837838
2026-09-15 04:17:00,49,0.0,0.0,123.17,296.5019999999998,140.11428571428573,145940,49,2978.3673469387754
2026-09-15 04:18:00,49,0.02040816326530612,0.0,103.59,263.19599999999986,117.15265306122448,150174,49,3064.7755102040815
2026-09-15 04:19:00,65,0.0,0.0,111.22,331.11799999999977,141.966,198517,65,3054.107692307692
2026-09-15 04:20:00,53,0.0,0.0,93.06,298.376,115.26490566037735,140821,53,2657.0
2026-09-15 04:21:00,46,0.021739130434782608,0.021739130434782608,105.82,478.21500000000003,151.28391304347824,128022,46,2783.086956521739
2026-09-15 04:22:00,59,0.0,0.0,125.31,375.0199999999999,148.48084745762714,201735,59,3419.237288135593
2026-09-15 04:23:00,56,0.0,0.0,117.85499999999999,326.4775,143.06678571428571,152343,56,2720.410714285714
2026-09-15 04:24:00,45,0.0,0.0,134.84,325.92599999999993,145.33844444444443,138156,45,3070.133333333333
2026-09-15 04:25:00,56,0.017857142857142856,0.0,96.145,230.3,116.75767857142857,211595,56,3778.4821428571427
2026-09-15 04:26:00,57,0.03508771929824561,0.017543859649122806,103.04,370.36399999999986,142.32438596491227,143524,57,2517.964912280702
2026-09-15 04:27:00,45,0.044444444444444446,0.0,101.2,254.34599999999998,138.384,128364,45,2852.5333333333333
2026-09-15 04:28:00,47,0.0,0.0,100.29,232.2409999999999,112.02255319148937,147521,47,3138.744680851064
2026-09-15 04:29:00,53,0.05660377358490566,0.0,127.75,241.10599999999997,126.50358490566038,138611,53,2615.301886792453
2026-09-15 04:30:00,61,0.0,0.0,112.35,263.09,136.72459016393444,224747,61,3684.377049180328
2026-09-15 04:31:00,54,0.0,0.0,111.25999999999999,220.40199999999996,124.63555555555556,164756,54,3051.037037037037
2026-09-15 04:32:00,44,0.0,0.0,128.115,293.06350000000003,147.27568181818182,146348,44,3326.090909090909
2026-09-15 04:33:00,66,0.045454545454545456,0.0,100.38,226.46499999999997,115.06287878787879,174622,66,2645.787878787879
2026-09-15 04:34:00,51,0.0196078431372549,0.0,136.65,247.39499999999998,133.97117647058823,145544,51,2853.8039215686276
2026-09-15 04:35:00,53,0.018867924528301886,0.0,117.18,336.08799999999997,144.21132075471698,157415,53,2970.0943396226417
2026-09-15 04:36:00,44,0.022727272727272728,0.0,111.25999999999999,300.88900000000007,128.3084090909091,107127,44,2434.7045454545455
2026-09-15 04:37:00,50,0.04,0.0,123.8,344.40699999999987,146.1548,174470,50,3489.4
2026-09-15 04:38:00,61,0.01639344262295082,0.0,109.22,293.56,132.82426229508195,210827,61,3456.1803278688526
2026-09-15 04:39:00,45,0.022222222222222223,0.0,92.19,200.93599999999998,103.16422222222224,179231,45,3982.911111111111
2026-09-15 04:40:00,66,0.0,0.0,103.29,280.4825,127.66106060606059,172979,66,2620.8939393939395
2026-09-15 04:41:00,68,0.029411764705882353,0.014705882352941176,110.24000000000001,270.28599999999994,125.93955882352941,226521,68,3331.1911764705883
2026-09-15 04:42:00,46,0.0,0.0,117.935,287.91499999999996,142.0058695652174,130261,46,2831.7608695652175
2026-09-15 04:43:00,62,0.016129032258064516,0.0,115.96000000000001,346.5314999999999,151.1056451612903,191843,62,3094.2419354838707
2026-09-15 04:44:00,53,0.0,0.0,115.7,317.13199999999995,148.30113207547168,158756,53,2995.396226415094
2026-09-15 04:45:00,59,0.0,0.0,110.12,329.0479999999993,137.3922033898305,142370,59,2413.0508474576272
2026-09-15 04:46:00,59,0.01694915254237288,0.0,99.62,278.90799999999996,114.24898305084746,165193,59,2799.8813559322034
2026-09-15 04:47:00,68,0.029411764705882353,0.014705882352941176,86.095,309.94249999999994,109.76455882352941,196865,68,2895.073529411765
2026-09-15 04:48:00,60,0.016666666666666666,0.0,100.61,292.49849999999986,125.0525,175736,60,2928.9333333333334
2026-09-15 04:49:00,67,0.0,0.0,102.04,325.3529999999997,130.81731343283582,219380,67,3274.3283582089553
2026-09-15 04:50:00,75,0.0,0.0,98.64,282.5659999999998,125.19426666666666,202185,74,2695.8
2026-09-15 04:51:00,74,0.0,0.0,91.0,256.081,113.5008108108108,257306,74,3477.108108108108
2026-09-15 04:52:00,64,0.015625,0.0,94.28999999999999,309.1405,120.08765625,177303,64,2770.359375
2026-09-15 04:53:00,79,0.0379746835443038,0.012658227848101266,104.25,308.1629999999998,133.3601265822785,256619,78,3248.3417721518986
2026-09-15 04:54:00,49,0.0,0.0,97.2,260.98799999999966,125.88448979591837,168877,49,3446.469387755102
2026-09-15 04:55:00,69,0.0,0.0,115.67,263.224,124.55028985507245,248203,68,3597.144927536232
2026-09-15 04:56:00,58,0.017241379310344827,0.0,100.82,218.91,113.2894827586207,191407,58,3300.1206896551726
2026-09-15 04:57:00,63,0.0,0.0,97.08,261.0489999999999,119.27412698412698,164266,63,2607.3968253968255
2026-09-15 04:58:00,61,0.0,0.0,100.57,418.44,140.02295081967213,164704,61,2700.065573770492
2026-09-15 04:59:00,60,0.0,0.0,104.345,425.20099999999985,141.24366666666668,182644,60,3044.0666666666666
2026-09-15 05:00:00,74,0.0,0.0,115.715,328.02,144.82891891891893,216632,74,2927.4594594594596
2026-09-15 05:01:00,76,0.0,0.0,117.97,309.1875,134.7432894736842,272161,76,3581.065789473684
2026-09-15 05:02:00,54,0.018518518518518517,0.0,115.66,373.3665,156.0024074074074,143716,54,2661.4074074074074
2026-09-15 05:03:00,63,0.0,0.0,112.23,267.27,130.54174603174602,168535,63,2675.15873015873
2026-09-15 05:04:00,71,0.014084507042253521,0.0,101.91,257.055,118.92971830985915,186437,71,2625.8732394366198
2026-09-15 05:05:00,61,0.0,0.0,97.92,327.79,128.44032786885245,207106,61,3395.1803278688526
2026-09-15 05:06:00,40,0.0,0.0,108.105,312.61249999999995,127.95250000000001,128694,40,3217.35
2026-09-15 05:07:00,58,0.0,0.0,112.495,451.1159999999998,149.64241379310346,176594,58,3044.7241379310344
2026-09-15 05:08:00,64,0.015625,0.0,107.19,368.9779999999999,147.1678125,225657,64,3525.890625
2026-09-15 05:09:00,59,0.0,0.0,125.27,286.7379999999999,154.44237288135594,154829,59,2624.2203389830506
2026-09-15 05:10:00,62,0.016129032258064516,0.016129032258064516,96.345,237.74649999999997,116.66306451612903,208462,62,3362.2903225806454
2026-09-15 05:11:00,80,0.0125,0.0,89.095,329.01800000000003,117.19500000000001,246007,80,3075.0875
2026-09-15 05:12:00,76,0.0,0.0,112.34,260.0475,126.10631578947368,204788,76,2694.5789473684213
2026-09-15 05:13:00,65,0.0,0.0,117.61,361.91999999999996,140.05276923076923,205601,65,3163.0923076923077
2026-09-15 05:14:00,59,0.01694915254237288,0.0,90.63,287.5969999999999,118.83118644067797,182927,59,3100.4576271186443
2026-09-15 05:15:00,54,0.0,0.0,101.745,387.32999999999976,136.4972222222222,202961,54,3758.537037037037
2026-09-15 05:16:00,80,0.0,0.0,102.91499999999999,273.628,127.992875,236381,80,2954.7625
2026-09-15 05:17:00,56,0.017857142857142856,0.017857142857142856,132.485,282.11,142.5325,160570,56,2867.3214285714284
2026-09-15 05:18:00,64,0.0,0.0,117.765,285.61699999999985,143.84796875,199600,64,3118.75
2026-09-15 05:19:00,54,0.037037037037037035,0.0,121.27000000000001,358.6309999999999,146.47925925925927,156292,54,2894.296296296296
2026-09-15 05:20:00,69,0.014492753623188406,0.0,104.84,299.9759999999999,125.79376811594203,182297,69,2641.985507246377
2026-09-15 05:21:00,62,0.0,0.0,107.925,285.8175,126.86548387096774,187865,62,3030.0806451612902
2026-09-15 05:22:00,77,0.0,0.0,123.62,370.4980000000003,151.02246753246752,230945,77,2999.285714285714
2026-09-15 05:23:00,95,0.021052631578947368,0.010526315789473684,112.14,316.34999999999997,134.55642105263158,288694,95,3038.8842105263157
2026-09-15 05:24:00,68,0.0,0.0,95.315,231.041,111.31838235294117,198030,68,2912.205882352941
2026-09-15 05:25:00,64,0.03125,0.0,129.88,372.8944999999997,156.95015625,196278,64,3066.84375
2026-09-15 05:26:00,66,0.0,0.0,111.66,252.15749999999997,125.03469696969698,218739,66,3314.2272727272725
2026-09-15 05:27:00,77,0.025974025974025976,0.012987012987012988,105.32,326.7820000000001,139.67454545454547,252453,77,3278.6103896103896
2026-09-15 05:28:00,65,0.0,0.0,125.17,359.08,144.58092307692309,224317,65,3451.0307692307692
2026-09-15 05:29:00,74,0.013513513513513514,0.013513513513513514,105.525,276.46649999999966,133.05324324324326,235973,74,3188.824324324324
2026-09-15 05:30:00,70,0.02857142857142857,0.0,112.36,257.4789999999999,126.69200000000001,214839,69,3069.1285714285714
2026-09-15 05:31:00,71,0.028169014084507043,0.014084507042253521,109.49,276.65,123.83352112676057,249032,71,3507.492957746479
2026-09-15 05:32:00,77,0.0,0.0,118.27,279.1640000000003,130.92701298701297,216072,77,2806.12987012987
2026-09-15 05:33:00,58,0.017241379310344827,0.017241379310344827,113.00999999999999,431.95750000000004,170.94724137931036,184177,58,3175.4655172413795
2026-09-15 05:34:00,76,0.0,0.0,101.31,255.8875,118.32736842105263,226683,76,2982.6710526315787
2026-09-15 05:35:00,62,0.016129032258064516,0.0,98.67,229.97199999999995,122.33693548387097,211523,62,3411.6612903225805
2026-09-15 05:36:00,73,0.0,0.0,112.8,285.832,124.00328767123287,229265,73,3140.6164383561645
2026-09-15 05:37:00,75,0.013333333333333334,0.0,85.56,290.467,111.5564,216223,75,2882.9733333333334
2026-09-15 05:38:00,87,0.011494252873563218,0.011494252873563218,91.09,300.101,139.27758620689656,273500,87,3143.67816091954
2026-09-15 05:39:00,79,0.05063291139240506,0.012658227848101266,120.49,326.3829999999996,138.9926582278481,223724,79,2831.9493670886077
2026-09-15 05:40:00,85,0.011764705882352941,0.0,100.44,237.04999999999995,116.14988235294118,213468,85,2511.3882352941177
2026-09-15 05:41:00,73,0.0,0.0,110.91,346.46199999999965,136.72890410958902,208180,72,2851.780821917808
2026-09-15 05:42:00,193,0.015544041450777202,0.0051813471502590676,115.03,328.3459999999998,145.18305699481866,503538,190,2609.0051813471505
2026-09-15 05:43:00,193,0.015544041450777202,0.010362694300518135,113.49,386.15599999999864,145.80139896373055,555460,192,2878.0310880829015
2026-09-15 05:44:00,235,0.01276595744680851,0.0,105.95,330.1979999999999,132.2331914893617,655758,232,2790.459574468085
2026-09-15 05:45:00,200,0.01,0.0,100.4,260.2379999999997,118.0076,618372,199,3091.86
2026-09-15 05:46:00,166,0.024096385542168676,0.006024096385542169,113.555,294.36,127.13451807228917,477320,165,2875.421686746988
2026-09-15 05:47:00,151,0.013245033112582781,0.0,101.19,283.71000000000004,121.55576158940399,467847,151,3098.3245033112585
2026-09-15 05:48:00,189,0.005291005291005291,0.005291005291005291,113.06,354.83199999999994,140.64957671957671,564871,188,2988.73544973545
2026-09-15 05:49:00,191,0.020942408376963352,0.015706806282722512,113.99,335.725,135.95528795811518,587198,189,3074.3350785340313
2026-09-15 05:50:00,231,0.008658008658008658,0.0,112.61,373.865,145.34372294372295,681507,231,2950.246753246753
2026-09-15 05:51:00,259,0.023166023166023165,0.003861003861003861,107.49,278.289,125.18830115830116,797540,256,3079.3050193050194
2026-09-15 05:52:00,232,0.017241379310344827,0.008620689655172414,106.28999999999999,301.37749999999994,129.62836206896552,674692,229,2908.155172413793
2026-09-15 05:53:00,50,0.0,0.0,116.315,313.41049999999996,141.69459999999998,158083,50,3161.66
2026-09-15 05:54:00,75,0.0,0.0,119.61,295.49999999999994,133.73186666666666,210380,75,2805.0666666666666
2026-09-15 05:55:00,79,0.012658227848101266,0.0,113.24,266.215,133.99759493670885,267646,78,3387.9240506329115
2026-09-15 05:56:00,75,0.05333333333333334,0.0,115.4,274.478,127.41693333333333,206583,75,2754.44
2026-09-15 05:57:00,72,0.013888888888888888,0.013888888888888888,122.42500000000001,321.11200000000014,141.0911111111111,199570,72,2771.8055555555557
2026-09-15 05:58:00,59,0.0,0.0,108.35,249.3749999999992,128.84118644067797,163528,59,2771.6610169491523
2026-09-15 05:59:00,77,0.0,0.0,115.36,273.0200000000002,133.64077922077922,243840,77,3166.753246753247
2026-09-15 06:00:00,66,0.0,0.0,115.25999999999999,380.9325,138.69787878787878,204584,66,3099.757575757576
2026-09-15 06:01:00,76,0.039473684210526314,0.0,109.065,344.7775,144.83842105263156,235426,76,3097.7105263157896
2026-09-15 06:02:00,58,0.0,0.0,123.28,260.10299999999995,134.91327586206896,189095,58,3260.2586206896553
2026-09-15 06:03:00,92,0.010869565217391304,0.0,122.61,381.89900000000034,143.0925,263142,91,2860.2391304347825
2026-09-15 06:04:00,69,0.014492753623188406,0.014492753623188406,119.79,303.138,135.09724637681157,208203,69,3017.4347826086955
2026-09-15 06:05:00,79,0.0,0.0,102.91,278.4509999999999,125.61569620253164,224494,79,2841.6962025316457
2026-09-15 06:06:00,74,0.013513513513513514,0.0,93.71000000000001,295.9139999999999,124.16405405405405,217237,74,2935.635135135135
2026-09-15 06:07:00,75,0.0,0.0,115.57,364.4049999999999,140.7048,216967,75,2892.8933333333334
2026-09-15 06:08:00,93,0.010752688172043012,0.010752688172043012,121.8,330.23599999999954,145.97150537634408,322925,93,3472.3118279569894
2026-09-15 06:09:00,71,0.04225352112676056,0.028169014084507043,103.94,245.28499999999997,124.98507042253522,218101,71,3071.845070422535
2026-09-15 06:10:00,66,0.015151515151515152,0.0,85.78,301.7275,127.3219696969697,178031,66,2697.439393939394
2026-09-15 06:11:00,92,0.0,0.0,118.07499999999999,289.214,132.33934782608694,312849,92,3400.532608695652
2026-09-15 06:12:00,93,0.010752688172043012,0.0,91.48,340.60399999999936,125.7648387096774,264658,93,2845.7849462365593
2026-09-15 06:13:00,69,0.0,0.0,114.19,295.7479999999999,131.568115942029,251652,69,3647.1304347826085
2026-09-15 06:14:00,79,0.012658227848101266,0.012658227848101266,117.02,372.4589999999999,152.7867088607595,267931,79,3391.53164556962
2026-09-15 06:15:00,77,0.0,0.0,134.91,295.85,145.3155844155844,244286,77,3172.5454545454545
2026-09-15 06:16:00,80,0.0125,0.0125,96.965,248.2345,110.80924999999999,207121,79,2589.0125
2026-09-15 06:17:00,69,0.014492753623188406,0.0,106.5,324.8179999999995,136.90130434782608,182297,69,2641.985507246377
2026-09-15 06:18:00,85,0.0,0.0,102.8,274.5879999999999,119.57764705882353,265999,85,3129.4
2026-09-15 06:19:00,80,0.0125,0.0,114.67,372.8789999999999,140.499,231485,80,2893.5625
2026-09-15 06:20:00,85,0.0,0.0,96.85,324.9159999999999,122.49376470588234,300990,85,3541.0588235294117
2026-09-15 06:21:00,76,0.0,0.0,116.33500000000001,316.1875,141.88236842105263,214809,76,2826.434210526316
2026-09-15 06:22:00,82,0.0,0.0,137.0,320.49100000000004,151.87073170731708,286449,82,3493.2804878048782
2026-09-15 06:23:00,82,0.024390243902439025,0.0,111.33000000000001,267.22800000000007,124.80036585365853,235404,82,2870.7804878048782
2026-09-15 06:24:00,94,0.0,0.0,126.245,404.373,156.53510638297874,298325,94,3173.6702127659573
2026-09-15 06:25:00,79,0.012658227848101266,0.012658227848101266,101.99,378.5439999999999,137.743417721519,248841,79,3149.8860759493673
2026-09-15 06:26:00,93,0.0,0.0,96.53,318.1579999999995,124.32118279569893,264924,93,2848.6451612903224
2026-09-15 06:27:00,69,0.028985507246376812,0.0,111.12,269.9719999999999,127.91391304347826,209471,68,3035.8115942028985
2026-09-15 06:28:00,98,0.02040816326530612,0.0,109.115,364.37999999999994,133.55183673469386,315988,98,3224.3673469387754
2026-09-15 06:29:00,77,0.025974025974025976,0.012987012987012988,119.31,345.9820000000001,143.96623376623376,209146,76,2716.181818181818
2026-09-15 06:30:00,76,0.013157894736842105,0.0,112.635,317.56,130.90973684210525,223980,76,2947.1052631578946
2026-09-15 06:31:00,92,0.021739130434782608,0.010869565217391304,102.435,309.4135,130.22358695652173,274303,91,2981.554347826087
2026-09-15 06:32:00,80,0.0,0.0,114.105,295.44049999999993,132.575625,226597,80,2832.4625
2026-09-15 06:33:00,82,0.012195121951219513,0.0,126.91499999999999,292.96950000000004,144.17256097560974,230293,82,2808.451219512195
2026-09-15 06:34:00,91,0.01098901098901099,0.01098901098901099,123.73,363.875,148.84153846153845,262065,91,2879.835164835165
2026-09-15 06:35:00,69,0.0,0.0,102.17,267.46199999999993,123.9904347826087,198123,69,2871.3478260869565
2026-09-15 06:36:00,79,0.012658227848101266,0.0,101.63,280.275,121.41784810126583,247201,79,3129.1265822784812
2026-09-15 06:37:00,88,0.011363636363636364,0.0,128.8,342.5074999999998,150.89295454545456,258026,88,2932.1136363636365
2026-09-15 06:38:00,82,0.012195121951219513,0.0,93.075,220.41400000000004,104.97902439024391,268671,82,3276.4756097560976
2026-09-15 06:39:00,65,0.0,0.0,146.49,275.21799999999996,152.0956923076923,209879,65,3228.9076923076923
2026-09-15 06:40:00,78,0.02564102564102564,0.01282051282051282,105.66,229.92149999999995,118.8901282051282,202297,77,2593.551282051282
2026-09-15 06:41:00,82,0.012195121951219513,0.0,105.17,317.785,139.17121951219514,231497,81,2823.1341463414633
2026-09-15 06:42:00,75,0.013333333333333334,0.0,125.25,264.393,135.2493333333333,231842,75,3091.2266666666665
2026-09-15 06:43:00,78,0.02564102564102564,0.01282051282051282,110.22999999999999,271.12549999999965,126.01576923076922,220453,78,2826.3205128205127
2026-09-15 06:44:00,72,0.027777777777777776,0.0,104.565,293.52200000000005,132.66069444444443,217078,72,3014.972222222222
2026-09-15 06:45:00,82,0.012195121951219513,0.0,105.53999999999999,250.49550000000005,130.14756097560976,248518,80,3030.7073170731705
2026-09-15 06:46:00,83,0.024096385542168676,0.012048192771084338,123.18,294.87799999999976,132.43192771084338,261547,83,3151.1686746987953
2026-09-15 06:47:00,106,0.018867924528301886,0.0,99.505,292.1325,125.79471698113207,281206,105,2652.8867924528304
2026-09-15 06:48:00,78,0.01282051282051282,0.0,107.345,271.40999999999946,134.28666666666666,217267,78,2785.474358974359
2026-09-15 06:49:00,106,0.0,0.0,110.78999999999999,265.325,128.0318867924528,352175,106,3322.4056603773583
2026-09-15 06:50:00,82,0.0,0.0,97.71000000000001,307.19300000000004,130.67707317073172,218606,82,2665.9268292682927
2026-09-15 06:51:00,86,0.023255813953488372,0.011627906976744186,123.69999999999999,326.1675,139.85651162790697,290144,85,3373.767441860465
2026-09-15 06:52:00,67,0.0,0.0,127.61,338.58799999999974,155.9976119402985,239099,66,3568.6417910447763
2026-09-15 06:53:00,78,0.0,0.0,102.28999999999999,285.3684999999999,122.28025641025641,241218,78,3092.5384615384614
2026-09-15 06:54:00,90,0.011111111111111112,0.0,100.985,262.24399999999997,118.41333333333334,264587,89,2939.8555555555554
2026-09-15 06:55:00,84,0.0,0.0,99.38,231.52049999999997,112.95845238095238,220139,84,2620.7023809523807
2026-09-15 06:56:00,96,0.010416666666666666,0.0,102.595,244.17249999999999,121.2415625,288433,96,3004.5104166666665
2026-09-15 06:57:00,75,0.0,0.0,118.18,334.35599999999994,138.10933333333335,202345,75,2697.9333333333334
2026-09-15 06:58:00,84,0.011904761904761904,0.0,100.43,215.834,112.66880952380953,255661,84,3043.5833333333335
2026-09-15 06:59:00,80,0.0,0.0,107.875,278.546,129.73775,245747,80,3071.8375
2026-09-15 07:00:00,101,0.019801980198019802,0.009900990099009901,95.68,357.8,137.49326732673268,312280,101,3091.8811881188117
2026-09-15 07:01:00,77,0.0,0.0,101.05,285.11000000000007,123.08,234479,75,3045.181818181818
2026-09-15 07:02:00,72,0.013888888888888888,0.013888888888888888,114.68,266.9425,124.11736111111112,252779,71,3510.8194444444443
2026-09-15 07:03:00,120,0.016666666666666666,0.008333333333333333,97.485,357.8984999999999,127.69341666666668,383029,120,3191.9083333333333
2026-09-15 07:04:00,85,0.011764705882352941,0.011764705882352941,111.47,293.432,132.35635294117645,288201,85,3390.6
2026-09-15 07:05:00,86,0.011627906976744186,0.0,109.22,335.3275,137.3129069767442,256668,86,2984.5116279069766
2026-09-15 07:06:00,72,0.0,0.0,123.94,273.17,134.8313888888889,234977,72,3263.5694444444443
2026-09-15 07:07:00,80,0.0125,0.0,103.88499999999999,346.57299999999975,139.61512499999998,197959,80,2474.4875
2026-09-15 07:08:00,105,0.0,0.0,90.78,286.34199999999987,127.81571428571428,343660,105,3272.9523809523807
2026-09-15 07:09:00,78,0.01282051282051282,0.0,135.175,387.1209999999999,157.88692307692307,223655,78,2867.371794871795
2026-09-15 07:10:00,111,0.009009009009009009,0.0,101.56,329.45,129.7891891891892,336555,108,3032.027027027027
2026-09-15 07:11:00,91,0.0,0.0,100.03,229.325,113.53197802197802,275702,91,3029.6923076923076
2026-09-15 07:12:00,93,0.010752688172043012,0.0,103.23,311.5559999999996,138.49827956989247,262187,93,2819.2150537634407
2026-09-15 07:13:00,94,0.0,0.0,102.45,282.6735,127.55819148936169,304288,93,3237.1063829787236
2026-09-15 07:14:00,79,0.0,0.0,115.94,315.77699999999993,141.7106329113924,233768,79,2959.0886075949365
2026-09-15 07:15:00,80,0.0,0.0,129.52,353.72299999999996,144.432375,271435,80,3392.9375
2026-09-15 07:16:00,78,0.01282051282051282,0.0,109.695,329.06499999999926,138.40115384615385,246278,78,3157.4102564102564
2026-09-15 07:17:00,95,0.021052631578947368,0.010526315789473684,88.93,351.30799999999977,123.30852631578946,243258,95,2560.6105263157897
2026-09-15 07:18:00,79,0.012658227848101266,0.0,95.8,295.46699999999987,128.86139240506327,273113,79,3457.1265822784812
2026-09-15 07:19:00,116,0.0,0.0,104.995,381.585,140.43189655172415,320464,116,2762.6206896551726
2026-09-15 07:20:00,101,0.019801980198019802,0.0,104.49,241.72,120.6708910891089,338272,101,3349.227722772277
2026-09-15 07:21:00,103,0.019417475728155338,0.0,122.52,317.12399999999997,144.99563106796117,321696,103,3123.26213592233
2026-09-15 07:22:00,98,0.02040816326530612,0.0,115.015,263.6724999999999,127.3738775510204,264204,98,2695.9591836734694
2026-09-15 07:23:00,100,0.01,0.01,117.88999999999999,299.9874999999999,134.1072,392582,99,3925.82
2026-09-15 07:24:00,91,0.01098901098901099,0.0,111.08,312.65999999999997,135.38175824175823,231288,91,2541.6263736263736
2026-09-15 07:25:00,105,0.02857142857142857,0.0,102.85,267.6579999999999,130.39980952380952,293062,105,2791.0666666666666
2026-09-15 07:26:00,97,0.0,0.0,101.23,247.80799999999994,119.1140206185567,318019,97,3278.546391752577
2026-09-15 07:27:00,114,0.008771929824561403,0.008771929824561403,119.705,349.08549999999997,154.3751754385965,274819,113,2410.6929824561403
2026-09-15 07:28:00,76,0.0,0.0,106.68,256.1675,115.27052631578947,219386,76,2886.657894736842
2026-09-15 07:29:00,87,0.022988505747126436,0.0,119.62,257.73900000000003,130.92206896551724,235773,87,2710.0344827586205
2026-09-15 07:30:00,75,0.02666666666666667,0.013333333333333334,97.19,337.65399999999966,138.9617333333333,203580,75,2714.4
2026-09-15 07:31:00,95,0.0,0.0,108.95,285.50199999999995,128.4215789473684,262067,95,2758.6
2026-09-15 07:32:00,106,0.009433962264150943,0.0,113.62,289.09250000000003,130.5929245283019,301810,106,2847.264150943396
2026-09-15 07:33:00,87,0.011494252873563218,0.0,105.08,281.1050000000001,124.01988505747126,282447,86,3246.5172413793102
2026-09-15 07:34:00,112,0.008928571428571428,0.008928571428571428,111.035,325.1244999999999,135.03785714285715,330553,111,2951.3660714285716
2026-09-15 07:35:00,78,0.01282051282051282,0.01282051282051282,100.495,299.85099999999983,116.24294871794872,231185,78,2963.9102564102564
2026-09-15 07:36:00,106,0.009433962264150943,0.009433962264150943,110.64500000000001,333.71999999999997,129.951320754717,323314,106,3050.132075471698
2026-09-15 07:37:00,94,0.010638297872340425,0.0,99.88,272.5809999999999,126.10893617021276,282028,94,3000.2978723404253
2026-09-15 07:38:00,93,0.0,0.0,106.7,319.16799999999995,132.28731182795698,312015,93,3355.0
2026-09-15 07:39:00,90,0.011111111111111112,0.0,112.65,329.3499999999999,138.4731111111111,276092,89,3067.688888888889
2026-09-15 07:40:00,85,0.011764705882352941,0.011764705882352941,118.06,310.39599999999996,143.2443529411765,241294,85,2838.752941176471
2026-09-15 07:41:00,90,0.044444444444444446,0.011111111111111112,98.66,290.8615,119.82533333333335,254895,90,2832.1666666666665
2026-09-15 07:42:00,109,0.01834862385321101,0.009174311926605505,111.46,330.578,135.69844036697248,322424,109,2958.0183486238534
2026-09-15 07:43:00,89,0.0,0.0,100.59,309.01399999999984,130.7576404494382,266988,88,2999.8651685393256
2026-09-15 07:44:00,97,0.030927835051546393,0.0,96.13,269.6899999999999,115.86164948453609,309941,96,3195.2680412371133
2026-09-15 07:45:00,109,0.01834862385321101,0.0,117.46,357.5719999999999,145.36972477064222,358159,109,3285.862385321101
2026-09-15 07:46:00,106,0.009433962264150943,0.0,106.61,267.25,124.64037735849055,314460,106,2966.603773584906
2026-09-15 07:47:00,106,0.0,0.0,123.52000000000001,287.8525,138.26396226415093,338529,106,3193.669811320755
2026-09-15 07:48:00,89,0.0,0.0,101.72,278.0959999999997,127.68303370786516,343419,88,3858.6404494382023
2026-09-15 07:49:00,97,0.020618556701030927,0.0,109.22,274.37199999999996,128.3159793814433,272079,97,2804.938144329897
2026-09-15 07:50:00,115,0.008695652173913044,0.0,103.38,300.589,125.70330434782608,357432,115,3108.104347826087
2026-09-15 07:51:00,99,0.030303030303030304,0.0,105.73,279.9449999999999,127.43434343434343,297820,99,3008.282828282828
2026-09-15 07:52:00,110,0.0,0.0,107.58500000000001,302.3695,123.34781818181818,289201,110,2629.1
2026-09-15 07:53:00,101,0.0,0.0,113.14,345.95,137.94623762376239,298757,101,2957.990099009901
2026-09-15 07:54:00,101,0.009900990099009901,0.0,103.19,271.66,121.78613861386138,286353,101,2835.1782178217823
2026-09-15 07:55:00,102,0.00980392156862745,0.0,108.72,281.0099999999997,129.1914705882353,293586,102,2878.294117647059
2026-09-15 07:56:00,99,0.010101010101010102,0.0,117.46,307.92199999999997,135.6960606060606,266049,99,2687.3636363636365
2026-09-15 07:57:00,95,0.010526315789473684,0.0,112.41,264.304,130.26252631578947,280571,95,2953.378947368421
2026-09-15 07:58:00,104,0.009615384615384616,0.0,94.66499999999999,239.85249999999994,117.06336538461538,305775,104,2940.144230769231
2026-09-15 07:59:00,100,0.03,0.0,107.83500000000001,274.1694999999998,120.18360000000001,264844,100,2648.44
2026-09-15 08:00:00,98,0.01020408163265306,0.0,106.485,275.1659999999998,125.0569387755102,333147,98,3399.4591836734694
2026-09-15 08:01:00,96,0.010416666666666666,0.0,112.28999999999999,320.58500000000004,130.92656250000002,283449,96,2952.59375
2026-09-15 08:02:00,102,0.0392156862745098,0.0196078431372549,433.29999999999995,1007.5095,502.68225490196073,317545,102,3113.1862745098038
2026-09-15 08:03:00,125,0.04,0.032,527.32,1339.4039999999995,582.06872,369840,125,2958.72
2026-09-15 08:04:00,86,0.08139534883720931,0.05813953488372093,424.055,1382.7849999999999,546.2460465116279,272061,86,3163.5
2026-09-15 08:05:00,140,0.04285714285714286,0.02142857142857143,570.675,1378.944,627.8477142857142,431414,139,3081.5285714285715
2026-09-15 08:06:00,109,0.027522935779816515,0.01834862385321101,440.47,1374.0359999999998,565.4495412844037,370984,109,3403.5229357798166
2026-09-15 08:07:00,98,0.04081632653061224,0.030612244897959183,570.2149999999999,1393.0829999999999,631.2431632653062,296315,98,3023.622448979592
2026-09-15 08:08:00,105,0.01904761904761905,0.009523809523809525,478.17,1319.358,584.0099047619047,293556,105,2795.7714285714287
2026-09-15 08:09:00,90,0.03333333333333333,0.022222222222222223,408.615,1229.1149999999998,511.68677777777776,231611,90,2573.4555555555557
2026-09-15 08:10:00,117,0.03418803418803419,0.017094017094017096,520.08,1179.492,569.994358974359,350115,116,2992.4358974358975
2026-09-15 08:11:00,92,0.010869565217391304,0.010869565217391304,431.19,1468.9475000000004,578.0511956521739,271459,92,2950.641304347826
2026-09-15 08:12:00,110,0.01818181818181818,0.00909090909090909,518.585,1309.7005,589.1675454545455,376154,110,3419.581818181818
2026-09-15 08:13:00,98,0.01020408163265306,0.01020408163265306,437.97,1457.1734999999996,614.3358163265307,272173,98,2777.2755102040815
2026-09-15 08:14:00,104,0.019230769230769232,0.009615384615384616,486.05,1383.6985,572.5157692307693,301923,104,2903.105769230769
2026-09-15 08:15:00,96,0.03125,0.010416666666666666,487.19,1759.8999999999999,657.1163541666666,289877,96,3019.5520833333335
2026-09-15 08:16:00,109,0.06422018348623854,0.05504587155963303,502.87,1361.8959999999997,611.1622935779817,317985,109,2917.293577981651
2026-09-15 08:17:00,117,0.05128205128205128,0.042735042735042736,519.46,1357.9679999999998,604.4967521367521,319130,116,2727.6068376068374
2026-09-15 08:18:00,94,0.010638297872340425,0.0,109.08,256.73099999999994,128.53404255319148,266827,94,2838.5851063829787
2026-09-15 08:19:00,90,0.011111111111111112,0.0,112.38,273.54249999999996,134.612,298791,90,3319.9
2026-09-15 08:20:00,102,0.00980392156862745,0.0,105.77,297.59749999999997,140.60950980392158,302753,102,2968.1666666666665
2026-09-15 08:21:00,89,0.011235955056179775,0.011235955056179775,113.99,344.642,141.1538202247191,261144,89,2934.2022471910113
2026-09-15 08:22:00,102,0.00980392156862745,0.0,108.22999999999999,292.3984999999999,128.9406862745098,321600,101,3152.9411764705883
2026-09-15 08:23:00,73,0.0,0.0,109.29,331.2579999999999,133.5713698630137,202606,73,2775.4246575342468
2026-09-15 08:24:00,124,0.0,0.0,94.96000000000001,290.78799999999995,117.15532258064516,359323,123,2897.766129032258
2026-09-15 08:25:00,89,0.0,0.0,113.81,318.06399999999996,139.6970786516854,335185,89,3766.123595505618
2026-09-15 08:26:00,108,0.009259259259259259,0.0,102.995,279.43,121.44305555555556,318339,108,2947.5833333333335
2026-09-15 08:27:00,102,0.0,0.0,102.535,299.18999999999994,135.41549019607842,330219,101,3237.4411764705883
2026-09-15 08:28:00,95,0.010526315789473684,0.0,88.76,264.148,115.81936842105263,301701,95,3175.8
2026-09-15 08:29:00,108,0.0,0.0,97.465,320.62199999999996,130.94879629629628,331090,108,3065.6481481481483
2026-09-15 08:30:00,98,0.01020408163265306,0.0,99.745,302.4494999999999,124.13,279963,98,2856.765306122449
2026-09-15 08:31:00,108,0.009259259259259259,0.009259259259259259,121.685,347.19599999999963,147.76250000000002,340078,108,3148.8703703703704
2026-09-15 08:32:00,86,0.011627906976744186,0.0,117.74000000000001,314.6425,133.1446511627907,294507,86,3424.5
2026-09-15 08:33:00,103,0.0,0.0,107.69,304.51299999999975,135.9,307313,103,2983.621359223301
2026-09-15 08:34:00,95,0.021052631578947368,0.0,119.82,312.44599999999997,148.04684210526315,271672,95,2859.705263157895
2026-09-15 08:35:00,106,0.018867924528301886,0.009433962264150943,113.795,298.4125,131.31462264150943,302821,106,2856.801886792453
2026-09-15 08:36:00,100,0.0,0.0,98.445,341.4905,130.1888,275474,100,2754.74
2026-09-15 08:37:00,99,0.020202020202020204,0.0,102.67,371.05499999999984,141.41232323232322,306951,99,3100.5151515151515
2026-09-15 08:38:00,102,0.00980392156862745,0.0,101.78999999999999,274.23549999999994,127.6579411764706,357279,102,3502.735294117647
2026-09-15 08:39:00,85,0.011764705882352941,0.0,111.55,270.6639999999999,121.88976470588234,297792,85,3503.435294117647
2026-09-15 08:40:00,120,0.008333333333333333,0.0,96.065,341.9275,127.51233333333333,372258,118,3102.15
2026-09-15 08:41:00,97,0.030927835051546393,0.0,100.76,273.4079999999998,123.51927835051548,301493,97,3108.175257731959
2026-09-15 08:42:00,109,0.009174311926605505,0.0,98.66,243.68399999999997,121.99073394495413,307468,109,2820.8073394495414
2026-09-15 08:43:00,106,0.009433962264150943,0.0,108.22,351.2375,145.3770754716981,293259,106,2766.5943396226417
2026-09-15 08:44:00,109,0.009174311926605505,0.0,113.68,354.3539999999999,144.0551376146789,329722,109,3024.97247706422
2026-09-15 08:45:00,87,0.011494252873563218,0.011494252873563218,103.38,320.38800000000003,126.67321839080459,335520,87,3856.551724137931
2026-09-15 08:46:00,129,0.031007751937984496,0.007751937984496124,114.06,270.79199999999986,131.25527131782945,381421,128,2956.751937984496
2026-09-15 08:47:00,123,0.0,0.0,120.2,304.967,136.77642276422765,369348,122,3002.829268292683
2026-09-15 08:48:00,94,0.010638297872340425,0.0,102.41,242.867,115.33223404255318,304556,94,3239.9574468085107
2026-09-15 08:49:00,92,0.03260869565217391,0.0,109.85,310.492,134.63119565217391,261758,92,2845.195652173913
2026-09-15 08:50:00,98,0.01020408163265306,0.0,112.33,247.02549999999994,125.56816326530613,274163,98,2797.581632653061
2026-09-15 08:51:00,72,0.0,0.0,95.455,336.09550000000024,126.22902777777777,239530,72,3326.8055555555557
2026-09-15 08:52:00,113,0.0,0.0,109.95,319.8119999999999,132.55991150442478,299698,113,2652.1946902654868
2026-09-15 08:53:00,87,0.022988505747126436,0.011494252873563218,100.82,334.90900000000005,132.25321839080462,258866,87,2975.4712643678163
2026-09-15 08:54:00,89,0.02247191011235955,0.02247191011235955,100.03,299.78999999999957,125.16966292134832,270048,89,3034.247191011236
2026-09-15 08:55:00,118,0.0,0.0,114.26,316.045,136.22516949152543,352478,118,2987.101694915254
2026-09-15 08:56:00,100,0.0,0.0,102.17,245.71649999999997,120.4193,290065,100,2900.65
2026-09-15 08:57:00,99,0.020202020202020204,0.0,104.97,276.1539999999998,117.37929292929292,287784,99,2906.909090909091
2026-09-15 08:58:00,99,0.010101010101010102,0.010101010101010102,111.81,285.6899999999997,132.81666666666666,323528,99,3267.959595959596
2026-09-15 08:59:00,95,0.010526315789473684,0.010526315789473684,102.42,377.83099999999996,137.07526315789474,299968,95,3157.557894736842
2026-09-15 09:00:00,117,0.0,0.0,100.77,324.2899999999998,132.69059829059827,354406,115,3029.1111111111113
2026-09-15 09:01:00,106,0.018867924528301886,0.009433962264150943,105.43,268.44000000000005,125.84726415094339,300111,106,2831.235849056604
2026-09-15 09:02:00,106,0.0,0.0,119.815,292.2125,130.5433962264151,357350,106,3371.2264150943397
2026-09-15 09:03:00,103,0.019417475728155338,0.0,101.41,319.9999999999997,128.98203883495145,333565,102,3238.4951456310678
2026-09-15 09:04:00,94,0.010638297872340425,0.0,112.91999999999999,278.2629999999999,127.29478723404256,285652,94,3038.851063829787
2026-09-15 09:05:00,88,0.011363636363636364,0.011363636363636364,122.91499999999999,337.3634999999998,145.54852272727274,293745,88,3338.0113636363635
2026-09-15 09:06:00,83,0.024096385542168676,0.0,109.09,480.5949999999996,161.13192771084337,231630,83,2790.722891566265
2026-09-15 09:07:00,106,0.009433962264150943,0.0,108.41,313.41,141.3966037735849,357849,106,3375.933962264151
2026-09-15 09:08:00,100,0.01,0.0,106.68,329.39349999999996,137.0698,292828,99,2928.28
2026-09-15 09:09:00,88,0.022727272727272728,0.022727272727272728,111.95,346.11699999999934,141.27056818181816,253336,88,2878.818181818182
2026-09-15 09:10:00,109,0.0,0.0,109.24,301.58599999999996,127.13651376146788,314844,109,2888.4770642201834
2026-09-15 09:11:00,89,0.011235955056179775,0.0,99.49,271.066,127.62674157303371,303253,88,3407.3370786516853
2026-09-15 09:12:00,74,0.0,0.0,105.92,307.16999999999996,131.91324324324324,267881,74,3620.0135135135133
2026-09-15 09:13:00,97,0.010309278350515464,0.010309278350515464,102.76,239.2199999999999,119.14742268041236,285424,97,2942.5154639175257
2026-09-15 09:14:00,98,0.01020408163265306,0.01020408163265306,103.48,282.68549999999965,121.6819387755102,289576,98,2954.8571428571427
2026-09-15 09:15:00,102,0.0196078431372549,0.0,113.78999999999999,269.70999999999987,128.01176470588237,333002,102,3264.725490196078
2026-09-15 09:16:00,97,0.0,0.0,122.47,329.54799999999994,150.0024742268041,307924,97,3174.4742268041236
2026-09-15 09:17:00,91,0.0,0.0,109.37,274.07,123.71307692307691,272307,90,2992.3846153846152
2026-09-15 09:18:00,131,0.007633587786259542,0.0,101.42,328.19,133.00664122137403,431360,131,3292.8244274809163
2026-09-15 09:19:00,114,0.008771929824561403,0.008771929824561403,104.92,319.23199999999997,122.62324561403508,352550,114,3092.5438596491226
2026-09-15 09:20:00,96,0.010416666666666666,0.0,109.36,273.73749999999995,132.06489583333334,316100,96,3292.7083333333335
2026-09-15 09:21:00,89,0.02247191011235955,0.0,102.5,279.1839999999999,118.38651685393258,295258,89,3317.505617977528
2026-09-15 09:22:00,96,0.03125,0.010416666666666666,106.14,270.25,127.99302083333333,274664,95,2861.0833333333335
2026-09-15 09:23:00,95,0.0,0.0,107.89,335.778,137.19589473684212,323744,95,3407.8315789473686
2026-09-15 09:24:00,88,0.022727272727272728,0.011363636363636364,110.095,312.58599999999984,139.74352272727273,236606,88,2688.7045454545455
2026-09-15 09:25:00,108,0.009259259259259259,0.0,105.66,273.361,126.30638888888889,368762,108,3414.462962962963
2026-09-15 09:26:00,89,0.0,0.0,113.37,355.02799999999974,128.62932584269663,272708,89,3064.1348314606744
2026-09-15 09:27:00,129,0.031007751937984496,0.015503875968992248,108.05,326.1899999999997,129.79418604651164,358358,129,2777.968992248062
2026-09-15 09:28:00,114,0.0,0.0,112.15,303.53249999999986,135.98315789473685,349129,114,3062.535087719298
2026-09-15 09:29:00,128,0.015625,0.0,110.95500000000001,301.15299999999974,135.465078125,387473,128,3027.1328125
2026-09-15 09:30:00,98,0.02040816326530612,0.01020408163265306,122.60499999999999,294.502,138.03867346938776,244746,97,2497.408163265306
2026-09-15 09:31:00,96,0.010416666666666666,0.0,99.66499999999999,241.0325,118.39072916666667,339715,96,3538.6979166666665
2026-09-15 09:32:00,92,0.0,0.0,110.53999999999999,406.4905,150.8983695652174,234201,92,2545.663043478261
2026-09-15 09:33:00,102,0.0,0.0,93.805,270.6289999999999,116.45019607843138,312784,102,3066.5098039215686
2026-09-15 09:34:00,82,0.0,0.0,114.425,303.4605,143.21341463414635,238582,82,2909.5365853658536
2026-09-15 09:35:00,96,0.020833333333333332,0.0,118.125,276.7725,131.12447916666667,252782,96,2633.1458333333335
2026-09-15 09:36:00,95,0.021052631578947368,0.0,118.45,317.25999999999993,138.1154736842105,253528,95,2668.7157894736843
2026-09-15 09:37:00,125,0.008,0.0,104.96,264.288,124.25319999999999,381609,125,3052.872
2026-09-15 09:38:00,114,0.008771929824561403,0.008771929824561403,126.775,328.2854999999999,162.934649122807,331546,114,2908.2982456140353
2026-09-15 09:39:00,107,0.009345794392523364,0.009345794392523364,112.5,325.73499999999996,134.14429906542057,353020,107,3299.2523364485983
2026-09-15 09:40:00,95,0.010526315789473684,0.0,100.38,276.205,113.03831578947367,301846,94,3177.3263157894735
2026-09-15 09:41:00,94,0.0425531914893617,0.02127659574468085,103.83,374.3679999999999,131.06489361702128,295671,94,3145.436170212766
2026-09-15 09:42:00,111,0.009009009009009009,0.0,96.21,302.22,125.6317117117117,325391,111,2931.4504504504503
2026-09-15 09:43:00,105,0.01904761904761905,0.009523809523809525,101.36,277.80599999999987,119.64390476190476,304419,105,2899.2285714285713
2026-09-15 09:44:00,116,0.017241379310344827,0.0,98.405,310.4175,130.0421551724138,348142,116,3001.2241379310344
2026-09-15 09:45:00,109,0.03669724770642202,0.0,115.91,319.79399999999976,146.80990825688073,411119,108,3771.733944954128
2026-09-15 09:46:00,95,0.0,0.0,104.4,284.43399999999997,126.88621052631579,252280,95,2655.5789473684213
2026-09-15 09:47:00,106,0.009433962264150943,0.0,107.785,379.0675,137.0198113207547,313988,106,2962.1509433962265
2026-09-15 09:48:00,108,0.0,0.0,109.58500000000001,313.86699999999996,131.52814814814815,300647,107,2783.7685185185187
2026-09-15 09:49:00,84,0.011904761904761904,0.0,109.08500000000001,369.94399999999996,135.31559523809523,249755,84,2973.2738095238096
2026-09-15 09:50:00,106,0.0,0.0,111.56,330.23749999999995,135.99462264150944,374412,106,3532.188679245283
2026-09-15 09:51:00,110,0.02727272727272727,0.00909090909090909,103.215,367.03499999999974,141.07999999999998,284227,110,2583.8818181818183
2026-09-15 09:52:00,110,0.02727272727272727,0.00909090909090909,495.87,1227.5224999999998,561.49,324877,110,2953.427272727273
2026-09-15 09:53:00,91,0.02197802197802198,0.02197802197802198,452.29,1662.53,612.864945054945,285560,91,3138.021978021978
2026-09-15 09:54:00,107,0.018691588785046728,0.009345794392523364,492.43,1219.2449999999997,574.2288785046729,319822,106,2988.9906542056074
2026-09-15 09:55:00,119,0.04201680672268908,0.025210084033613446,532.11,1470.7029999999993,659.9634453781512,291831,119,2452.361344537815
2026-09-15 09:56:00,110,0.045454545454545456,0.03636363636363636,622.4449999999999,1733.5089999999996,725.6723636363637,321899,110,2926.3545454545456
2026-09-15 09:57:00,126,0.05555555555555555,0.031746031746031744,525.085,1771.975,688.0296031746032,367505,126,2916.7063492063494
2026-09-15 09:58:00,100,0.04,0.02,480.62,1470.4609999999998,587.7755000000001,305892,100,3058.92
2026-09-15 09:59:00,99,0.0,0.0,113.98,349.6369999999999,144.66444444444446,331721,99,3350.717171717172
2026-09-15 10:00:00,129,0.0,0.0,102.09,308.09999999999997,124.45519379844961,406418,128,3150.5271317829456
2026-09-15 10:01:00,111,0.02702702702702703,0.009009009009009009,101.06,320.38,132.74054054054054,365708,111,3294.6666666666665
2026-09-15 10:02:00,105,0.009523809523809525,0.0,118.59,285.83799999999997,130.28866666666667,342153,105,3258.6
2026-09-15 10:03:00,118,0.01694915254237288,0.0,109.8,269.2729999999999,124.23813559322035,326531,118,2767.2118644067796
2026-09-15 10:04:00,98,0.01020408163265306,0.01020408163265306,116.51499999999999,393.89949999999976,140.47163265306122,313342,98,3197.3673469387754
2026-09-15 10:05:00,140,0.014285714285714285,0.0,107.745,265.9284999999999,121.72192857142856,456759,140,3262.5642857142857
2026-09-15 10:06:00,96,0.010416666666666666,0.0,94.41499999999999,253.5075,122.76458333333333,288102,96,3001.0625
2026-09-15 10:07:00,107,0.009345794392523364,0.0,115.01,262.7849999999999,124.63560747663551,348777,107,3259.5981308411215
2026-09-15 10:08:00,107,0.009345794392523364,0.0,118.28,294.2509999999998,135.8607476635514,286175,107,2674.532710280374
2026-09-15 10:09:00,103,0.0,0.0,109.1,272.865,126.65504854368932,317874,103,3086.1553398058254
2026-09-15 10:10:00,117,0.03418803418803419,0.008547008547008548,121.17,393.57399999999956,149.79905982905984,392837,117,3357.5811965811968
2026-09-15 10:11:00,107,0.0,0.0,113.61,308.042,137.8893457943925,342385,106,3199.8598130841124
2026-09-15 10:12:00,92,0.010869565217391304,0.0,102.48,330.60949999999997,132.15478260869565,271793,92,2954.271739130435
2026-09-15 10:13:00,97,0.020618556701030927,0.0,107.1,319.69599999999997,133.39845360824742,261307,97,2693.8865979381444
2026-09-15 10:14:00,117,0.0,0.0,106.89,309.0099999999999,127.0540170940171,347326,115,2968.5982905982905
2026-09-15 10:15:00,90,0.022222222222222223,0.011111111111111112,109.945,303.568,139.5088888888889,279846,90,3109.4
2026-09-15 10:16:00,141,0.014184397163120567,0.0070921985815602835,116.69,294.31,138.7999290780142,398573,141,2826.758865248227
2026-09-15 10:17:00,105,0.02857142857142857,0.0,109.63,319.58599999999996,133.86085714285713,316039,105,3009.8952380952383
2026-09-15 10:18:00,88,0.0,0.0,97.95,284.3274999999999,123.30829545454544,299877,88,3407.693181818182
2026-09-15 10:19:00,89,0.02247191011235955,0.011235955056179775,99.8,361.58799999999974,128.56202247191013,253711,89,2850.6853932584268
2026-09-15 10:20:00,104,0.009615384615384616,0.0,110.16,252.52199999999988,124.6639423076923,346678,103,3333.4423076923076
2026-09-15 10:21:00,115,0.0,0.0,109.47,331.335,131.0975652173913,417543,115,3630.808695652174
2026-09-15 10:22:00,88,0.011363636363636364,0.0,122.39500000000001,368.02499999999947,147.32295454545454,277197,88,3149.965909090909
2026-09-15 10:23:00,111,0.0,0.0,99.28,291.22,125.24396396396396,323271,111,2912.3513513513512
2026-09-15 10:24:00,87,0.0,0.0,106.15,332.506,132.74287356321838,326261,87,3750.1264367816093
2026-09-15 10:25:00,96,0.0,0.0,121.36500000000001,271.7975,134.73364583333333,241330,96,2513.8541666666665
2026-09-15 10:26:00,82,0.0,0.0,125.275,269.5085000000001,133.56268292682927,238505,82,2908.5975609756097
2026-09-15 10:27:00,82,0.0,0.0,91.78,239.57299999999998,115.70634146341463,239750,82,2923.7804878048782
2026-09-15 10:28:00,94,0.0,0.0,120.87,334.64999999999986,137.58808510638298,266130,94,2831.1702127659573
2026-09-15 10:29:00,91,0.0,0.0,105.75,357.5,131.83989010989012,282697,91,3106.5604395604396
2026-09-15 10:30:00,100,0.01,0.0,111.1,249.15849999999998,119.9169,285227,100,2852.27
2026-09-15 10:31:00,102,0.00980392156862745,0.0,131.07,330.8224999999999,150.25774509803924,279477,101,2739.970588235294
2026-09-15 10:32:00,102,0.0,0.0,99.86500000000001,291.1644999999999,130.09656862745098,320813,102,3145.225490196078
2026-09-15 10:33:00,87,0.0,0.0,110.62,291.644,130.13988505747128,252136,86,2898.114942528736
2026-09-15 10:34:00,92,0.043478260869565216,0.010869565217391304,111.665,363.86550000000034,138.65304347826086,268285,92,2916.141304347826
2026-09-15 10:35:00,93,0.010752688172043012,0.0,97.18,315.0339999999997,117.67956989247313,244589,93,2629.989247311828
2026-09-15 10:36:00,81,0.012345679012345678,0.0,98.88,255.3,112.3962962962963,228641,81,2822.7283950617284
2026-09-15 10:37:00,103,0.009708737864077669,0.0,118.77,295.642,136.10883495145632,324080,103,3146.4077669902913
2026-09-15 10:38:00,104,0.028846153846153848,0.019230769230769232,104.155,356.1635,140.01586538461538,322839,104,3104.221153846154
2026-09-15 10:39:00,116,0.017241379310344827,0.0,103.225,265.2525,125.80146551724137,327215,116,2820.8189655172414
2026-09-15 10:40:00,116,0.008620689655172414,0.0,94.82,339.90999999999997,134.52853448275863,331192,116,2855.103448275862
2026-09-15 10:41:00,74,0.02702702702702703,0.0,131.85000000000002,306.28749999999997,143.92810810810812,213152,73,2880.4324324324325
2026-09-15 10:42:00,80,0.0,0.0,110.195,273.0145,125.59087500000001,226776,80,2834.7
2026-09-15 10:43:00,107,0.0,0.0,97.02,311.93099999999936,129.38841121495327,315203,107,2945.822429906542
2026-09-15 10:44:00,93,0.0,0.0,112.48,295.2719999999996,127.84548387096775,315394,93,3391.3333333333335
2026-09-15 10:45:00,76,0.02631578947368421,0.0,108.025,381.28,137.02921052631578,241328,76,3175.3684210526317
2026-09-15 10:46:00,111,0.0,0.0,105.5,319.775,125.95756756756758,343801,111,3097.3063063063064
2026-09-15 10:47:00,91,0.01098901098901099,0.0,110.29,336.33500000000004,132.44021978021976,274987,90,3021.835164835165
2026-09-15 10:48:00,100,0.01,0.0,109.74000000000001,329.59049999999996,129.8168,281710,100,2817.1
2026-09-15 10:49:00,99,0.020202020202020204,0.0,105.94,261.95099999999996,125.8479797979798,283239,99,2861.0
2026-09-15 10:50:00,116,0.008620689655172414,0.0,111.73500000000001,238.225,120.72620689655172,374601,116,3229.3189655172414
2026-09-15 10:51:00,110,0.01818181818181818,0.0,102.375,309.9615,126.38918181818181,300768,109,2734.2545454545457
2026-09-15 10:52:00,80,0.0,0.0,108.33500000000001,271.14349999999996,120.613125,203544,80,2544.3
2026-09-15 10:53:00,90,0.03333333333333333,0.022222222222222223,107.45500000000001,246.1505,122.19388888888889,278958,89,3099.5333333333333
2026-09-15 10:54:00,139,0.007194244604316547,0.0,115.85,326.02099999999996,130.79187050359712,408456,139,2938.5323741007196
2026-09-15 10:55:00,88,0.0,0.0,109.27,337.9564999999997,143.92022727272726,218337,88,2481.1022727272725
2026-09-15 10:56:00,103,0.0,0.0,114.09,244.10199999999998,127.18058252427184,292617,103,2840.9417475728155
2026-09-15 10:57:00,89,0.033707865168539325,0.0,115.36,435.7219999999996,160.28325842696628,289896,89,3257.258426966292
2026-09-15 10:58:00,99,0.0,0.0,122.95,317.8839999999998,146.4958585858586,285287,99,2881.686868686869
2026-09-15 10:59:00,98,0.01020408163265306,0.0,106.16,265.3674999999999,122.66193877551021,291207,98,2971.5
2026-09-15 11:00:00,88,0.0,0.0,110.115,240.0074999999999,115.58227272727272,255085,88,2898.693181818182
2026-09-15 11:01:00,94,0.0,0.0,130.85,346.2199999999999,145.68170212765958,234648,93,2496.255319148936
2026-09-15 11:02:00,128,0.0,0.0,110.635,325.8814999999998,141.2840625,351972,127,2749.78125
2026-09-15 11:03:00,95,0.042105263157894736,0.0,112.33,260.60299999999995,124.13178947368422,270015,94,2842.2631578947367
2026-09-15 11:04:00,113,0.02654867256637168,0.008849557522123894,107.11,334.18799999999993,139.29424778761063,304968,113,2698.83185840708
2026-09-15 11:05:00,87,0.022988505747126436,0.0,107.92,285.02400000000006,123.41563218390804,302059,87,3471.942528735632
2026-09-15 11:06:00,108,0.0,0.0,112.89,289.8419999999999,134.24333333333334,298243,107,2761.509259259259
2026-09-15 11:07:00,106,0.0,0.0,114.51,242.5925,116.78584905660377,315523,106,2976.632075471698
2026-09-15 11:08:00,95,0.021052631578947368,0.010526315789473684,112.43,368.06699999999995,145.29694736842106,318015,95,3347.5263157894738
2026-09-15 11:09:00,98,0.01020408163265306,0.0,107.94,324.44599999999997,137.3861224489796,272884,98,2784.530612244898
2026-09-15 11:10:00,88,0.0,0.0,105.6,294.04099999999977,136.94102272727272,326672,88,3712.181818181818
2026-09-15 11:11:00,96,0.0,0.0,113.11,250.0625,132.84791666666666,295668,95,3079.875
2026-09-15 11:12:00,89,0.0,0.0,110.82,281.8519999999999,133.17808988764045,282112,89,3169.7977528089887
2026-09-15 11:13:00,76,0.02631578947368421,0.0,111.66,325.5425,137.3675,208698,76,2746.0263157894738
2026-09-15 11:14:00,79,0.012658227848101266,0.0,103.43,327.7059999999999,136.94392405063292,246985,79,3126.3924050632913
2026-09-15 11:15:00,69,0.0,0.0,101.51,299.8919999999997,126.74144927536231,231603,69,3356.5652173913045
2026-09-15 11:16:00,90,0.011111111111111112,0.0,106.63499999999999,316.4059999999999,135.2211111111111,281023,90,3122.4777777777776
2026-09-15 11:17:00,106,0.009433962264150943,0.0,114.03999999999999,411.6575,148.5932075471698,304765,106,2875.1415094339623
2026-09-15 11:18:00,122,0.00819672131147541,0.0,116.86,284.66049999999984,134.5850819672131,330243,122,2706.909836065574
2026-09-15 11:19:00,81,0.012345679012345678,0.0,111.39,292.41,128.93716049382715,247043,81,3049.9135802469136
2026-09-15 11:20:00,92,0.010869565217391304,0.010869565217391304,100.345,295.00000000000006,134.14739130434782,273003,92,2967.4239130434785
2026-09-15 11:21:00,97,0.0,0.0,104.96,314.746,127.55268041237115,311444,97,3210.762886597938
2026-09-15 11:22:00,95,0.0,0.0,112.48,233.39399999999995,123.28347368421053,271574,95,2858.6736842105265
2026-09-15 11:23:00,82,0.0,0.0,107.045,334.0825000000001,138.68975609756097,256780,82,3131.4634146341464
2026-09-15 11:24:00,102,0.0,0.0,102.67,279.16249999999974,126.63598039215687,315863,101,3096.6960784313724
2026-09-15 11:25:00,97,0.0,0.0,116.19,289.70199999999994,127.56247422680411,289015,97,2979.536082474227
2026-09-15 11:26:00,121,0.0,0.0,101.62,324.17,125.39983471074379,354387,121,2928.818181818182
2026-09-15 11:27:00,108,0.037037037037037035,0.018518518518518517,92.97,226.3755,112.1475925925926,313647,108,2904.1388888888887
2026-09-15 11:28:00,103,0.02912621359223301,0.0,115.81,292.2809999999998,133.6568932038835,329328,103,3197.359223300971
2026-09-15 11:29:00,87,0.011494252873563218,0.0,121.54,315.6720000000001,151.21747126436782,231301,87,2658.632183908046
2026-09-15 11:30:00,86,0.0,0.0,99.06,363.9975,138.61674418604653,246457,86,2865.779069767442
2026-09-15 11:31:00,82,0.024390243902439025,0.0,109.71000000000001,388.07850000000013,148.31890243902438,236754,82,2887.243902439024
2026-09-15 11:32:00,71,0.0,0.0,106.8,261.78999999999996,132.80281690140845,244897,70,3449.2535211267605
2026-09-15 11:33:00,80,0.0,0.0,128.56,390.9214999999999,150.64475,275520,80,3444.0
2026-09-15 11:34:00,97,0.0,0.0,106.74,249.04399999999993,130.49762886597938,323121,97,3331.144329896907
2026-09-15 11:35:00,77,0.012987012987012988,0.0,94.98,298.116,122.84857142857143,208210,77,2704.025974025974
2026-09-15 11:36:00,101,0.009900990099009901,0.0,104.51,318.88,127.56405940594058,341466,101,3380.8514851485147
2026-09-15 11:37:00,76,0.0,0.0,110.025,309.5425,132.895,254457,76,3348.1184210526317
2026-09-15 11:38:00,102,0.0,0.0,117.785,259.1615,132.60117647058823,314647,102,3084.774509803922
2026-09-15 11:39:00,80,0.0125,0.0125,105.295,349.6699999999999,137.54749999999999,258689,80,3233.6125
2026-09-15 11:40:00,102,0.0,0.0,112.23,366.24449999999996,139.16764705882352,350301,101,3434.323529411765
2026-09-15 11:41:00,86,0.0,0.0,96.66,364.445,126.12279069767442,254877,86,2963.686046511628
2026-09-15 11:42:00,121,0.008264462809917356,0.0,116.12,299.52,135.34305785123968,379595,121,3137.1487603305786
2026-09-15 11:43:00,112,0.044642857142857144,0.008928571428571428,117.32,308.795,133.62723214285714,312804,112,2792.8928571428573
2026-09-15 11:44:00,105,0.02857142857142857,0.0,114.71,268.212,128.5864761904762,320964,105,3056.8
2026-09-15 11:45:00,76,0.0,0.0,111.505,233.4725,117.47907894736842,212221,76,2792.3815789473683
2026-09-15 11:46:00,91,0.0,0.0,95.58,239.925,114.70241758241758,284557,91,3127.0
2026-09-15 11:47:00,94,0.010638297872340425,0.0,105.0,289.62299999999993,127.6181914893617,274036,93,2915.276595744681
2026-09-15 11:48:00,90,0.0,0.0,115.96000000000001,298.9525,137.366,251376,90,2793.0666666666666
2026-09-15 11:49:00,85,0.023529411764705882,0.0,110.76,356.9939999999999,136.1829411764706,281657,84,3313.6117647058823
2026-09-15 11:50:00,89,0.011235955056179775,0.0,115.5,280.13999999999993,135.75258426966292,251300,89,2823.5955056179773
2026-09-15 11:51:00,92,0.03260869565217391,0.021739130434782608,104.735,313.1420000000001,131.3620652173913,245428,92,2667.695652173913
2026-09-15 11:52:00,99,0.010101010101010102,0.0,113.29,300.496,128.11929292929293,299174,99,3021.959595959596
2026-09-15 11:53:00,88,0.011363636363636364,0.011363636363636364,101.23,326.31849999999986,122.70272727272727,247011,88,2806.943181818182
2026-09-15 11:54:00,101,0.019801980198019802,0.0,109.13,266.19,130.2270297029703,320370,100,3171.980198019802
2026-09-15 11:55:00,91,0.0,0.0,113.12,284.755,131.08274725274725,280915,91,3086.978021978022
2026-09-15 11:56:00,84,0.011904761904761904,0.0,111.16,286.64199999999994,138.48761904761903,216963,84,2582.8928571428573
2026-09-15 11:57:00,100,0.01,0.0,111.15,254.67849999999999,127.2335,293792,100,2937.92
2026-09-15 11:58:00,100,0.02,0.01,106.515,312.7705,135.4125,291828,100,2918.28
2026-09-15 11:59:00,87,0.011494252873563218,0.0,102.56,284.1290000000001,125.33471264367817,251384,86,2889.4712643678163
2026-09-15 12:00:00,72,0.0,0.0,110.86,356.4765000000002,139.4501388888889,224261,71,3114.7361111111113
2026-09-15 12:01:00,89,0.0,0.0,104.2,304.6539999999999,130.9426966292135,332711,89,3738.325842696629
2026-09-15 12:02:00,102,0.0196078431372549,0.0,111.28999999999999,308.9335,132.8255882352941,301813,102,2958.950980392157
2026-09-15 12:03:00,86,0.0,0.0,103.10499999999999,236.6675,110.17616279069767,250498,86,2912.767441860465
2026-09-15 12:04:00,94,0.0,0.0,98.97,265.78249999999997,121.89276595744681,300301,94,3194.691489361702
2026-09-15 12:05:00,94,0.02127659574468085,0.0,104.14500000000001,310.561,129.78755319148937,265132,94,2820.553191489362
2026-09-15 12:06:00,98,0.0,0.0,98.145,264.26099999999997,118.4034693877551,312880,97,3192.6530612244896
2026-09-15 12:07:00,70,0.014285714285714285,0.014285714285714285,105.245,261.95199999999994,120.57285714285715,204723,70,2924.614285714286
2026-09-15 12:08:00,99,0.010101010101010102,0.0,112.23,281.6239999999999,129.59737373737374,300610,99,3036.4646464646466
2026-09-15 12:09:00,70,0.014285714285714285,0.0,95.37,401.52299999999985,137.60242857142856,185914,70,2655.9142857142856
2026-09-15 12:10:00,75,0.013333333333333334,0.0,106.63,353.2849999999999,136.1728,209903,75,2798.7066666666665
2026-09-15 12:11:00,89,0.011235955056179775,0.011235955056179775,101.61,282.27799999999996,131.2473033707865,232473,89,2612.0561797752807
2026-09-15 12:12:00,106,0.009433962264150943,0.0,104.315,376.415,135.77849056603773,320775,106,3026.1792452830186
2026-09-15 12:13:00,88,0.022727272727272728,0.011363636363636364,90.495,284.3699999999996,118.78988636363637,228095,88,2591.9886363636365
2026-09-15 12:14:00,76,0.0,0.0,112.27000000000001,330.275,134.29999999999998,239731,75,3154.3552631578946
2026-09-15 12:15:00,76,0.02631578947368421,0.0,110.65,268.46000000000004,127.86631578947369,234135,76,3080.7236842105262
2026-09-15 12:16:00,100,0.01,0.0,135.61,301.5295,141.3716,318087,100,3180.87
2026-09-15 12:17:00,64,0.03125,0.015625,114.565,298.62899999999996,136.18515625,158841,64,2481.890625
2026-09-15 12:18:00,99,0.0,0.0,109.75,284.772,122.62191919191919,331724,99,3350.747474747475
2026-09-15 12:19:00,106,0.018867924528301886,0.0,95.85499999999999,287.2025,124.64877358490567,374557,106,3533.556603773585
2026-09-15 12:20:00,90,0.022222222222222223,0.0,117.65,310.22199999999987,134.0148888888889,267186,90,2968.733333333333
2026-09-15 12:21:00,97,0.0,0.0,120.32,320.2879999999998,136.51360824742267,273491,97,2819.494845360825
2026-09-15 12:22:00,70,0.014285714285714285,0.0,117.32499999999999,344.501,138.2177142857143,234022,70,3343.1714285714284
2026-09-15 12:23:00,94,0.010638297872340425,0.0,109.22,275.66699999999975,137.4486170212766,292754,94,3114.404255319149
2026-09-15 12:24:00,88,0.0,0.0,110.19,263.2765,117.97761363636364,287384,88,3265.7272727272725
2026-09-15 12:25:00,82,0.0,0.0,110.795,332.24,147.89670731707318,223067,82,2720.329268292683
2026-09-15 12:26:00,67,0.0,0.0,89.83,311.75399999999985,122.5416417910448,194214,67,2898.716417910448
2026-09-15 12:27:00,85,0.023529411764705882,0.011764705882352941,108.29,273.3399999999999,134.80070588235293,277654,85,3266.5176470588235
2026-09-15 12:28:00,88,0.011363636363636364,0.0,102.125,297.977,127.3725,262581,88,2983.875
2026-09-15 12:29:00,67,0.0,0.0,103.57,325.8869999999997,124.09731343283583,192810,67,2877.7611940298507
2026-09-15 12:30:00,80,0.0125,0.0,109.265,317.43999999999994,134.96687500000002,255909,80,3198.8625
2026-09-15 12:31:00,102,0.0196078431372549,0.0,101.65,308.5329999999996,122.72098039215687,321261,102,3149.6176470588234
2026-09-15 12:32:00,75,0.0,0.0,94.68,266.697,117.67493333333334,239135,74,3188.4666666666667
2026-09-15 12:33:00,72,0.013888888888888888,0.0,116.78,284.1890000000002,127.14347222222221,213915,72,2971.0416666666665
2026-09-15 12:34:00,91,0.0,0.0,101.41,302.295,127.53483516483517,281435,91,3092.6923076923076
2026-09-15 12:35:00,97,0.0,0.0,103.28,283.188,119.90134020618557,278334,96,2869.422680412371
2026-09-15 12:36:00,102,0.0,0.0,93.005,292.5219999999996,113.8028431372549,267910,102,2626.5686274509803
2026-09-15 12:37:00,74,0.0,0.0,119.78999999999999,307.00499999999977,132.7158108108108,258652,74,3495.2972972972975
2026-09-15 12:38:00,86,0.011627906976744186,0.0,111.13499999999999,333.305,138.87186046511627,285030,86,3314.3023255813955
2026-09-15 12:39:00,76,0.013157894736842105,0.0,121.635,318.5675,136.8671052631579,206470,75,2716.7105263157896
2026-09-15 12:40:00,77,0.012987012987012988,0.0,109.57,326.98400000000004,139.60805194805195,220065,77,2857.987012987013
2026-09-15 12:41:00,100,0.01,0.0,111.275,294.95699999999994,130.48059999999998,326073,100,3260.73
2026-09-15 12:42:00,80,0.0125,0.0125,102.63,277.1084999999998,123.32075,263277,80,3290.9625
2026-09-15 12:43:00,79,0.012658227848101266,0.0,96.07,289.35799999999983,118.10075949367088,215212,79,2724.2025316455697
2026-09-15 12:44:00,118,0.025423728813559324,0.00847457627118644,118.83000000000001,325.29849999999993,138.45296610169493,350102,117,2966.9661016949153
2026-09-15 12:45:00,69,0.014492753623188406,0.0,106.31,434.4399999999998,134.40043478260867,183582,69,2660.608695652174
2026-09-15 12:46:00,92,0.010869565217391304,0.010869565217391304,90.565,327.448,118.63999999999999,279283,92,3035.6847826086955
2026-09-15 12:47:00,71,0.014084507042253521,0.0,93.27,264.32,114.82464788732395,265712,71,3742.4225352112676
2026-09-15 12:48:00,97,0.0,0.0,115.92,255.01999999999967,131.64134020618556,352781,97,3636.917525773196
2026-09-15 12:49:00,94,0.010638297872340425,0.0,130.425,404.5014999999996,152.0073404255319,247682,94,2634.9148936170213
2026-09-15 12:50:00,98,0.01020408163265306,0.0,123.86500000000001,284.8844999999992,137.14632653061224,332649,98,3394.377551020408
2026-09-15 12:51:00,75,0.0,0.0,105.94,289.091,134.316,233184,73,3109.12
2026-09-15 12:52:00,71,0.0,0.0,98.98,357.79499999999996,141.76535211267606,214106,70,3015.5774647887324
2026-09-15 12:53:00,79,0.012658227848101266,0.0,115.58,322.84599999999995,132.17746835443037,232513,79,2943.2025316455697
2026-09-15 12:54:00,82,0.012195121951219513,0.0,117.01,266.01000000000005,132.39463414634147,293770,82,3582.560975609756
2026-09-15 12:55:00,76,0.013157894736842105,0.013157894736842105,115.16499999999999,375.31,155.3178947368421,226444,75,2979.5263157894738
2026-09-15 12:56:00,50,0.02,0.0,117.83500000000001,325.7129999999999,145.505,157079,50,3141.58
2026-09-15 12:57:00,101,0.019801980198019802,0.0,116.84,307.76,135.24257425742573,318221,101,3150.70297029703
2026-09-15 12:58:00,73,0.0136986301369863,0.0136986301369863,108.87,378.8979999999996,147.2649315068493,276595,73,3788.972602739726
2026-09-15 12:59:00,80,0.0,0.0,107.39,266.6899999999999,131.86575,231505,80,2893.8125
2026-09-15 13:00:00,105,0.009523809523809525,0.0,108.09,264.774,130.2727619047619,303088,105,2886.552380952381
2026-09-15 13:01:00,97,0.0,0.0,115.76,299.54999999999984,129.9477319587629,349726,97,3605.422680412371
2026-09-15 13:02:00,93,0.010752688172043012,0.0,95.68,236.70799999999997,112.47645161290322,243416,93,2617.3763440860216
2026-09-15 13:03:00,104,0.028846153846153848,0.0,100.57499999999999,288.89699999999993,124.17855769230769,352434,104,3388.7884615384614
2026-09-15 13:04:00,91,0.0,0.0,116.37,375.93,148.52648351648352,327871,91,3602.978021978022
2026-09-15 13:05:00,103,0.009708737864077669,0.0,101.23,286.50599999999986,117.96349514563107,318998,103,3097.0679611650485
2026-09-15 13:06:00,91,0.0,0.0,111.92,300.28999999999996,138.49582417582417,288103,90,3165.967032967033
2026-09-15 13:07:00,66,0.015151515151515152,0.0,125.36,301.0,137.0380303030303,225370,66,3414.6969696969695
2026-09-15 13:08:00,87,0.0,0.0,102.47,230.97600000000006,108.06528735632185,230142,87,2645.310344827586
2026-09-15 13:09:00,76,0.05263157894736842,0.0,106.025,256.915,115.66118421052632,304356,76,4004.684210526316
2026-09-15 13:10:00,92,0.0,0.0,91.25999999999999,298.10800000000006,119.37836956521738,288678,92,3137.804347826087
2026-09-15 13:11:00,82,0.012195121951219513,0.0,100.38,263.89549999999997,136.60195121951222,245092,82,2988.9268292682927
2026-09-15 13:12:00,103,0.019417475728155338,0.009708737864077669,124.03,380.4989999999998,155.75077669902913,264623,103,2569.1553398058254
2026-09-15 13:13:00,79,0.02531645569620253,0.0,97.27,282.22,127.60088607594936,244572,79,3095.8481012658226
2026-09-15 13:14:00,74,0.0,0.0,97.31,245.22599999999986,109.345,231545,74,3128.9864864864867
2026-09-15 13:15:00,80,0.025,0.0,110.61,256.61349999999993,124.86300000000001,250937,80,3136.7125
2026-09-15 13:16:00,83,0.0,0.0,115.18,341.67199999999997,145.03385542168675,252380,83,3040.722891566265
2026-09-15 13:17:00,74,0.0,0.0,114.91499999999999,308.3294999999998,136.87594594594594,220245,74,2976.2837837837837
2026-09-15 13:18:00,73,0.0136986301369863,0.0136986301369863,119.44,356.4239999999998,150.2872602739726,232347,73,3182.8356164383563
2026-09-15 13:19:00,94,0.0,0.0,99.685,281.2304999999999,121.3931914893617,323293,94,3439.2872340425533
2026-09-15 13:20:00,72,0.013888888888888888,0.0,109.45500000000001,263.24300000000005,128.57666666666668,218938,72,3040.8055555555557
2026-09-15 13:21:00,85,0.0,0.0,99.95,315.096,134.19152941176472,261437,85,3075.7294117647057
2026-09-15 13:22:00,76,0.0,0.0,106.37,279.7025,128.15407894736845,213787,76,2812.9868421052633
2026-09-15 13:23:00,99,0.020202020202020204,0.0,123.26,315.19599999999997,147.86646464646466,304679,99,3077.5656565656564
2026-09-15 13:24:00,91,0.01098901098901099,0.0,117.21,310.445,136.43428571428572,310223,91,3409.043956043956
2026-09-15 13:25:00,62,0.0,0.0,91.865,265.20849999999996,125.92838709677419,227368,62,3667.2258064516127
2026-09-15 13:26:00,77,0.0,0.0,120.75,307.90000000000026,134.4703896103896,211353,76,2744.844155844156
2026-09-15 13:27:00,77,0.0,0.0,102.16,312.91400000000004,122.6809090909091,218847,77,2842.1688311688313
2026-09-15 13:28:00,83,0.012048192771084338,0.012048192771084338,97.66,354.4119999999997,119.30325301204819,277429,83,3342.5180722891564
2026-09-15 13:29:00,80,0.0,0.0,112.785,287.27299999999997,132.841625,232722,80,2909.025
2026-09-15 13:30:00,96,0.010416666666666666,0.010416666666666666,108.29499999999999,285.5225,125.31197916666667,327920,96,3415.8333333333335
2026-09-15 13:31:00,100,0.01,0.0,99.495,263.24749999999995,123.14229999999999,299046,100,2990.46
2026-09-15 13:32:00,83,0.0,0.0,103.2,285.79199999999975,122.65867469879518,280695,83,3381.867469879518
2026-09-15 13:33:00,90,0.022222222222222223,0.0,119.715,300.73299999999995,138.7517777777778,270075,90,3000.8333333333335
2026-09-15 13:34:00,101,0.0,0.0,98.58,274.41,113.6991089108911,306373,101,3033.3960396039606
2026-09-15 13:35:00,77,0.0,0.0,104.01,276.882,127.10649350649352,233486,77,3032.285714285714
2026-09-15 13:36:00,66,0.0,0.0,89.015,223.665,102.51727272727273,185479,66,2810.287878787879
2026-09-15 13:37:00,70,0.02857142857142857,0.0,121.60499999999999,268.70899999999995,138.72114285714284,221483,70,3164.042857142857
2026-09-15 13:38:00,74,0.0,0.0,99.715,243.65899999999976,123.33486486486487,197325,74,2666.554054054054
2026-09-15 13:39:00,83,0.024096385542168676,0.012048192771084338,121.81,302.0339999999998,140.8132530120482,265983,83,3204.614457831325
2026-09-15 13:40:00,79,0.0,0.0,102.78,317.04699999999997,125.40898734177215,249361,79,3156.46835443038
2026-09-15 13:41:00,74,0.013513513513513514,0.013513513513513514,113.20500000000001,324.8305,135.24824324324325,243001,74,3283.7972972972975
2026-09-15 13:42:00,83,0.012048192771084338,0.012048192771084338,102.23,296.64499999999987,127.8755421686747,256352,83,3088.578313253012
2026-09-15 13:43:00,80,0.0,0.0,125.065,235.15599999999995,126.65474999999999,243784,80,3047.3
2026-09-15 13:44:00,88,0.0,0.0,104.17,298.04849999999954,126.09534090909091,261810,88,2975.1136363636365
2026-09-15 13:45:00,90,0.022222222222222223,0.011111111111111112,109.625,378.23599999999993,137.60899999999998,264993,90,2944.366666666667
2026-09-15 13:46:00,67,0.0,0.0,90.59,300.2489999999999,122.63179104477612,208154,67,3106.776119402985
2026-09-15 13:47:00,71,0.014084507042253521,0.014084507042253521,109.15,361.98,136.9250704225352,217024,71,3056.676056338028
2026-09-15 13:48:00,65,0.0,0.0,115.09,269.916,134.36046153846155,172614,65,2655.6
2026-09-15 13:49:00,57,0.0,0.0,105.65,241.96199999999993,119.97052631578947,149423,57,2621.4561403508774
2026-09-15 13:50:00,73,0.0273972602739726,0.0136986301369863,134.61,259.2299999999998,140.6676712328767,224373,73,3073.6027397260273
2026-09-15 13:51:00,85,0.023529411764705882,0.011764705882352941,104.1,288.388,123.8515294117647,254232,85,2990.964705882353
2026-09-15 13:52:00,106,0.018867924528301886,0.0,101.15,342.3175,140.31896226415094,308853,106,2913.7075471698113
2026-09-15 13:53:00,97,0.020618556701030927,0.020618556701030927,110.08,346.0779999999996,135.68835051546392,289764,97,2987.257731958763
2026-09-15 13:54:00,77,0.0,0.0,103.1,297.5000000000001,131.58974025974027,230214,77,2989.7922077922076
2026-09-15 13:55:00,59,0.01694915254237288,0.01694915254237288,108.99,277.1949999999998,129.2415254237288,197800,59,3352.5423728813557
2026-09-15 13:56:00,73,0.0273972602739726,0.0136986301369863,105.24,257.0019999999999,122.65616438356165,245884,73,3368.27397260274
2026-09-15 13:57:00,88,0.0,0.0,105.04499999999999,252.87399999999997,121.21636363636362,226644,88,2575.5
2026-09-15 13:58:00,110,0.02727272727272727,0.01818181818181818,116.47,315.66349999999994,138.931,333326,110,3030.2363636363634
2026-09-15 13:59:00,97,0.0,0.0,108.18,241.9719999999999,125.20371134020618,287464,97,2963.546391752577
2026-09-15 14:00:00,75,0.013333333333333334,0.013333333333333334,113.53,320.3649999999998,139.64733333333334,223213,75,2976.173333333333
2026-09-15 14:01:00,83,0.012048192771084338,0.0,105.91,306.6389999999999,130.91686746987952,281626,83,3393.0843373493976
2026-09-15 14:02:00,65,0.0,0.0,124.17,388.2039999999999,153.42184615384616,187493,65,2884.507692307692
2026-09-15 14:03:00,83,0.0,0.0,96.2,246.15799999999993,114.69698795180723,269463,83,3246.5421686746986
2026-09-15 14:04:00,85,0.0,0.0,101.77,328.818,121.46423529411766,252783,85,2973.9176470588236
2026-09-15 14:05:00,77,0.012987012987012988,0.0,118.23,333.5780000000001,141.25857142857143,243113,77,3157.311688311688
2026-09-15 14:06:00,74,0.013513513513513514,0.0,103.86500000000001,280.94849999999997,131.73216216216215,207892,74,2809.3513513513512
2026-09-15 14:07:00,87,0.0,0.0,92.05,323.303,129.12045977011493,275839,87,3170.5632183908046
2026-09-15 14:08:00,68,0.014705882352941176,0.0,122.58500000000001,296.67949999999996,135.85294117647058,212704,68,3128.0
2026-09-15 14:09:00,58,0.0,0.0,100.64,287.30199999999985,126.21137931034482,182577,58,3147.8793103448274
2026-09-15 14:10:00,88,0.0,0.0,121.095,357.6099999999999,141.01261363636365,284152,88,3229.0
2026-09-15 14:11:00,74,0.0,0.0,91.82499999999999,327.58349999999996,126.08716216216217,237389,74,3207.9594594594596
2026-09-15 14:12:00,90,0.0,0.0,117.095,259.12399999999997,138.8273333333333,258862,90,2876.2444444444445
2026-09-15 14:13:00,75,0.013333333333333334,0.0,101.85,330.1199999999999,125.1408,244262,75,3256.826666666667
2026-09-15 14:14:00,64,0.0,0.0,111.925,327.04749999999996,129.56328125,203527,64,3180.109375
2026-09-15 14:15:00,71,0.0,0.0,100.29,311.71,127.13436619718311,213221,71,3003.112676056338
2026-09-15 14:16:00,65,0.015384615384615385,0.0,117.96,331.40999999999997,148.50646153846154,170023,65,2615.7384615384617
2026-09-15 14:17:00,72,0.013888888888888888,0.013888888888888888,109.975,249.62550000000007,128.78347222222223,213818,72,2969.6944444444443
2026-09-15 14:18:00,67,0.029850746268656716,0.0,89.67,279.8049999999999,111.16850746268656,181504,67,2709.0149253731342
2026-09-15 14:19:00,60,0.0,0.0,92.57499999999999,286.81649999999996,116.94033333333333,211220,60,3520.3333333333335
2026-09-15 14:20:00,75,0.0,0.0,109.56,334.03299999999996,127.75426666666667,251575,75,3354.3333333333335
2026-09-15 14:21:00,85,0.0,0.0,103.03,234.01999999999998,119.2844705882353,257424,85,3028.5176470588235
2026-09-15 14:22:00,75,0.02666666666666667,0.013333333333333334,127.31,341.666,138.40613333333334,236899,75,3158.653333333333
2026-09-15 14:23:00,74,0.013513513513513514,0.013513513513513514,100.85499999999999,325.2004999999999,135.22824324324324,214784,74,2902.4864864864867
2026-09-15 14:24:00,66,0.0,0.0,101.38,255.2325,123.6790909090909,199198,66,3018.151515151515
2026-09-15 14:25:00,82,0.024390243902439025,0.0,101.26,303.303,127.88878048780487,258947,82,3157.890243902439
2026-09-15 14:26:00,67,0.0,0.0,99.79,313.83199999999994,132.30641791044778,231976,67,3462.3283582089553
2026-09-15 14:27:00,70,0.0,0.0,96.49000000000001,325.14099999999996,130.961,211512,70,3021.6
2026-09-15 14:28:00,66,0.015151515151515152,0.0,96.195,327.46,128.705,206545,66,3129.469696969697
2026-09-15 14:29:00,70,0.014285714285714285,0.0,108.755,249.3485,129.4602857142857,216586,70,3094.0857142857144
2026-09-15 14:30:00,63,0.015873015873015872,0.015873015873015872,106.69,311.496,124.04396825396826,187865,63,2981.9841269841268
2026-09-15 14:31:00,77,0.012987012987012988,0.0,99.15,244.98600000000005,121.41168831168832,265822,77,3452.2337662337663
2026-09-15 14:32:00,52,0.019230769230769232,0.0,104.72,241.5635,126.8325,139201,52,2676.9423076923076
2026-09-15 14:33:00,76,0.039473684210526314,0.0,102.91,378.3175,140.06815789473686,217351,76,2859.8815789473683
2026-09-15 14:34:00,78,0.0,0.0,112.30000000000001,295.71099999999996,129.4075641025641,244649,78,3136.525641025641
2026-09-15 14:35:00,81,0.012345679012345678,0.012345679012345678,129.74,329.38,144.9246913580247,224603,81,2772.8765432098767
2026-09-15 14:36:00,74,0.0,0.0,113.58000000000001,348.38299999999987,133.47405405405405,235222,74,3178.675675675676
2026-09-15 14:37:00,58,0.0,0.0,79.58500000000001,235.721,99.82293103448276,215447,58,3714.603448275862
2026-09-15 14:38:00,74,0.0,0.0,122.445,309.96599999999995,134.47243243243244,208394,74,2816.135135135135
2026-09-15 14:39:00,73,0.0273972602739726,0.0136986301369863,119.6,283.80799999999994,146.18164383561646,183393,73,2512.2328767123286
2026-09-15 14:40:00,72,0.0,0.0,101.33500000000001,267.16100000000006,125.44250000000001,225936,72,3138.0
2026-09-15 14:41:00,85,0.011764705882352941,0.0,105.45,314.3759999999999,133.52235294117648,276519,85,3253.164705882353
2026-09-15 14:42:00,46,0.0,0.0,93.36500000000001,254.69750000000002,115.915,155866,45,3388.391304347826
2026-09-15 14:43:00,62,0.016129032258064516,0.016129032258064516,103.225,322.06849999999986,139.255,182256,62,2939.6129032258063
2026-09-15 14:44:00,59,0.01694915254237288,0.0,105.8,231.40699999999975,115.58,173173,59,2935.135593220339
2026-09-15 14:45:00,86,0.011627906976744186,0.0,95.09,288.43,122.99802325581395,287874,85,3347.3720930232557
2026-09-15 14:46:00,74,0.013513513513513514,0.0,104.695,364.48499999999996,144.36783783783784,226082,74,3055.162162162162
2026-09-15 14:47:00,63,0.0,0.0,102.04,306.405,130.65507936507936,201256,62,3194.5396825396824
2026-09-15 14:48:00,84,0.011904761904761904,0.0,107.96000000000001,332.2729999999999,133.02107142857145,292385,83,3480.7738095238096
2026-09-15 14:49:00,75,0.0,0.0,111.58,293.4069999999999,137.048,244502,75,3260.0266666666666
2026-09-15 14:50:00,78,0.01282051282051282,0.0,93.8,281.55799999999994,116.87923076923077,234678,78,3008.6923076923076
2026-09-15 14:51:00,69,0.0,0.0,95.13,267.0279999999999,112.10782608695652,207266,69,3003.855072463768
2026-09-15 14:52:00,75,0.0,0.0,126.12,263.985,132.90746666666666,235795,75,3143.9333333333334
2026-09-15 14:53:00,66,0.015151515151515152,0.015151515151515152,123.46000000000001,284.45000000000005,141.52348484848483,224214,66,3397.181818181818
2026-09-15 14:54:00,62,0.0,0.0,112.33500000000001,363.39749999999975,130.0383870967742,163916,62,2643.8064516129034
2026-09-15 14:55:00,73,0.0136986301369863,0.0,112.19,319.32799999999975,139.7713698630137,258369,73,3539.301369863014
2026-09-15 14:56:00,81,0.012345679012345678,0.012345679012345678,97.6,282.49,120.75172839506172,266516,81,3290.320987654321
2026-09-15 14:57:00,68,0.0,0.0,126.745,341.6629999999999,139.70676470588234,208718,68,3069.3823529411766
2026-09-15 14:58:00,70,0.014285714285714285,0.0,109.78999999999999,265.3374999999999,131.2702857142857,184655,70,2637.9285714285716
2026-09-15 14:59:00,63,0.0,0.0,109.33,260.98699999999997,123.57555555555555,171672,63,2724.9523809523807
2026-09-15 15:00:00,93,0.0,0.0,104.27,317.6939999999995,129.7232258064516,268078,93,2882.559139784946
2026-09-15 15:01:00,76,0.02631578947368421,0.0,116.38499999999999,300.64,133.94565789473685,230653,76,3034.907894736842
2026-09-15 15:02:00,81,0.024691358024691357,0.0,122.01,320.47,154.1493827160494,250978,81,3098.4938271604938
2026-09-15 15:03:00,88,0.022727272727272728,0.0,113.635,359.6279999999999,148.86102272727274,288186,88,3274.840909090909
2026-09-15 15:04:00,51,0.0,0.0,99.0,236.825,118.15549019607843,149884,51,2938.901960784314
2026-09-15 15:05:00,88,0.011363636363636364,0.0,114.055,333.68499999999983,137.66,239750,88,2724.431818181818
2026-09-15 15:06:00,65,0.0,0.0,101.52,274.70399999999995,116.85492307692307,217987,65,3353.646153846154
2026-09-15 15:07:00,69,0.014492753623188406,0.0,103.07,363.26199999999926,130.82579710144927,232467,69,3369.086956521739
2026-09-15 15:08:00,68,0.029411764705882353,0.0,114.905,342.96099999999996,138.39720588235295,193342,67,2843.264705882353
2026-09-15 15:09:00,71,0.014084507042253521,0.0,101.26,296.525,121.08084507042253,246919,71,3477.7323943661972
2026-09-15 15:10:00,45,0.022222222222222223,0.0,103.05,277.71799999999985,130.42422222222223,141641,45,3147.5777777777776
2026-09-15 15:11:00,66,0.030303030303030304,0.0,107.13,264.6275,124.58969696969697,213230,66,3230.757575757576
2026-09-15 15:12:00,75,0.013333333333333334,0.0,127.89,411.95799999999997,160.27906666666667,212808,75,2837.44
2026-09-15 15:13:00,65,0.015384615384615385,0.0,106.42,312.376,136.50938461538462,170905,65,2629.3076923076924
2026-09-15 15:14:00,76,0.02631578947368421,0.013157894736842105,116.505,364.5125,144.59065789473684,203292,76,2674.8947368421054
2026-09-15 15:15:00,68,0.014705882352941176,0.0,112.465,301.55649999999997,131.60117647058823,215336,68,3166.705882352941
2026-09-15 15:16:00,61,0.03278688524590164,0.01639344262295082,128.55,339.23,141.42081967213116,201197,61,3298.311475409836
2026-09-15 15:17:00,83,0.024096385542168676,0.0,112.78,250.07999999999998,119.40614457831325,237392,83,2860.144578313253
2026-09-15 15:18:00,71,0.0,0.0,103.17,299.9,125.3812676056338,220859,71,3110.6901408450703
2026-09-15 15:19:00,99,0.030303030303030304,0.0,110.43,322.6129999999988,136.6828282828283,309766,99,3128.949494949495
2026-09-15 15:20:00,58,0.0,0.0,110.41,266.14099999999996,124.36189655172413,207303,58,3574.189655172414
2026-09-15 15:21:00,66,0.015151515151515152,0.015151515151515152,91.08,232.21499999999997,107.13636363636364,172419,66,2612.409090909091
2026-09-15 15:22:00,64,0.03125,0.0,126.78999999999999,284.9214999999999,135.77125,174994,64,2734.28125
2026-09-15 15:23:00,79,0.012658227848101266,0.012658227848101266,113.11,266.90299999999974,126.73430379746836,250525,79,3171.2025316455697
2026-09-15 15:24:00,57,0.017543859649122806,0.017543859649122806,105.86,312.75199999999995,125.30736842105264,176904,56,3103.5789473684213
2026-09-15 15:25:00,61,0.0,0.0,102.84,396.06,146.63016393442624,193100,61,3165.5737704918033
2026-09-15 15:26:00,85,0.011764705882352941,0.0,105.39,263.02000000000004,128.75188235294118,237510,85,2794.235294117647
2026-09-15 15:27:00,60,0.0,0.0,124.27,266.91249999999997,143.667,167624,59,2793.733333333333
2026-09-15 15:28:00,68,0.014705882352941176,0.014705882352941176,117.54499999999999,291.34549999999996,131.84220588235294,202734,68,2981.3823529411766
2026-09-15 15:29:00,74,0.013513513513513514,0.0,113.82,301.3554999999999,137.025,230469,74,3114.445945945946
2026-09-15 15:30:00,66,0.015151515151515152,0.015151515151515152,111.0,268.47749999999996,125.63696969696971,187673,66,2843.530303030303
2026-09-15 15:31:00,58,0.034482758620689655,0.034482758620689655,118.54,356.0915,145.7498275862069,147107,58,2536.3275862068967
2026-09-15 15:32:00,56,0.017857142857142856,0.0,114.575,292.9575,131.17607142857142,177485,56,3169.375
2026-09-15 15:33:00,44,0.09090909090909091,0.0,89.745,242.7530000000001,108.97431818181818,128273,44,2915.2954545454545
2026-09-15 15:34:00,68,0.014705882352941176,0.0,96.13499999999999,366.61699999999996,145.8891176470588,228085,68,3354.1911764705883
2026-09-15 15:35:00,54,0.018518518518518517,0.0,101.845,430.7284999999999,127.20425925925926,163226,54,3022.703703703704
2026-09-15 15:36:00,57,0.0,0.0,88.57,335.09399999999994,120.4236842105263,181968,57,3192.4210526315787
2026-09-15 15:37:00,62,0.03225806451612903,0.0,121.475,406.8204999999997,147.58806451612904,190326,62,3069.7741935483873
2026-09-15 15:38:00,67,0.07462686567164178,0.05970149253731343,430.41,1168.8289999999995,531.7940298507463,170631,67,2546.731343283582
2026-09-15 15:39:00,61,0.09836065573770492,0.04918032786885246,443.65,1328.88,626.6604918032787,157999,61,2590.1475409836066
2026-09-15 15:40:00,60,0.016666666666666666,0.016666666666666666,482.125,1611.068499999999,591.138,174867,60,2914.45
2026-09-15 15:41:00,70,0.014285714285714285,0.014285714285714285,462.075,1213.3674999999998,522.946,235147,70,3359.2428571428572
2026-09-15 15:42:00,65,0.03076923076923077,0.015384615384615385,508.08,1291.1419999999996,563.5624615384615,171946,65,2645.3230769230768
2026-09-15 15:43:00,64,0.078125,0.046875,442.53499999999997,1492.1459999999997,589.52046875,195685,64,3057.578125
2026-09-15 15:44:00,63,0.031746031746031744,0.0,443.61,1338.3869999999995,543.4814285714286,149801,62,2377.7936507936506
2026-09-15 15:45:00,74,0.0,0.0,105.86500000000001,317.26049999999964,137.55027027027026,220342,74,2977.5945945945946
2026-09-15 15:46:00,71,0.014084507042253521,0.0,103.53,273.42999999999995,128.3205633802817,216149,71,3044.3521126760565
2026-09-15 15:47:00,72,0.0,0.0,106.25,351.19,143.48,209645,72,2911.7361111111113
2026-09-15 15:48:00,67,0.0,0.0,103.66,280.806,123.00522388059701,228840,67,3415.5223880597014
2026-09-15 15:49:00,76,0.0,0.0,105.275,191.46,107.51986842105264,203279,76,2674.7236842105262
2026-09-15 15:50:00,58,0.0,0.0,105.97999999999999,250.17899999999997,127.2991379310345,179274,58,3090.9310344827586
2026-09-15 15:51:00,79,0.0,0.0,110.42,299.09499999999997,132.87683544303798,264509,79,3348.215189873418
2026-09-15 15:52:00,73,0.0,0.0,109.71,291.03599999999983,137.8646575342466,208841,73,2860.8356164383563
2026-09-15 15:53:00,68,0.0,0.0,121.59,270.12799999999993,140.13117647058823,171163,68,2517.1029411764707
2026-09-15 15:54:00,76,0.013157894736842105,0.013157894736842105,104.14,349.0425,132.3382894736842,248199,75,3265.7763157894738
2026-09-15 15:55:00,65,0.0,0.0,102.35,301.92599999999993,129.34230769230768,168770,65,2596.4615384615386
2026-09-15 15:56:00,79,0.012658227848101266,0.0,131.02,331.33199999999994,140.11050632911392,250421,79,3169.8860759493673
2026-09-15 15:57:00,62,0.016129032258064516,0.016129032258064516,127.315,316.56399999999996,140.7891935483871,193110,62,3114.6774193548385
2026-09-15 15:58:00,72,0.027777777777777776,0.013888888888888888,100.805,300.31900000000013,132.5938888888889,198818,72,2761.3611111111113
2026-09-15 15:59:00,69,0.014492753623188406,0.0,137.58,329.8499999999999,155.8244927536232,185599,69,2689.840579710145
2026-09-15 16:00:00,70,0.0,0.0,110.815,281.1624999999999,130.2212857142857,228039,70,3257.7
2026-09-15 16:01:00,59,0.0,0.0,103.56,255.0239999999996,124.4115254237288,168125,59,2849.576271186441
2026-09-15 16:02:00,80,0.0125,0.0125,114.39,324.609,137.57662499999998,254369,80,3179.6125
2026-09-15 16:03:00,73,0.0,0.0,104.0,221.36799999999994,112.59986301369864,214404,73,2937.041095890411
2026-09-15 16:04:00,70,0.014285714285714285,0.0,102.41499999999999,302.67199999999997,125.61571428571429,188803,70,2697.1857142857143
2026-09-15 16:05:00,80,0.025,0.0,126.095,335.2299999999998,144.60287499999998,280224,80,3502.8
2026-09-15 16:06:00,70,0.02857142857142857,0.014285714285714285,127.25,292.83299999999997,137.13671428571428,190131,70,2716.157142857143
2026-09-15 16:07:00,80,0.0125,0.0,128.64999999999998,299.0799999999998,144.305,247751,80,3096.8875
2026-09-15 16:08:00,71,0.014084507042253521,0.0,102.93,279.545,132.69281690140846,204811,71,2884.6619718309857
2026-09-15 16:09:00,64,0.0,0.0,101.31,262.6639999999999,122.235625,185221,64,2894.078125
2026-09-15 16:10:00,62,0.0,0.0,107.57,253.52499999999992,117.00645161290322,170617,62,2751.8870967741937
2026-09-15 16:11:00,45,0.0,0.0,94.08,279.55199999999996,122.3908888888889,126708,45,2815.733333333333
2026-09-15 16:12:00,65,0.015384615384615385,0.015384615384615385,100.05,256.44599999999997,123.62938461538461,200731,65,3088.1692307692306
2026-09-15 16:13:00,68,0.014705882352941176,0.014705882352941176,92.12,263.57199999999995,108.57985294117647,228986,68,3367.4411764705883
2026-09-15 16:14:00,65,0.015384615384615385,0.0,115.1,410.5499999999997,148.5610769230769,198764,65,3057.9076923076923
2026-09-15 16:15:00,63,0.06349206349206349,0.015873015873015872,103.42,358.61899999999997,134.5104761904762,179538,63,2849.809523809524
2026-09-15 16:16:00,85,0.011764705882352941,0.0,120.9,314.12199999999996,144.1476470588235,266707,85,3137.7294117647057
2026-09-15 16:17:00,69,0.028985507246376812,0.014492753623188406,99.38,330.5379999999999,127.06173913043479,214743,69,3112.217391304348
2026-09-15 16:18:00,66,0.015151515151515152,0.0,124.205,345.435,147.2851515151515,190820,66,2891.212121212121
2026-09-15 16:19:00,87,0.022988505747126436,0.0,109.52,293.7480000000001,126.83977011494252,247642,87,2846.4597701149423
2026-09-15 16:20:00,88,0.0,0.0,125.0,376.6144999999997,152.7372727272727,276995,88,3147.6704545454545
2026-09-15 16:21:00,71,0.014084507042253521,0.014084507042253521,110.93,239.94,122.59676056338029,212928,70,2998.9859154929577
2026-09-15 16:22:00,71,0.028169014084507043,0.028169014084507043,116.2,355.27,151.20605633802816,212547,71,2993.6197183098593
2026-09-15 16:23:00,58,0.0,0.0,108.125,361.895,140.79758620689657,186329,58,3212.5689655172414
2026-09-15 16:24:00,58,0.0,0.0,91.295,279.12049999999994,120.69344827586207,142367,58,2454.603448275862
2026-09-15 16:25:00,68,0.014705882352941176,0.0,114.70500000000001,289.1045,138.46573529411765,214919,68,3160.573529411765
2026-09-15 16:26:00,53,0.018867924528301886,0.018867924528301886,106.55,277.2,134.68301886792452,155591,52,2935.6792452830186
2026-09-15 16:27:00,71,0.07042253521126761,0.0,110.44,256.415,131.3530985915493,210274,70,2961.605633802817
2026-09-15 16:28:00,74,0.04054054054054054,0.02702702702702703,110.445,366.3839999999998,151.26837837837837,210335,74,2842.364864864865
2026-09-15 16:29:00,54,0.05555555555555555,0.018518518518518517,133.09,299.1139999999999,136.85666666666668,169959,54,3147.3888888888887
2026-09-15 16:30:00,69,0.0,0.0,96.97,270.8099999999998,127.24014492753622,201333,69,2917.8695652173915
2026-09-15 16:31:00,69,0.043478260869565216,0.0,449.55,1255.943999999999,524.8960869565218,240347,69,3483.289855072464
2026-09-15 16:32:00,63,0.031746031746031744,0.031746031746031744,577.72,1330.355,611.683492063492,172858,63,2743.777777777778
2026-09-15 16:33:00,61,0.03278688524590164,0.03278688524590164,467.73,1202.19,560.3408196721311,191495,61,3139.2622950819673
2026-09-15 16:34:00,72,0.041666666666666664,0.027777777777777776,521.45,1336.8135000000007,591.6566666666666,210005,72,2916.7361111111113
2026-09-15 16:35:00,93,0.03225806451612903,0.010752688172043012,545.6,1335.735999999999,627.2308602150538,262886,93,2826.7311827956987
2026-09-15 16:36:00,71,0.0,0.0,485.69,1724.0949999999998,629.7047887323944,229203,71,3228.211267605634
2026-09-15 16:37:00,52,0.07692307692307693,0.07692307692307693,503.71000000000004,1815.0059999999999,717.2673076923077,117888,52,2267.076923076923
2026-09-15 16:38:00,67,0.029850746268656716,0.0,518.16,1310.3109999999992,593.487014925373,190925,66,2849.626865671642
2026-09-15 16:39:00,67,0.0,0.0,507.92,1459.3149999999985,588.2792537313433,189020,67,2821.194029850746
2026-09-15 16:40:00,73,0.0547945205479452,0.0547945205479452,529.6,1898.3739999999987,684.4172602739726,193764,73,2654.301369863014
2026-09-15 16:41:00,60,0.05,0.016666666666666666,531.55,1503.529499999999,673.7486666666666,167942,60,2799.0333333333333
2026-09-15 16:42:00,72,0.08333333333333333,0.027777777777777776,499.17,1405.8820000000003,591.2437500000001,216798,72,3011.0833333333335
2026-09-15 16:43:00,57,0.017543859649122806,0.017543859649122806,509.52,1419.1959999999995,596.0424561403509,193704,57,3398.315789473684
2026-09-15 16:44:00,64,0.03125,0.015625,484.83,1319.6324999999988,588.94484375,170921,63,2670.640625
2026-09-15 16:45:00,58,0.05172413793103448,0.05172413793103448,579.845,1414.1319999999996,671.8379310344827,184260,58,3176.896551724138
2026-09-15 16:46:00,59,0.01694915254237288,0.0,123.77,296.724,136.93661016949153,156416,59,2651.1186440677966
2026-09-15 16:47:00,69,0.0,0.0,115.88,387.62399999999985,146.07333333333332,245817,69,3562.5652173913045
2026-09-15 16:48:00,55,0.0,0.0,149.99,432.54699999999974,189.46345454545454,176681,55,3212.3818181818183
2026-09-15 16:49:00,58,0.0,0.0,99.275,249.30149999999998,118.60586206896552,176767,58,3047.706896551724
2026-09-15 16:50:00,56,0.0,0.0,111.265,421.19500000000005,150.72035714285715,173858,56,3104.6071428571427
2026-09-15 16:51:00,51,0.0196078431372549,0.0196078431372549,109.51,325.82500000000005,149.35156862745097,148562,51,2912.9803921568628
2026-09-15 16:52:00,78,0.0,0.0,101.065,269.6414999999996,113.25205128205128,242488,77,3108.8205128205127
2026-09-15 16:53:00,51,0.0392156862745098,0.0,130.0,321.235,136.16529411764705,168498,51,3303.8823529411766
2026-09-15 16:54:00,63,0.0,0.0,95.04,328.0489999999999,129.1,193635,63,3073.5714285714284
2026-09-15 16:55:00,67,0.014925373134328358,0.0,113.51,295.06699999999967,129.86880597014925,229453,67,3424.6716417910447
2026-09-15 16:56:00,64,0.0,0.0,112.7,350.3334999999999,142.589375,181995,64,2843.671875
2026-09-15 16:57:00,62,0.016129032258064516,0.0,85.13499999999999,250.87349999999992,110.9275806451613,195223,62,3148.7580645161293
2026-09-15 16:58:00,61,0.0,0.0,127.14,266.38,134.5237704918033,165611,61,2714.934426229508
2026-09-15 16:59:00,59,0.0,0.0,126.51,298.6179999999999,141.93152542372883,172984,59,2931.9322033898306
2026-09-15 17:00:00,72,0.0,0.0,112.17500000000001,305.04800000000006,140.79819444444445,207493,72,2881.847222222222
2026-09-15 17:01:00,87,0.0,0.0,111.37,262.11600000000004,127.0935632183908,267451,87,3074.1494252873563
2026-09-15 17:02:00,50,0.0,0.0,108.785,232.88849999999996,116.1662,165197,50,3303.94
2026-09-15 17:03:00,55,0.0,0.0,97.84,320.268,135.4269090909091,170379,55,3097.8
2026-09-15 17:04:00,51,0.0,0.0,96.31,199.4,102.60843137254902,153792,51,3015.529411764706
2026-09-15 17:05:00,64,0.015625,0.0,113.855,378.1704999999997,144.22593750000001,219465,63,3429.140625
2026-09-15 17:06:00,48,0.0,0.0,119.78,297.45,136.52520833333332,159582,48,3324.625
2026-09-15 17:07:00,57,0.017543859649122806,0.017543859649122806,102.46,213.16399999999996,112.07824561403508,140273,57,2460.9298245614036
2026-09-15 17:08:00,76,0.0,0.0,101.695,378.26250000000005,121.14776315789473,212107,76,2790.8815789473683
2026-09-15 17:09:00,70,0.02857142857142857,0.0,95.82499999999999,268.9109999999999,109.29528571428571,220352,70,3147.885714285714
2026-09-15 17:10:00,53,0.0,0.0,126.88,434.6739999999998,171.21471698113206,145738,53,2749.7735849056603
2026-09-15 17:11:00,56,0.0,0.0,111.32499999999999,430.2775,177.24017857142857,156243,56,2790.0535714285716
2026-09-15 17:12:00,71,0.014084507042253521,0.0,88.79,245.35000000000002,113.99408450704225,196412,71,2766.3661971830984
2026-09-15 17:13:00,54,0.018518518518518517,0.018518518518518517,111.55,326.2504999999993,139.91611111111112,138857,54,2571.425925925926
2026-09-15 17:14:00,52,0.0,0.0,112.38,257.09649999999993,127.95596153846154,146740,52,2821.923076923077
2026-09-15 17:15:00,62,0.0,0.0,90.56,277.28899999999965,111.06564516129032,191565,62,3089.7580645161293
2026-09-15 17:16:00,74,0.0,0.0,85.315,263.99549999999994,114.3758108108108,231086,74,3122.7837837837837
2026-09-15 17:17:00,72,0.041666666666666664,0.027777777777777776,111.89500000000001,280.3380000000001,138.07458333333335,225616,72,3133.5555555555557
2026-09-15 17:18:00,72,0.027777777777777776,0.0,108.685,265.1985,139.47125,215914,71,2998.8055555555557
2026-09-15 17:19:00,57,0.03508771929824561,0.0,120.6,342.118,145.69122807017544,194082,57,3404.9473684210525
2026-09-15 17:20:00,60,0.016666666666666666,0.0,122.255,324.2295,136.25300000000001,195075,60,3251.25
2026-09-15 17:21:00,70,0.0,0.0,95.62,354.90599999999995,129.30242857142858,215290,70,3075.5714285714284
2026-09-15 17:22:00,42,0.0,0.0,113.89,373.9929999999996,142.03309523809526,121636,42,2896.095238095238
2026-09-15 17:23:00,77,0.0,0.0,95.8,313.70200000000006,124.64558441558442,232416,77,3018.3896103896104
2026-09-15 17:24:00,48,0.020833333333333332,0.0,82.64,290.124,116.53416666666668,156156,48,3253.25
2026-09-15 17:25:00,64,0.015625,0.0,108.91,232.63449999999995,122.39375,205803,64,3215.671875
2026-09-15 17:26:00,67,0.0,0.0,100.84,268.599,134.24402985074627,214634,67,3203.492537313433
2026-09-15 17:27:00,54,0.0,0.0,100.455,216.46399999999997,117.12166666666666,216023,54,4000.425925925926
2026-09-15 17:28:00,69,0.043478260869565216,0.014492753623188406,122.24,276.3079999999999,142.45478260869564,222830,69,3229.4202898550725
2026-09-15 17:29:00,70,0.02857142857142857,0.014285714285714285,107.14500000000001,343.90149999999994,131.35257142857142,201577,70,2879.6714285714284
2026-09-15 17:30:00,58,0.017241379310344827,0.0,92.65,235.0855,107.60172413793103,157236,58,2710.9655172413795
2026-09-15 17:31:00,58,0.0,0.0,127.42,264.5234999999999,133.13827586206895,152031,58,2621.2241379310344
2026-09-15 17:32:00,85,0.023529411764705882,0.0,116.29,220.06599999999997,120.66223529411766,250053,85,2941.8
2026-09-15 17:33:00,64,0.0,0.0,132.595,434.4089999999996,159.83828125,175399,64,2740.609375
2026-09-15 17:34:00,51,0.0196078431372549,0.0196078431372549,106.61,240.20499999999998,113.78098039215686,150744,51,2955.764705882353
2026-09-15 17:35:00,66,0.0,0.0,102.755,331.4025,135.34136363636364,209821,66,3179.1060606060605
2026-09-15 17:36:00,66,0.030303030303030304,0.015151515151515152,107.365,296.72249999999997,123.41833333333332,191377,66,2899.651515151515
2026-09-15 17:37:00,63,0.015873015873015872,0.0,108.84,301.99600000000004,139.3631746031746,214731,63,3408.4285714285716
2026-09-15 17:38:00,65,0.0,0.0,114.32,429.48199999999974,147.4750769230769,186327,65,2866.5692307692307
2026-09-15 17:39:00,59,0.03389830508474576,0.01694915254237288,118.34,295.90799999999984,128.39694915254236,201708,59,3418.7796610169494
2026-09-15 17:40:00,56,0.017857142857142856,0.0,105.14500000000001,296.1975,130.74428571428572,179355,56,3202.7678571428573
2026-09-15 17:41:00,64,0.015625,0.0,108.295,277.4414999999998,126.8515625,233368,64,3646.375
2026-09-15 17:42:00,74,0.0,0.0,94.135,250.82249999999996,112.88554054054055,229375,74,3099.662162162162
2026-09-15 17:43:00,67,0.014925373134328358,0.0,121.31,305.14099999999996,144.97283582089554,172953,67,2581.3880597014927
2026-09-15 17:44:00,50,0.0,0.0,99.255,301.7094999999999,127.5264,161850,50,3237.0
2026-09-15 17:45:00,66,0.030303030303030304,0.015151515151515152,106.85,301.105,127.94136363636362,218234,66,3306.5757575757575
2026-09-15 17:46:00,63,0.015873015873015872,0.0,90.57,309.59299999999996,120.05428571428571,189515,63,3008.1746031746034
2026-09-15 17:47:00,75,0.02666666666666667,0.0,100.92,284.34799999999996,119.67386666666668,212693,75,2835.9066666666668
2026-09-15 17:48:00,42,0.0,0.0,102.205,423.48549999999983,140.6404761904762,163212,42,3886.0
2026-09-15 17:49:00,58,0.0,0.0,104.97,230.48149999999995,112.37224137931035,169529,58,2922.9137931034484
2026-09-15 17:50:00,66,0.0,0.0,111.23,297.68,132.37575757575758,238523,66,3613.9848484848485
2026-09-15 17:51:00,52,0.0,0.0,101.595,243.39299999999994,115.64461538461539,161460,52,3105.0
2026-09-15 17:52:00,56,0.017857142857142856,0.0,109.905,228.29250000000002,123.36660714285713,138907,56,2480.4821428571427
2026-09-15 17:53:00,78,0.01282051282051282,0.01282051282051282,115.28,291.25449999999984,137.00269230769229,237258,78,3041.769230769231
2026-09-15 17:54:00,42,0.0,0.0,119.175,248.98649999999986,126.28880952380953,104598,42,2490.4285714285716
2026-09-15 17:55:00,63,0.015873015873015872,0.015873015873015872,112.69,257.114,131.94825396825397,172895,63,2744.3650793650795
2026-09-15 17:56:00,82,0.012195121951219513,0.0,112.80000000000001,246.77900000000005,124.55975609756098,269966,82,3292.268292682927
2026-09-15 17:57:00,71,0.014084507042253521,0.014084507042253521,117.9,312.505,134.63267605633803,238325,71,3356.6901408450703
2026-09-15 17:58:00,52,0.038461538461538464,0.0,106.36500000000001,275.9264999999998,117.47769230769231,123643,52,2377.75
2026-09-15 17:59:00,53,0.03773584905660377,0.0,98.58,412.6959999999998,143.6722641509434,189347,53,3572.5849056603774
2026-09-15 18:00:00,57,0.017543859649122806,0.0,129.01,283.31,140.66192982456138,144466,57,2534.4912280701756
2026-09-15 18:01:00,67,0.014925373134328358,0.0,106.46,273.39000000000004,141.9382089552239,211273,67,3153.3283582089553
2026-09-15 18:02:00,86,0.0,0.0,106.62,310.2125,127.4953488372093,251394,86,2923.186046511628
2026-09-15 18:03:00,52,0.0,0.0,117.22,291.7434999999998,125.77461538461537,142142,52,2733.5
2026-09-15 18:04:00,61,0.03278688524590164,0.01639344262295082,131.18,374.32,159.46147540983605,174642,59,2862.9836065573772
2026-09-15 18:05:00,64,0.0,0.0,110.56,288.30199999999996,123.9959375,188733,63,2948.953125
2026-09-15 18:06:00,68,0.0,0.0,120.07499999999999,283.70799999999997,124.75823529411764,227355,68,3343.455882352941
2026-09-15 18:07:00,50,0.02,0.02,116.515,273.2055,129.9378,153218,50,3064.36
2026-09-15 18:08:00,56,0.0,0.0,112.875,319.47249999999997,142.65214285714285,194924,56,3480.785714285714
2026-09-15 18:09:00,57,0.03508771929824561,0.0,116.95,292.258,128.98456140350876,142663,57,2502.8596491228072
2026-09-15 18:10:00,58,0.0,0.0,125.48,415.1479999999998,168.86741379310345,176390,58,3041.206896551724
2026-09-15 18:11:00,69,0.0,0.0,107.05,292.948,133.06536231884058,223580,69,3240.289855072464
2026-09-15 18:12:00,67,0.0,0.0,121.32,259.45099999999996,140.70626865671642,193616,67,2889.791044776119
2026-09-15 18:13:00,57,0.017543859649122806,0.0,85.72,427.2779999999998,144.43578947368422,189581,57,3325.9824561403507
2026-09-15 18:14:00,60,0.016666666666666666,0.016666666666666666,108.94999999999999,242.27799999999996,115.93299999999999,174090,60,2901.5
2026-09-15 18:15:00,54,0.0,0.0,113.85499999999999,269.60149999999993,117.9038888888889,195922,54,3628.185185185185
2026-09-15 18:16:00,68,0.0,0.0,102.56,259.11549999999994,116.69044117647059,201186,68,2958.6176470588234
2026-09-15 18:17:00,60,0.016666666666666666,0.0,113.35,284.66949999999997,132.04616666666666,143684,60,2394.733333333333
2026-09-15 18:18:00,68,0.0,0.0,100.89,305.93299999999994,128.1545588235294,244512,68,3595.764705882353
2026-09-15 18:19:00,58,0.034482758620689655,0.0,103.96000000000001,267.5945,122.00310344827587,146533,58,2526.4310344827586
2026-09-15 18:20:00,54,0.0,0.0,134.05,341.13049999999976,157.2951851851852,184314,54,3413.222222222222
2026-09-15 18:21:00,74,0.0,0.0,106.85,260.51,119.70878378378379,206021,74,2784.0675675675675
2026-09-15 18:22:00,77,0.012987012987012988,0.0,118.05,323.33400000000023,146.55246753246752,205760,77,2672.2077922077924
2026-09-15 18:23:00,57,0.017543859649122806,0.0,100.76,263.32800000000003,116.1540350877193,175596,57,3080.6315789473683
2026-09-15 18:24:00,56,0.0,0.0,110.73,274.8525,138.20982142857142,145206,56,2592.964285714286
2026-09-15 18:25:00,35,0.02857142857142857,0.0,81.81,239.81399999999985,99.424,88543,35,2529.8
2026-09-15 18:26:00,66,0.015151515151515152,0.015151515151515152,93.1,297.42,116.59257575757576,205719,66,3116.9545454545455
2026-09-15 18:27:00,60,0.016666666666666666,0.0,105.06,296.2744999999998,126.56216666666666,178736,60,2978.9333333333334
2026-09-15 18:28:00,60,0.016666666666666666,0.016666666666666666,107.935,303.162,138.91733333333335,169361,60,2822.6833333333334
2026-09-15 18:29:00,75,0.0,0.0,109.77,258.22700000000003,125.56653333333333,204257,74,2723.4266666666667
2026-09-15 18:30:00,85,0.0,0.0,101.78,258.32199999999995,112.92529411764706,221400,85,2604.705882352941
2026-09-15 18:31:00,54,0.05555555555555555,0.0,103.23,357.298,132.9372222222222,153825,54,2848.6111111111113
2026-09-15 18:32:00,68,0.0,0.0,95.575,298.633,127.14205882352941,191508,68,2816.294117647059
2026-09-15 18:33:00,54,0.0,0.0,120.9,242.57899999999998,132.95851851851853,183196,54,3392.5185185185187
2026-09-15 18:34:00,59,0.0,0.0,117.36,288.888,140.4022033898305,172844,59,2929.5593220338983
2026-09-15 18:35:00,57,0.017543859649122806,0.0,121.21,286.2879999999999,132.119649122807,176908,57,3103.6491228070176
2026-09-15 18:36:00,48,0.020833333333333332,0.0,106.545,339.18449999999984,129.47541666666666,144797,48,3016.6041666666665
2026-09-15 18:37:00,40,0.025,0.0,134.415,327.3944999999998,152.81199999999998,111348,40,2783.7
2026-09-15 18:38:00,79,0.012658227848101266,0.0,111.88,317.2889999999998,137.24392405063293,196123,79,2482.5696202531644
2026-09-15 18:39:00,44,0.0,0.0,99.955,279.76550000000003,121.71181818181817,117560,44,2671.818181818182
2026-09-15 18:40:00,63,0.015873015873015872,0.015873015873015872,115.61,254.815,134.66142857142856,189924,62,3014.6666666666665
2026-09-15 18:41:00,56,0.0,0.0,100.69,352.51,128.45160714285714,170173,56,3038.8035714285716
2026-09-15 18:42:00,49,0.02040816326530612,0.0,114.52,283.16399999999965,134.91918367346938,152604,49,3114.3673469387754
2026-09-15 18:43:00,66,0.0,0.0,115.49000000000001,288.1375,132.44666666666666,176426,66,2673.121212121212
2026-09-15 18:44:00,57,0.0,0.0,142.61,277.844,143.10912280701754,184017,57,3228.3684210526317
2026-09-15 18:45:00,64,0.0,0.0,106.735,301.67499999999995,137.21812500000001,183393,64,2865.515625
2026-09-15 18:46:00,77,0.025974025974025976,0.0,112.81,282.19599999999997,123.57948051948053,281820,77,3660.0
2026-09-15 18:47:00,51,0.0196078431372549,0.0,119.0,302.785,146.78019607843137,130442,51,2557.6862745098038
2026-09-15 18:48:00,51,0.0,0.0,122.37,241.0,130.58901960784314,138653,51,2718.6862745098038
2026-09-15 18:49:00,51,0.0196078431372549,0.0,107.29,319.185,131.58980392156863,142820,51,2800.392156862745
2026-09-15 18:50:00,55,0.0,0.0,116.15,307.48299999999983,123.77072727272729,172341,55,3133.4727272727273
2026-09-15 18:51:00,34,0.0,0.0,125.22999999999999,368.4364999999999,154.88,108172,34,3181.529411764706
2026-09-15 18:52:00,47,0.0,0.0,105.03,268.33299999999986,119.42170212765957,133606,47,2842.68085106383
2026-09-15 18:53:00,65,0.0,0.0,101.8,274.2859999999999,121.9296923076923,191987,65,2953.646153846154
2026-09-15 18:54:00,54,0.037037037037037035,0.018518518518518517,91.86500000000001,228.22449999999975,109.36833333333334,137096,54,2538.814814814815
2026-09-15 18:55:00,47,0.02127659574468085,0.0,93.37,265.63899999999995,126.14255319148936,143792,47,3059.404255319149
2026-09-15 18:56:00,61,0.03278688524590164,0.0,110.65,246.81,121.54245901639345,202555,61,3320.5737704918033
2026-09-15 18:57:00,57,0.017543859649122806,0.0,103.17,280.05599999999964,121.24087719298245,139321,57,2444.2280701754385
2026-09-15 18:58:00,66,0.0,0.0,107.405,254.71250000000003,119.065,204102,66,3092.4545454545455
2026-09-15 18:59:00,63,0.0,0.0,108.64,287.20599999999996,132.28968253968253,202073,63,3207.5079365079364
2026-09-15 19:00:00,56,0.017857142857142856,0.0,93.64,277.78999999999996,121.10607142857144,204987,56,3660.4821428571427
2026-09-15 19:01:00,62,0.0,0.0,124.47999999999999,396.56449999999984,148.93129032258065,167872,62,2707.6129032258063
2026-09-15 19:02:00,61,0.03278688524590164,0.01639344262295082,109.86,332.73,131.39852459016393,186500,61,3057.377049180328
2026-09-15 19:03:00,63,0.0,0.0,112.12,268.60699999999997,122.7984126984127,263116,63,4176.444444444444
2026-09-15 19:04:00,63,0.031746031746031744,0.0,97.13,376.46199999999993,132.82365079365078,224386,63,3561.6825396825398
2026-09-15 19:05:00,79,0.012658227848101266,0.012658227848101266,105.16,297.9899999999999,125.0646835443038,217765,79,2756.518987341772
2026-09-15 19:06:00,57,0.017543859649122806,0.0,114.44,284.67199999999985,134.17561403508773,183563,57,3220.40350877193
2026-09-15 19:07:00,70,0.0,0.0,108.81,283.13899999999995,129.25171428571429,200520,70,2864.5714285714284
2026-09-15 19:08:00,67,0.0,0.0,125.02,295.55899999999986,145.42999999999998,199854,67,2982.89552238806
2026-09-15 19:09:00,59,0.0,0.0,103.76,226.03399999999982,121.78084745762712,172103,59,2917.0
2026-09-15 19:10:00,58,0.017241379310344827,0.0,123.815,284.23449999999997,134.7901724137931,185308,58,3194.9655172413795
2026-09-15 19:11:00,55,0.0,0.0,131.54,340.44999999999953,157.28763636363635,171915,55,3125.7272727272725
2026-09-15 19:12:00,44,0.0,0.0,113.19,262.43450000000007,121.72681818181817,137931,44,3134.7954545454545
2026-09-15 19:13:00,66,0.0,0.0,103.935,255.85750000000002,117.85348484848485,217001,66,3287.8939393939395
2026-09-15 19:14:00,60,0.0,0.0,105.705,314.3274999999993,140.0385,214804,60,3580.0666666666666
2026-09-15 19:15:00,54,0.0,0.0,80.505,307.1414999999997,108.11777777777777,170347,54,3154.574074074074
2026-09-15 19:16:00,63,0.015873015873015872,0.015873015873015872,112.31,242.55,117.72507936507937,175716,63,2789.1428571428573
2026-09-15 19:17:00,54,0.018518518518518517,0.0,120.58500000000001,297.90649999999994,133.90777777777777,162003,54,3000.0555555555557
2026-09-15 19:18:00,52,0.019230769230769232,0.0,167.39999999999998,357.31849999999986,190.17038461538462,186259,52,3581.903846153846
2026-09-15 19:19:00,43,0.0,0.0,117.95,339.162,142.26372093023255,134238,43,3121.813953488372
2026-09-15 19:20:00,41,0.0,0.0,129.38,306.72,143.39878048780488,131428,41,3205.560975609756
2026-09-15 19:21:00,62,0.016129032258064516,0.016129032258064516,102.49000000000001,260.67149999999975,117.89790322580646,225507,62,3637.2096774193546
2026-09-15 19:22:00,62,0.03225806451612903,0.0,97.185,322.757,128.84548387096774,194889,62,3143.3709677419356
2026-09-15 19:23:00,34,0.029411764705882353,0.0,125.32,318.3429999999998,142.72970588235296,119403,34,3511.8529411764707
2026-09-15 19:24:00,53,0.018867924528301886,0.0,106.19,311.4099999999999,134.98207547169812,142819,53,2694.698113207547
2026-09-15 19:25:00,52,0.0,0.0,105.92,228.88799999999998,121.58846153846153,167829,52,3227.480769230769
2026-09-15 19:26:00,63,0.047619047619047616,0.0,103.08,281.83700000000005,127.83650793650793,186635,63,2962.4603174603176
2026-09-15 19:27:00,56,0.0,0.0,122.655,279.5675,133.40142857142857,178461,56,3186.8035714285716
2026-09-15 19:28:00,86,0.011627906976744186,0.0,125.66499999999999,340.0525,146.08825581395348,281703,86,3275.6162790697676
2026-09-15 19:29:00,55,0.01818181818181818,0.0,101.64,259.582,119.02454545454546,170832,55,3106.0363636363636
2026-09-15 19:30:00,42,0.023809523809523808,0.0,92.825,253.04149999999993,116.73309523809523,134504,42,3202.4761904761904
2026-09-15 19:31:00,61,0.01639344262295082,0.0,106.33,346.79,141.65459016393444,188404,61,3088.590163934426
2026-09-15 19:32:00,52,0.019230769230769232,0.0,113.63,256.94949999999994,138.21903846153847,217361,52,4180.0192307692305
2026-09-15 19:33:00,54,0.037037037037037035,0.0,104.925,302.11549999999994,145.1348148148148,151734,54,2809.8888888888887
2026-09-15 19:34:00,57,0.03508771929824561,0.0,105.38,320.36999999999983,120.12052631578948,138047,57,2421.877192982456
2026-09-15 19:35:00,56,0.017857142857142856,0.0,111.83500000000001,317.08500000000004,136.05714285714285,175199,55,3128.5535714285716
2026-09-15 19:36:00,50,0.0,0.0,109.61500000000001,280.8684999999998,124.8224,158099,50,3161.98
2026-09-15 19:37:00,53,0.018867924528301886,0.0,126.56,349.31,148.15622641509432,168570,53,3180.566037735849
2026-09-15 19:38:00,45,0.0,0.0,132.11,289.926,142.85133333333334,126848,45,2818.8444444444444
2026-09-15 19:39:00,57,0.0,0.0,96.72,303.684,118.15105263157893,178076,57,3124.1403508771928
2026-09-15 19:40:00,51,0.0196078431372549,0.0,133.04,249.595,146.38176470588235,143503,51,2813.7843137254904
2026-09-15 19:41:00,43,0.0,0.0,132.17,258.049,145.21511627906978,114982,43,2674.0
2026-09-15 19:42:00,51,0.0,0.0,102.27,324.995,130.9343137254902,172169,51,3375.8627450980393
2026-09-15 19:43:00,50,0.0,0.0,89.095,291.01649999999995,123.5952,140494,50,2809.88
2026-09-15 19:44:00,56,0.03571428571428571,0.017857142857142856,110.36500000000001,250.23,125.24803571428572,180288,56,3219.4285714285716
2026-09-15 19:45:00,43,0.0,0.0,93.57,283.87699999999995,113.36209302325581,122115,43,2839.8837209302324
2026-09-15 19:46:00,46,0.021739130434782608,0.0,105.51499999999999,271.03499999999997,121.335,116710,46,2537.1739130434785
2026-09-15 19:47:00,43,0.023255813953488372,0.0,139.82,319.83399999999995,145.45232558139534,180474,43,4197.069767441861
2026-09-15 19:48:00,49,0.0,0.0,137.03,300.012,147.16714285714286,129038,49,2633.4285714285716
2026-09-15 19:49:00,49,0.0,0.0,123.8,252.9739999999999,124.11122448979592,135292,49,2761.061224489796
2026-09-15 19:50:00,58,0.017241379310344827,0.0,128.12,256.8854999999998,137.3151724137931,181945,58,3136.9827586206898
2026-09-15 19:51:00,47,0.0,0.0,115.8,211.11899999999997,117.05446808510638,131776,47,2803.744680851064
2026-09-15 19:52:00,65,0.0,0.0,115.51,278.79999999999995,135.28892307692308,203248,65,3126.892307692308
2026-09-15 19:53:00,49,0.02040816326530612,0.0,116.59,354.34999999999997,151.62714285714284,137114,49,2798.2448979591836
2026-09-15 19:54:00,57,0.017543859649122806,0.0,101.74,319.3659999999995,131.0538596491228,176508,57,3096.6315789473683
2026-09-15 19:55:00,48,0.020833333333333332,0.0,112.31,289.50299999999993,138.12916666666666,142778,48,2974.5416666666665
2026-09-15 19:56:00,42,0.0,0.0,118.79499999999999,384.8199999999996,155.695,127970,42,3046.904761904762
2026-09-15 19:57:00,45,0.022222222222222223,0.0,125.71,367.72799999999967,149.48466666666667,122506,45,2722.3555555555554
2026-09-15 19:58:00,59,0.0,0.0,98.24,302.884,130.67118644067799,198958,59,3372.169491525424
2026-09-15 19:59:00,41,0.0,0.0,114.58,316.92,135.11219512195123,126128,41,3076.2926829268295
2026-09-15 20:00:00,53,0.0,0.0,96.17,294.46,124.16150943396227,183043,53,3453.6415094339623
2026-09-15 20:01:00,37,0.02702702702702703,0.0,86.28,221.26399999999998,101.17864864864865,92044,37,2487.675675675676
2026-09-15 20:02:00,73,0.0,0.0,96.08,226.64399999999975,117.64178082191782,224811,72,3079.6027397260273
2026-09-15 20:03:00,43,0.0,0.0,97.88,224.04399999999998,115.3593023255814,142041,43,3303.279069767442
2026-09-15 20:04:00,43,0.0,0.0,101.08,232.16099999999994,115.6539534883721,113990,43,2650.9302325581393
2026-09-15 20:05:00,46,0.0,0.0,108.265,445.9475,144.20847826086955,141439,46,3074.7608695652175
2026-09-15 20:06:00,45,0.022222222222222223,0.0,100.31,305.4319999999999,128.83622222222223,114634,45,2547.4222222222224
2026-09-15 20:07:00,43,0.0,0.0,129.78,351.8219999999999,153.48813953488371,142431,43,3312.3488372093025
2026-09-15 20:08:00,45,0.0,0.0,94.8,192.94,103.52288888888889,133628,45,2969.511111111111
2026-09-15 20:09:00,49,0.0,0.0,152.38,288.706,160.5291836734694,173734,49,3545.591836734694
2026-09-15 20:10:00,49,0.0,0.0,97.54,332.8819999999994,127.58816326530612,150333,49,3068.0204081632655
2026-09-15 20:11:00,45,0.0,0.0,86.07,253.26799999999986,117.50822222222222,128491,45,2855.3555555555554
2026-09-15 20:12:00,56,0.0,0.0,101.86,314.6325,126.54303571428571,160375,56,2863.839285714286
2026-09-15 20:13:00,55,0.03636363636363636,0.0,112.23,313.4,141.07927272727272,181612,55,3302.0363636363636
2026-09-15 20:14:00,60,0.016666666666666666,0.016666666666666666,110.285,271.3174999999998,127.37916666666666,224344,60,3739.0666666666666
2026-09-15 20:15:00,56,0.0,0.0,106.03,250.935,125.37678571428572,182351,56,3256.2678571428573
2026-09-15 20:16:00,52,0.0,0.0,102.10499999999999,227.74199999999996,109.54846153846152,220901,52,4248.096153846154
2026-09-15 20:17:00,43,0.023255813953488372,0.023255813953488372,96.2,253.8949999999999,108.91325581395348,122820,43,2856.279069767442
2026-09-15 20:18:00,53,0.0,0.0,126.98,369.92999999999984,150.1158490566038,148114,52,2794.603773584906
2026-09-15 20:19:00,47,0.0,0.0,124.36,336.69399999999973,142.68553191489363,132282,47,2814.5106382978724
2026-09-15 20:20:00,60,0.0,0.0,117.985,321.63599999999997,141.75866666666667,203057,60,3384.2833333333333
2026-09-15 20:21:00,48,0.020833333333333332,0.0,126.79500000000002,356.62699999999995,150.88083333333333,148115,48,3085.7291666666665
2026-09-15 20:22:00,37,0.02702702702702703,0.0,111.84,241.12399999999997,136.84216216216217,124720,37,3370.810810810811
2026-09-15 20:23:00,47,0.0,0.0,103.28,327.0199999999997,127.19234042553191,137511,47,2925.7659574468084
2026-09-15 20:24:00,61,0.0,0.0,112.88,338.65,135.53196721311477,165902,61,2719.7049180327867
2026-09-15 20:25:00,39,0.07692307692307693,0.02564102564102564,139.71,295.4200000000001,147.52153846153846,103412,39,2651.5897435897436
2026-09-15 20:26:00,38,0.0,0.0,87.225,382.7194999999997,138.89315789473685,96420,38,2537.3684210526317
2026-09-15 20:27:00,37,0.0,0.0,101.4,350.1859999999998,144.46756756756758,103424,37,2795.2432432432433
2026-09-15 20:28:00,53,0.018867924528301886,0.0,114.94,307.79200000000003,141.7911320754717,189306,53,3571.811320754717
2026-09-15 20:29:00,46,0.021739130434782608,0.021739130434782608,114.425,293.1425,138.57,142053,46,3088.108695652174
2026-09-15 20:30:00,55,0.0,0.0,111.79,361.801,142.29527272727273,158850,55,2888.181818181818
2026-09-15 20:31:00,51,0.0,0.0,112.18,358.04999999999995,137.67843137254903,152077,51,2981.901960784314
2026-09-15 20:32:00,57,0.03508771929824561,0.017543859649122806,108.97,237.3059999999999,118.0982456140351,174670,57,3064.3859649122805
2026-09-15 20:33:00,60,0.0,0.0,117.745,255.1415,125.45649999999999,146892,60,2448.2
2026-09-15 20:34:00,47,0.02127659574468085,0.0,92.65,239.1509999999999,121.72382978723405,132635,47,2822.021276595745
2026-09-15 20:35:00,51,0.0,0.0,106.86,409.845,140.0850980392157,178658,51,3503.098039215686
2026-09-15 20:36:00,44,0.0,0.0,121.015,295.78200000000004,131.4309090909091,115211,44,2618.431818181818
2026-09-15 20:37:00,43,0.0,0.0,141.26,303.069,167.0639534883721,138339,43,3217.186046511628
2026-09-15 20:38:00,51,0.0392156862745098,0.0,98.62,251.52499999999998,117.88725490196079,119096,51,2335.2156862745096
2026-09-15 20:39:00,41,0.024390243902439025,0.024390243902439025,114.96,265.49,138.02195121951218,111685,41,2724.0243902439024
2026-09-15 20:40:00,21,0.0,0.0,93.96,414.36,161.75142857142856,49007,21,2333.6666666666665
2026-09-15 20:41:00,54,0.037037037037037035,0.0,91.375,244.31149999999997,113.435,140926,54,2609.740740740741
2026-09-15 20:42:00,55,0.0,0.0,103.27,294.0729999999999,122.238,200161,55,3639.2909090909093
2026-09-15 20:43:00,53,0.018867924528301886,0.0,107.68,329.72999999999996,141.0954716981132,164831,53,3110.0188679245284
2026-09-15 20:44:00,36,0.027777777777777776,0.0,118.495,240.935,131.60861111111112,122979,36,3416.0833333333335
2026-09-15 20:45:00,39,0.0,0.0,112.0,226.34000000000003,129.6646153846154,117237,39,3006.076923076923
2026-09-15 20:46:00,45,0.0,0.0,122.7,288.8159999999999,142.5562222222222,150480,45,3344.0
2026-09-15 20:47:00,42,0.0,0.0,105.16499999999999,344.9234999999999,139.75880952380953,112773,42,2685.0714285714284
2026-09-15 20:48:00,39,0.0,0.0,95.81,308.52700000000004,122.75256410256411,126336,39,3239.3846153846152
2026-09-15 20:49:00,52,0.0,0.0,98.625,295.36299999999994,125.12346153846154,180105,52,3463.5576923076924
2026-09-15 20:50:00,46,0.043478260869565216,0.021739130434782608,102.88499999999999,293.0825,120.09608695652175,139099,46,3023.891304347826
2026-09-15 20:51:00,37,0.0,0.0,109.92,253.60599999999997,127.90810810810812,94653,37,2558.189189189189
2026-09-15 20:52:00,45,0.0,0.0,123.44,307.98199999999986,146.92,116802,45,2595.6
2026-09-15 20:53:00,45,0.0,0.0,111.55,328.19199999999995,141.74622222222223,131135,45,2914.1111111111113
2026-09-15 20:54:00,58,0.0,0.0,106.255,347.4005,132.97379310344826,193236,57,3331.655172413793
2026-09-15 20:55:00,45,0.0,0.0,120.56,311.53799999999984,141.20933333333335,136442,45,3032.0444444444443
2026-09-15 20:56:00,43,0.0,0.0,79.02,251.50799999999998,98.6106976744186,147885,43,3439.186046511628
2026-09-15 20:57:00,50,0.02,0.0,108.77000000000001,352.9099999999999,150.7766,138451,50,2769.02
2026-09-15 20:58:00,58,0.017241379310344827,0.0,108.555,316.565,136.76275862068965,163199,58,2813.7758620689656
2026-09-15 20:59:00,37,0.02702702702702703,0.0,93.15,277.1839999999999,127.15108108108109,85797,37,2318.837837837838
2026-09-15 21:00:00,43,0.0,0.0,118.59,231.09199999999998,126.14558139534884,124272,43,2890.046511627907
2026-09-15 21:01:00,54,0.0,0.0,98.58000000000001,260.59849999999966,115.77814814814816,154043,54,2852.6481481481483
2026-09-15 21:02:00,48,0.0,0.0,109.53999999999999,285.223,130.658125,185070,48,3855.625
2026-09-15 21:03:00,36,0.027777777777777776,0.027777777777777776,97.945,343.3725,130.5213888888889,94993,36,2638.6944444444443
2026-09-15 21:04:00,48,0.020833333333333332,0.0,118.71,327.55699999999996,135.09687499999998,146387,48,3049.7291666666665
2026-09-15 21:05:00,50,0.02,0.0,117.99000000000001,418.0954999999997,155.191,175261,50,3505.22
2026-09-15 21:06:00,52,0.019230769230769232,0.0,105.22999999999999,332.10499999999985,136.39826923076924,164170,52,3157.1153846153848
2026-09-15 21:07:00,37,0.0,0.0,109.17,218.32399999999973,124.38243243243245,103909,37,2808.3513513513512
2026-09-15 21:08:00,44,0.0,0.0,108.08500000000001,216.639,115.26977272727272,123746,44,2812.409090909091
2026-09-15 21:09:00,41,0.0,0.0,99.36,305.23,143.79341463414633,101611,41,2478.317073170732
2026-09-15 21:10:00,38,0.02631578947368421,0.0,117.24000000000001,368.57199999999995,155.57473684210527,103484,38,2723.2631578947367
2026-09-15 21:11:00,40,0.0,0.0,115.58500000000001,294.21699999999987,140.05275,104352,40,2608.8
2026-09-15 21:12:00,48,0.020833333333333332,0.0,115.0,361.6214999999999,133.50875,118033,47,2459.0208333333335
2026-09-15 21:13:00,52,0.0,0.0,103.91499999999999,262.0449999999998,126.53769230769231,188382,52,3622.730769230769
2026-09-15 21:14:00,58,0.0,0.0,120.14,352.2555,143.05206896551724,184239,57,3176.5344827586205
2026-09-15 21:15:00,36,0.0,0.0,112.33,225.245,127.1997222222222,111535,36,3098.1944444444443
2026-09-15 21:16:00,39,0.0,0.0,110.99,272.16200000000003,124.73282051282051,117774,39,3019.846153846154
2026-09-15 21:17:00,43,0.023255813953488372,0.0,118.78,265.86999999999995,127.03418604651164,112117,43,2607.3720930232557
2026-09-15 21:18:00,40,0.05,0.0,111.935,321.42749999999995,129.4025,139864,40,3496.6
2026-09-15 21:19:00,44,0.0,0.0,112.525,422.64200000000017,146.20613636363635,116808,44,2654.7272727272725
2026-09-15 21:20:00,46,0.021739130434782608,0.0,104.04,255.1875,127.1691304347826,132134,46,2872.478260869565
2026-09-15 21:21:00,29,0.034482758620689655,0.0,112.58,203.77399999999994,121.42896551724138,81133,29,2797.689655172414
2026-09-15 21:22:00,42,0.023809523809523808,0.0,86.285,304.8759999999996,106.90547619047618,115063,42,2739.595238095238
2026-09-15 21:23:00,20,0.0,0.0,109.10499999999999,253.24350000000004,116.30550000000001,52758,20,2637.9
2026-09-15 21:24:00,39,0.0,0.0,102.79,203.84400000000002,110.78564102564103,115797,39,2969.153846153846
2026-09-15 21:25:00,43,0.023255813953488372,0.0,118.06,206.80399999999997,117.17930232558139,128302,43,2983.767441860465
2026-09-15 21:26:00,41,0.0,0.0,116.96,375.69,158.92365853658535,118745,41,2896.2195121951218
2026-09-15 21:27:00,35,0.0,0.0,105.8,206.95999999999992,115.70485714285715,91106,34,2603.0285714285715
2026-09-15 21:28:00,34,0.0,0.0,112.67500000000001,313.34799999999996,136.16117647058823,80955,34,2381.029411764706
2026-09-15 21:29:00,35,0.02857142857142857,0.02857142857142857,111.01,457.74899999999894,171.59257142857143,99014,35,2828.9714285714285
2026-09-15 21:30:00,35,0.0,0.0,110.81,312.81799999999987,140.76228571428572,98810,35,2823.1428571428573
2026-09-15 21:31:00,39,0.02564102564102564,0.02564102564102564,99.7,272.622,128.73589743589744,115462,39,2960.5641025641025
2026-09-15 21:32:00,43,0.0,0.0,141.75,359.08899999999994,159.5746511627907,153108,43,3560.6511627906975
2026-09-15 21:33:00,41,0.0,0.0,102.56,214.12,114.96707317073172,112183,41,2736.170731707317
2026-09-15 21:34:00,115,0.008695652173913044,0.0,122.21,325.422,138.84365217391306,358355,115,3116.1304347826085
2026-09-15 21:35:00,119,0.025210084033613446,0.0,114.49,385.989,148.9727731092437,343580,119,2887.2268907563025
2026-09-15 21:36:00,126,0.0,0.0,112.78,290.19,142.8790476190476,373242,126,2962.2380952380954
2026-09-15 21:37:00,104,0.019230769230769232,0.009615384615384616,108.74000000000001,258.67799999999994,126.17730769230769,289340,104,2782.1153846153848
2026-09-15 21:38:00,101,0.019801980198019802,0.019801980198019802,105.3,274.48,121.42465346534652,293386,100,2904.8118811881186
2026-09-15 21:39:00,115,0.008695652173913044,0.0,115.38,295.7929999999999,136.55591304347826,354097,115,3079.104347826087
2026-09-15 21:40:00,130,0.007692307692307693,0.007692307692307693,107.74,343.53749999999997,137.64069230769232,361289,130,2779.146153846154
2026-09-15 21:41:00,113,0.008849557522123894,0.0,103.42,327.7559999999999,127.70867256637167,317718,113,2811.663716814159
2026-09-15 21:42:00,85,0.011764705882352941,0.0,102.45,265.22999999999996,127.9364705882353,266560,84,3136.0
2026-09-15 21:43:00,116,0.008620689655172414,0.0,107.215,319.7525,133.6191379310345,371142,116,3199.5
2026-09-15 21:44:00,109,0.0,0.0,116.06,349.1999999999998,138.90045871559633,332330,109,3048.8990825688074
2026-09-15 21:45:00,112,0.0,0.0,98.295,273.66049999999996,123.13125000000001,315177,112,2814.0803571428573
2026-09-15 21:46:00,115,0.008695652173913044,0.008695652173913044,114.13,330.476,140.03443478260868,351425,115,3055.8695652173915
2026-09-15 21:47:00,85,0.011764705882352941,0.0,103.11,373.25399999999996,140.22164705882352,236526,84,2782.6588235294116
2026-09-15 21:48:00,101,0.0,0.0,112.83,338.92,140.34346534653466,322896,101,3196.990099009901
2026-09-15 21:49:00,108,0.018518518518518517,0.009259259259259259,106.935,278.05249999999995,127.77101851851852,333476,108,3087.740740740741
2026-09-15 21:50:00,101,0.0,0.0,126.92,342.74,151.02633663366336,356922,101,3533.8811881188117
2026-09-15 21:51:00,114,0.017543859649122806,0.008771929824561403,97.095,236.51049999999992,115.63798245614035,330939,113,2902.9736842105262
2026-09-15 21:52:00,107,0.009345794392523364,0.0,100.18,316.0189999999999,131.9496261682243,370083,107,3458.7196261682243
2026-09-15 21:53:00,91,0.01098901098901099,0.0,108.66,306.93,135.94879120879122,286922,91,3152.989010989011
2026-09-15 21:54:00,33,0.0,0.0,126.13,253.006,135.00060606060606,95996,33,2908.969696969697
2026-09-15 21:55:00,38,0.0,0.0,140.075,279.25349999999975,142.34973684210527,99251,38,2611.8684210526317
2026-09-15 21:56:00,42,0.023809523809523808,0.0,94.10499999999999,278.4774999999999,119.46928571428572,123929,42,2950.690476190476
2026-09-15 21:57:00,41,0.024390243902439025,0.0,102.71,297.22,116.05804878048781,124121,41,3027.3414634146343
2026-09-15 21:58:00,34,0.029411764705882353,0.029411764705882353,128.935,348.0409999999999,146.3464705882353,120405,34,3541.323529411765
2026-09-15 21:59:00,33,0.0,0.0,125.38,284.91999999999996,148.47515151515154,111644,33,3383.151515151515
2026-09-15 22:00:00,35,0.0,0.0,122.8,402.8459999999998,152.91171428571428,105556,35,3015.885714285714
2026-09-15 22:01:00,32,0.0,0.0,128.505,248.71149999999994,130.7071875,127770,32,3992.8125
2026-09-15 22:02:00,32,0.0,0.0,107.815,221.15499999999997,111.7803125,82830,32,2588.4375
2026-09-15 22:03:00,27,0.0,0.0,131.51,287.668,150.2274074074074,79115,27,2930.185185185185
2026-09-15 22:04:00,32,0.03125,0.03125,112.815,271.52649999999994,134.8946875,98728,32,3085.25
2026-09-15 22:05:00,51,0.0,0.0,104.57,314.63,136.2058823529412,173337,51,3398.764705882353
2026-09-15 22:06:00,39,0.0,0.0,90.5,271.30600000000004,110.56102564102564,123305,39,3161.6666666666665
2026-09-15 22:07:00,35,0.0,0.0,101.92,302.6579999999999,139.36342857142859,90551,35,2587.1714285714284
2026-09-15 22:08:00,36,0.0,0.0,103.195,393.13250000000005,158.45222222222222,116427,36,3234.0833333333335
2026-09-15 22:09:00,52,0.0,0.0,92.88499999999999,280.3455,107.2073076923077,136983,52,2634.2884615384614
2026-09-15 22:10:00,30,0.03333333333333333,0.0,115.285,216.83999999999983,117.45,73520,30,2450.6666666666665
2026-09-15 22:11:00,36,0.0,0.0,112.705,296.4975,138.8111111111111,118745,36,3298.472222222222
2026-09-15 22:12:00,37,0.02702702702702703,0.0,94.48,248.94999999999953,117.30675675675677,118200,37,3194.5945945945946
2026-09-15 22:13:00,29,0.0,0.0,116.07,355.41399999999993,131.24310344827586,88140,29,3039.310344827586
2026-09-15 22:14:00,38,0.0,0.0,109.035,282.453,131.31842105263158,103598,38,2726.2631578947367
2026-09-15 22:15:00,26,0.0,0.0,96.17,366.375,135.99846153846153,86482,26,3326.230769230769
2026-09-15 22:16:00,38,0.0,0.0,102.805,244.02449999999988,113.92026315789474,121350,38,3193.4210526315787
2026-09-15 22:17:00,33,0.0,0.0,137.58,310.366,143.66363636363636,97680,33,2960.0
2026-09-15 22:18:00,23,0.0,0.0,132.1,234.01999999999998,142.19652173913045,72134,23,3136.2608695652175
2026-09-15 22:19:00,27,0.0,0.0,98.79,286.599,114.76148148148148,87448,27,3238.814814814815
2026-09-15 22:20:00,36,0.0,0.0,114.555,329.815,149.63222222222223,102588,36,2849.6666666666665
2026-09-15 22:21:00,33,0.030303030303030304,0.0,117.07,387.56399999999985,139.21818181818182,79934,33,2422.242424242424
2026-09-15 22:22:00,30,0.03333333333333333,0.0,109.43,302.7309999999999,137.436,101895,30,3396.5
2026-09-15 22:23:00,47,0.02127659574468085,0.02127659574468085,106.99,239.54099999999994,112.4240425531915,140337,47,2985.8936170212764
2026-09-15 22:24:00,23,0.0,0.0,81.08,288.207,125.86217391304348,49712,23,2161.391304347826
2026-09-15 22:25:00,28,0.0,0.0,102.25,227.23849999999996,115.96785714285714,71371,28,2548.964285714286
2026-09-15 22:26:00,32,0.0,0.0,99.34,231.467,106.8790625,91429,32,2857.15625
2026-09-15 22:27:00,27,0.037037037037037035,0.037037037037037035,99.83,248.906,117.87814814814816,87900,27,3255.5555555555557
2026-09-15 22:28:00,43,0.0,0.0,119.31,327.6839999999999,145.43697674418604,132651,43,3084.906976744186
2026-09-15 22:29:00,25,0.0,0.0,76.15,188.378,93.7016,75830,25,3033.2
2026-09-15 22:30:00,25,0.0,0.0,106.61,251.02799999999993,120.9376,70917,25,2836.68
2026-09-15 22:31:00,34,0.0,0.0,111.685,280.62649999999996,122.68117647058823,110940,34,3262.9411764705883
2026-09-15 22:32:00,23,0.08695652173913043,0.0,108.36,266.531,131.20478260869567,59875,23,2603.2608695652175
2026-09-15 22:33:00,28,0.0,0.0,141.825,262.11949999999996,137.95642857142857,80116,28,2861.285714285714
2026-09-15 22:34:00,40,0.0,0.0,108.64,284.16949999999997,132.16424999999998,126854,40,3171.35
2026-09-15 22:35:00,30,0.0,0.0,105.49000000000001,316.73849999999993,125.02333333333333,72142,30,2404.733333333333
2026-09-15 22:36:00,44,0.0,0.0,109.65,258.49300000000005,111.40454545454546,166084,44,3774.6363636363635
2026-09-15 22:37:00,34,0.0,0.0,102.655,219.18149999999991,122.84441176470588,94412,34,2776.823529411765
2026-09-15 22:38:00,40,0.0,0.0,76.75999999999999,215.48899999999995,94.39075,164140,40,4103.5
2026-09-15 22:39:00,27,0.0,0.0,114.21,189.87199999999999,118.99074074074075,115885,27,4292.037037037037
2026-09-15 22:40:00,29,0.034482758620689655,0.0,136.03,453.9739999999995,162.69896551724136,78832,29,2718.344827586207
2026-09-15 22:41:00,36,0.0,0.0,103.275,359.5825,144.88666666666666,93525,36,2597.9166666666665
2026-09-15 22:42:00,29,0.0,0.0,97.05,286.10799999999995,115.06551724137931,87118,29,3004.0689655172414
2026-09-15 22:43:00,24,0.041666666666666664,0.041666666666666664,115.99,242.45949999999993,131.20624999999998,66267,24,2761.125
2026-09-15 22:44:00,24,0.0,0.0,111.0,210.6359999999999,117.505,92059,24,3835.7916666666665
2026-09-15 22:45:00,24,0.0,0.0,130.36,209.75849999999997,127.40625,62214,24,2592.25
2026-09-15 22:46:00,24,0.0,0.0,92.105,283.787,125.21083333333333,88387,24,3682.7916666666665
2026-09-15 22:47:00,23,0.043478260869565216,0.0,98.73,300.97799999999995,135.73347826086956,79828,23,3470.782608695652
2026-09-15 22:48:00,34,0.0,0.0,112.725,282.83849999999995,138.94176470588238,104307,34,3067.8529411764707
2026-09-15 22:49:00,28,0.0,0.0,83.405,250.71799999999988,105.94964285714286,109449,28,3908.8928571428573
2026-09-15 22:50:00,36,0.0,0.0,96.25,334.15250000000003,135.73194444444445,126441,36,3512.25
2026-09-15 22:51:00,30,0.0,0.0,88.06,255.05249999999998,120.19966666666666,81597,30,2719.9
2026-09-15 22:52:00,22,0.045454545454545456,0.0,92.25999999999999,253.92149999999998,115.98909090909092,59050,22,2684.090909090909
2026-09-15 22:53:00,31,0.03225806451612903,0.03225806451612903,102.83,290.94000000000005,114.77806451612904,112679,31,3634.8064516129034
2026-09-15 22:54:00,20,0.0,0.0,134.545,279.86650000000014,153.42149999999998,57445,20,2872.25
2026-09-15 22:55:00,24,0.0,0.0,86.225,214.66349999999989,97.71,65527,24,2730.2916666666665
2026-09-15 22:56:00,25,0.0,0.0,116.16,238.69199999999998,119.99040000000001,59763,25,2390.52
2026-09-15 22:57:00,33,0.0,0.0,95.3,289.6239999999999,121.80515151515152,93861,33,2844.2727272727275
2026-09-15 22:58:00,25,0.04,0.04,97.63,389.1759999999997,136.0812,67793,25,2711.72
2026-09-15 22:59:00,1,0.0,0.0,104.82,104.82,104.82,968,1,968.0
2026-09-15 23:00:00,5,0.0,0.0,75.38,143.22799999999998,96.49199999999999,20233,5,4046.6
2026-09-15 23:01:00,5,0.2,0.0,101.88,196.458,105.61600000000001,9978,5,1995.6
2026-09-15 23:02:00,7,0.0,0.0,64.35,244.41299999999995,104.64999999999999,18780,7,2682.8571428571427
2026-09-15 23:03:00,6,0.16666666666666666,0.0,165.43,339.4475,178.30499999999998,12695,6,2115.8333333333335
2026-09-15 23:04:00,2,0.0,0.0,35.565,53.0475,35.565,3586,2,1793.0
2026-09-15 23:05:00,3,0.0,0.0,153.9,158.661,110.5,14358,3,4786.0
2026-09-15 23:06:00,1,0.0,0.0,64.83,64.83,64.83,9391,1,9391.0
2026-09-15 23:07:00,3,0.0,0.0,150.9,203.90099999999998,156.52666666666667,7082,3,2360.6666666666665
2026-09-15 23:08:00,4,0.0,0.0,145.79500000000002,507.57899999999984,234.58999999999997,8606,4,2151.5
2026-09-15 23:09:00,4,0.0,0.0,80.31,226.71749999999994,119.30000000000001,7231,4,1807.75
2026-09-15 23:10:00,5,0.0,0.0,113.87,177.744,104.19000000000001,17741,5,3548.2
2026-09-15 23:11:00,5,0.0,0.0,85.02,142.806,91.44399999999999,13953,5,2790.6
2026-09-15 23:12:00,3,0.0,0.0,43.62,66.84,42.56666666666666,19603,3,6534.333333333333
2026-09-15 23:13:00,1,0.0,0.0,166.91,166.91,166.91,12517,1,12517.0
2026-09-15 23:14:00,2,0.0,0.0,113.24000000000001,161.615,113.24000000000001,9279,2,4639.5
2026-09-15 23:15:00,3,0.0,0.0,136.4,177.8,111.23666666666668,6051,3,2017.0
2026-09-15 23:16:00,2,0.0,0.0,155.105,260.4905,155.105,3444,2,1722.0
2026-09-15 23:17:00,1,0.0,0.0,70.99,70.99,70.99,6438,1,6438.0
2026-09-15 23:18:00,4,0.25,0.0,100.38,161.97899999999998,111.9525,7782,4,1945.5
2026-09-15 23:19:00,26,0.0,0.0,120.09,337.9525,139.69692307692307,74954,26,2882.846153846154
2026-09-15 23:20:00,27,0.0,0.0,102.32,217.89399999999998,108.52333333333334,85848,27,3179.5555555555557
2026-09-15 23:21:00,29,0.06896551724137931,0.034482758620689655,124.56,332.64799999999974,144.22724137931036,105662,29,3643.5172413793102
2026-09-15 23:22:00,19,0.05263157894736842,0.0,82.24,245.99699999999984,94.33052631578947,57593,19,3031.2105263157896
2026-09-15 23:23:00,34,0.0,0.0,117.425,294.256,138.6285294117647,111808,34,3288.470588235294
2026-09-15 23:24:00,20,0.0,0.0,83.38,307.7670000000002,133.1685,88907,20,4445.35
2026-09-15 23:25:00,29,0.0,0.0,102.2,265.1639999999999,115.4041379310345,98033,29,3380.448275862069
2026-09-15 23:26:00,38,0.02631578947368421,0.02631578947368421,99.82499999999999,283.591,122.61789473684212,122334,38,3219.315789473684
2026-09-15 23:27:00,32,0.03125,0.0,107.47,255.6914999999999,114.1390625,85769,32,2680.28125
2026-09-15 23:28:00,21,0.09523809523809523,0.047619047619047616,118.64,307.81,139.78047619047618,54944,21,2616.3809523809523
2026-09-15 23:29:00,17,0.0,0.0,116.96,198.35999999999999,114.81882352941177,45637,17,2684.529411764706
2026-09-15 23:30:00,25,0.04,0.04,167.58,361.4439999999999,181.15200000000002,66736,25,2669.44
2026-09-15 23:31:00,31,0.0,0.0,130.62,299.205,149.28709677419354,109051,31,3517.7741935483873
2026-09-15 23:32:00,29,0.0,0.0,100.73,223.39199999999997,119.67137931034482,84375,29,2909.4827586206898
2026-09-15 23:33:00,28,0.0,0.0,123.145,283.6989999999999,147.64392857142857,79448,28,2837.4285714285716
2026-09-15 23:34:00,23,0.0,0.0,90.49,254.66699999999992,101.72,61452,23,2671.8260869565215
2026-09-15 23:35:00,32,0.03125,0.0,114.36500000000001,341.9439999999998,142.819375,92772,32,2899.125
2026-09-15 23:36:00,24,0.0,0.0,135.99,265.9489999999999,138.7775,49273,24,2053.0416666666665
2026-09-15 23:37:00,19,0.0,0.0,111.35,235.08899999999994,124.99105263157894,71714,19,3774.4210526315787
2026-09-15 23:38:00,29,0.0,0.0,94.71,237.08799999999997,108.23965517241379,103360,29,3564.137931034483
2026-09-15 23:39:00,24,0.041666666666666664,0.0,113.64500000000001,246.383,121.05541666666666,60022,24,2500.9166666666665
2026-09-15 23:40:00,42,0.023809523809523808,0.0,134.18,242.40899999999996,137.3202380952381,118189,42,2814.0238095238096
2026-09-15 23:41:00,25,0.0,0.0,99.27,381.45599999999985,135.1704,73371,25,2934.84
2026-09-15 23:42:00,30,0.0,0.0,91.195,432.15349999999967,132.69400000000002,96306,30,3210.2
2026-09-15 23:43:00,33,0.0,0.0,113.82,279.942,125.88969696969696,101176,33,3065.939393939394
2026-09-15 23:44:00,23,0.0,0.0,100.18,396.85399999999987,144.3291304347826,60758,23,2641.6521739130435
2026-09-15 23:45:00,30,0.0,0.0,102.33,233.38349999999997,116.42066666666666,89263,30,2975.4333333333334
2026-09-15 23:46:00,25,0.0,0.0,117.33,451.55799999999937,155.1864,73428,25,2937.12
2026-09-15 23:47:00,17,0.0,0.0,93.46,314.79599999999994,132.45117647058825,51712,17,3041.8823529411766
2026-09-15 23:48:00,20,0.0,0.0,132.14,287.408,145.52249999999998,66322,20,3316.1
2026-09-15 23:49:00,25,0.08,0.04,94.76,266.0759999999999,109.0852,61142,25,2445.68
2026-09-15 23:50:00,28,0.0,0.0,124.42500000000001,322.256,141.74678571428572,88781,28,3170.75
2026-09-15 23:51:00,21,0.047619047619047616,0.0,115.58,223.02,119.59761904761906,67153,21,3197.7619047619046
2026-09-15 23:52:00,25,0.0,0.0,97.73,209.2779999999999,104.79,63600,25,2544.0
2026-09-15 23:53:00,32,0.0,0.0,128.74,315.77649999999994,142.1759375,79377,32,2480.53125
2026-09-15 23:54:00,27,0.07407407407407407,0.037037037037037035,88.2,206.59499999999997,99.49740740740742,90175,27,3339.814814814815
2026-09-15 23:55:00,21,0.0,0.0,95.55,253.25,123.69857142857143,69071,21,3289.095238095238
2026-09-15 23:56:00,17,0.0,0.0,113.53,236.50199999999992,118.76352941176471,64514,17,3794.9411764705883
2026-09-15 23:57:00,23,0.0,0.0,101.22,305.77699999999993,133.98,63966,23,2781.1304347826085
2026-09-15 23:58:00,24,0.0,0.0,87.115,316.2434999999999,123.88083333333333,79423,24,3309.2916666666665
2026-09-15 23:59:00,16,0.0,0.0,127.03999999999999,263.1575,118.995,52017,16,3251.0625
2026-09-16 00:00:00,22,0.0,0.0,107.22,420.361,160.12318181818182,66306,22,3013.909090909091
2026-09-16 00:01:00,26,0.0,0.0,102.44999999999999,240.47,111.19538461538461,80529,26,3097.269230769231
2026-09-16 00:02:00,30,0.0,0.0,112.41499999999999,209.77999999999997,111.55233333333334,100701,30,3356.7
2026-09-16 00:03:00,35,0.0,0.0,108.8,257.45699999999994,114.23114285714286,96746,35,2764.1714285714284
2026-09-16 00:04:00,26,0.0,0.0,93.77000000000001,304.26250000000005,125.35807692307692,82052,26,3155.846153846154
2026-09-16 00:05:00,28,0.0,0.0,90.53,206.51500000000001,112.47785714285715,84926,28,3033.0714285714284
2026-09-16 00:06:00,19,0.0,0.0,128.44,441.5899999999999,173.25052631578947,57094,19,3004.9473684210525
2026-09-16 00:07:00,20,0.0,0.0,130.54500000000002,281.3505,133.363,59956,20,2997.8
2026-09-16 00:08:00,17,0.0,0.0,160.77,332.30999999999983,165.82235294117646,43432,17,2554.823529411765
2026-09-16 00:09:00,24,0.041666666666666664,0.041666666666666664,122.96000000000001,464.0339999999998,184.35375,64468,24,2686.1666666666665
2026-09-16 00:10:00,26,0.0,0.0,98.325,249.8825,116.07269230769231,90451,26,3478.8846153846152
2026-09-16 00:11:00,22,0.0,0.0,130.485,250.39499999999998,134.94636363636366,70929,22,3224.0454545454545
2026-09-16 00:12:00,27,0.0,0.0,117.06,256.68299999999994,143.27074074074073,92460,26,3424.4444444444443
2026-09-16 00:13:00,2,0.0,0.0,152.29,202.654,152.29,2154,2,1077.0
2026-09-16 00:14:00,7,0.0,0.0,135.01,213.62699999999998,139.84714285714284,20348,7,2906.8571428571427
2026-09-16 00:15:00,5,0.0,0.0,150.56,233.612,176.07999999999998,11588,5,2317.6
2026-09-16 00:16:00,6,0.0,0.0,165.235,195.8175,136.38333333333333,15052,6,2508.6666666666665
2026-09-16 00:17:00,2,0.0,0.0,235.4,244.00400000000002,235.4,2661,2,1330.5
2026-09-16 00:18:00,3,0.0,0.0,89.63,137.708,93.45333333333333,8535,3,2845.0
2026-09-16 00:19:00,3,0.0,0.0,102.33,152.07299999999998,100.05,10029,3,3343.0
2026-09-16 00:20:00,4,0.0,0.0,175.565,213.6745,171.0,15168,4,3792.0
2026-09-16 00:21:00,5,0.0,0.0,133.87,378.424,171.74200000000002,21409,5,4281.8
2026-09-16 00:22:00,3,0.0,0.0,149.66,155.114,126.39666666666666,9414,3,3138.0
2026-09-16 00:23:00,3,0.0,0.0,51.02,94.39099999999999,60.19,11087,3,3695.6666666666665
2026-09-16 00:24:00,4,0.0,0.0,235.495,348.3585,246.575,5485,4,1371.25
2026-09-16 00:25:00,0,0.0,0.0,0.0,0.0,0.0,0,0,0.0
2026-09-16 00:26:00,1,0.0,0.0,143.27,143.27,143.27,2827,1,2827.0
2026-09-16 00:27:00,1,0.0,0.0,271.17,271.17,271.17,1870,1,1870.0
2026-09-16 00:28:00,6,0.0,0.0,176.91,290.83750000000003,189.92333333333332,15162,6,2527.0
2026-09-16 00:29:00,2,0.0,0.0,185.105,294.3605,185.105,5970,2,2985.0
2026-09-16 00:30:00,2,0.0,0.0,93.41499999999999,126.2245,93.415,10591,2,5295.5
2026-09-16 00:31:00,2,0.0,0.0,92.065,98.4595,92.065,5359,2,2679.5
2026-09-16 00:32:00,2,0.0,0.0,114.80000000000001,164.93,114.8,10379,2,5189.5
2026-09-16 00:33:00,28,0.0,0.0,94.39,420.43849999999986,141.96678571428572,77621,28,2772.1785714285716
2026-09-16 00:34:00,26,0.0,0.0,108.83500000000001,297.7275,127.18769230769232,83543,26,3213.1923076923076
2026-09-16 00:35:00,30,0.0,0.0,98.775,341.64549999999963,123.47866666666667,81119,30,2703.9666666666667
2026-09-16 00:36:00,23,0.0,0.0,116.92,596.4099999999999,170.5621739130435,73673,23,3203.1739130434785
2026-09-16 00:37:00,28,0.0,0.0,97.78999999999999,254.4469999999999,120.08892857142857,86224,28,3079.4285714285716
2026-09-16 00:38:00,22,0.0,0.0,100.845,412.86699999999985,147.85863636363635,63133,22,2869.681818181818
2026-09-16 00:39:00,22,0.0,0.0,138.29000000000002,311.2965,153.74772727272727,56805,22,2582.0454545454545
2026-09-16 00:40:00,15,0.0,0.0,112.17,239.0559999999999,131.33,55519,15,3701.266666666667
2026-09-16 00:41:00,27,0.0,0.0,136.25,346.9129999999999,148.90851851851852,92072,27,3410.074074074074
2026-09-16 00:42:00,28,0.0,0.0,116.75999999999999,236.52349999999998,140.17928571428573,93565,28,3341.6071428571427
2026-09-16 00:43:00,27,0.037037037037037035,0.0,96.22,242.878,140.95814814814815,73486,27,2721.703703703704
2026-09-16 00:44:00,27,0.0,0.0,106.87,307.8809999999999,122.91518518518518,82108,27,3041.037037037037
2026-09-16 00:45:00,22,0.045454545454545456,0.0,82.14,189.3815,96.27181818181818,69082,22,3140.090909090909
2026-09-16 00:46:00,27,0.0,0.0,121.5,275.14799999999997,141.11962962962963,86457,27,3202.1111111111113
2026-09-16 00:47:00,18,0.0,0.0,103.35,352.36299999999983,141.11444444444444,67365,18,3742.5
2026-09-16 00:48:00,32,0.0,0.0,125.3,638.3829999999997,195.58125,100759,32,3148.71875
2026-09-16 00:49:00,17,0.0,0.0,117.13,323.5799999999999,142.8770588235294,54950,17,3232.3529411764707
2026-09-16 00:50:00,27,0.0,0.0,118.78,336.89699999999993,143.48222222222222,92887,27,3440.259259259259
2026-09-16 00:51:00,33,0.0,0.0,108.89,400.8079999999999,152.7057575757576,87912,33,2664.0
2026-09-16 00:52:00,27,0.0,0.0,80.86,187.97299999999998,96.61888888888889,94009,27,3481.814814814815
2026-09-16 00:53:00,24,0.0,0.0,92.14,442.4094999999997,140.46916666666667,61131,24,2547.125
2026-09-16 00:54:00,25,0.04,0.0,116.06,323.54999999999984,147.4616,91120,25,3644.8
2026-09-16 00:55:00,30,0.0,0.0,94.47,248.34849999999997,114.81733333333334,91724,30,3057.4666666666667
2026-09-16 00:56:00,34,0.0,0.0,105.52000000000001,293.99949999999995,131.89735294117648,94515,34,2779.8529411764707
2026-09-16 00:57:00,22,0.045454545454545456,0.045454545454545456,119.03,354.7965,164.53727272727272,81457,22,3702.590909090909
2026-09-16 00:58:00,20,0.0,0.0,92.44999999999999,257.7145,104.3765,54901,20,2745.05
2026-09-16 00:59:00,22,0.0,0.0,133.77499999999998,526.4939999999999,172.18318181818182,54130,22,2460.4545454545455
2026-09-16 01:00:00,24,0.08333333333333333,0.0,117.905,364.6169999999998,161.47333333333333,78721,24,3280.0416666666665
2026-09-16 01:01:00,19,0.0,0.0,109.6,286.15099999999927,129.29052631578946,45648,19,2402.5263157894738
2026-09-16 01:02:00,13,0.0,0.0,84.61,185.67,94.87923076923077,38161,13,2935.4615384615386
2026-09-16 01:03:00,25,0.04,0.0,99.64,229.128,124.08879999999999,79364,25,3174.56
2026-09-16 01:04:00,24,0.0,0.0,96.07,300.3404999999999,133.41,69890,24,2912.0833333333335
2026-09-16 01:05:00,15,0.0,0.0,115.88,276.5889999999999,132.28666666666666,34430,15,2295.3333333333335
2026-09-16 01:06:00,20,0.0,0.0,141.15499999999997,353.3695,149.0805,57778,20,2888.9
2026-09-16 01:07:00,31,0.0,0.0,98.77,232.785,117.49838709677418,101449,31,3272.548387096774
2026-09-16 01:08:00,25,0.0,0.0,102.24,296.02999999999975,122.2896,56472,25,2258.88
2026-09-16 01:09:00,19,0.0,0.0,105.2,294.2799999999999,134.6826315789474,79858,19,4203.0526315789475
2026-09-16 01:10:00,32,0.03125,0.0,136.32,348.0485,159.426875,79022,32,2469.4375
2026-09-16 01:11:00,27,0.0,0.0,108.18,224.617,110.95555555555556,67563,27,2502.3333333333335
2026-09-16 01:12:00,17,0.0,0.0,104.0,350.96,134.22823529411767,41167,17,2421.5882352941176
2026-09-16 01:13:00,25,0.08,0.04,114.68,452.5499999999997,170.218,84316,25,3372.64
2026-09-16 01:14:00,34,0.0,0.0,110.59,288.8044999999999,132.6385294117647,126696,34,3726.3529411764707
2026-09-16 01:15:00,23,0.0,0.0,123.51,184.041,114.02391304347827,83313,23,3622.304347826087
2026-09-16 01:16:00,20,0.05,0.05,90.38499999999999,348.029,128.3315,49572,20,2478.6
2026-09-16 01:17:00,26,0.038461538461538464,0.0,97.94,241.7875,116.85346153846154,93065,26,3579.423076923077
2026-09-16 01:18:00,28,0.0,0.0,91.9,256.81899999999996,128.8164285714286,108417,28,3872.035714285714
2026-09-16 01:19:00,17,0.0,0.0,82.68,331.1779999999998,125.49764705882353,36011,17,2118.294117647059
2026-09-16 01:20:00,27,0.0,0.0,123.85,369.60199999999986,146.30296296296297,72278,27,2676.962962962963
2026-09-16 01:21:00,25,0.0,0.0,107.33,269.5699999999999,131.0576,70507,25,2820.28
2026-09-16 01:22:00,37,0.02702702702702703,0.0,115.54,270.0079999999999,146.04513513513513,104197,37,2816.135135135135
2026-09-16 01:23:00,29,0.034482758620689655,0.0,100.04,239.70399999999998,113.09517241379311,87368,29,3012.689655172414
2026-09-16 01:24:00,28,0.0,0.0,122.355,299.0234999999999,139.10964285714286,85424,28,3050.8571428571427
2026-09-16 01:25:00,23,0.391304347826087,0.34782608695652173,188.0,630.3419999999999,291.70695652173913,44344,23,1928.0
2026-09-16 01:26:00,25,0.36,0.32,168.33,488.57199999999966,222.81279999999998,54130,25,2165.2
2026-09-16 01:27:00,28,0.39285714285714285,0.35714285714285715,204.3,537.8465,257.7910714285714,62292,28,2224.714285714286
2026-09-16 01:28:00,27,0.5555555555555556,0.4444444444444444,299.68,665.7969999999999,309.02814814814815,36083,27,1336.4074074074074
2026-09-16 01:29:00,24,0.5,0.375,245.92000000000002,477.1744999999998,259.09250000000003,50982,24,2124.25
2026-09-16 01:30:00,25,0.4,0.32,197.66,641.288,284.774,60808,25,2432.32
2026-09-16 01:31:00,24,0.375,0.20833333333333334,218.11,618.021,278.0833333333333,53607,24,2233.625
2026-09-16 01:32:00,20,0.3,0.25,183.885,418.8465,201.954,61203,20,3060.15
2026-09-16 01:33:00,28,0.2857142857142857,0.17857142857142858,175.32,603.1365,235.8007142857143,70601,28,2521.464285714286
2026-09-16 01:34:00,29,0.41379310344827586,0.27586206896551724,222.58,554.5219999999998,258.6362068965517,71100,29,2451.7241379310344
2026-09-16 01:35:00,30,0.4,0.3333333333333333,246.01,1042.005499999998,341.17833333333334,55426,30,1847.5333333333333
2026-09-16 01:36:00,29,0.5862068965517241,0.4827586206896552,233.97,388.164,216.46172413793104,31219,29,1076.5172413793102
2026-09-16 01:37:00,19,0.3157894736842105,0.21052631578947367,244.0,440.2679999999998,230.33263157894734,45425,19,2390.7894736842104
2026-09-16 01:38:00,19,0.15789473684210525,0.15789473684210525,171.31,272.01199999999983,162.51263157894738,64834,19,3412.315789473684
2026-09-16 01:39:00,25,0.24,0.12,136.99,530.4119999999997,206.75599999999997,68320,25,2732.8
2026-09-16 01:40:00,29,0.4827586206896552,0.4482758620689655,267.95,860.0299999999997,322.3979310344827,42937,29,1480.5862068965516
2026-09-16 01:41:00,25,0.32,0.28,187.31,787.386,308.2108,63814,25,2552.56
2026-09-16 01:42:00,42,0.047619047619047616,0.0,107.13499999999999,394.40249999999963,152.8247619047619,108457,42,2582.309523809524
2026-09-16 01:43:00,28,0.0,0.0,102.3,278.4089999999998,110.83464285714285,84649,28,3023.1785714285716
2026-09-16 01:44:00,34,0.029411764705882353,0.0,162.715,379.7054999999999,177.9085294117647,115816,34,3406.3529411764707
2026-09-16 01:45:00,24,0.041666666666666664,0.0,105.15,213.85899999999995,114.94583333333333,71471,24,2977.9583333333335
2026-09-16 01:46:00,29,0.0,0.0,113.74,278.332,131.76862068965517,80936,29,2790.896551724138
2026-09-16 01:47:00,26,0.0,0.0,114.88,209.66500000000002,115.95115384615384,71299,26,2742.269230769231
2026-09-16 01:48:00,37,0.05405405405405406,0.02702702702702703,94.43,234.5799999999999,104.12810810810811,107216,37,2897.7297297297296
2026-09-16 01:49:00,30,0.06666666666666667,0.03333333333333333,107.32,386.80549999999977,165.09099999999998,105687,30,3522.9
2026-09-16 01:50:00,34,0.029411764705882353,0.0,104.91499999999999,257.66299999999995,122.50264705882353,107000,34,3147.0588235294117
2026-09-16 01:51:00,25,0.0,0.0,132.86,217.93399999999994,132.4796,77571,25,3102.84
2026-09-16 01:52:00,27,0.0,0.0,105.54,235.34699999999998,111.1862962962963,61185,27,2266.1111111111113
2026-09-16 01:53:00,36,0.0,0.0,114.38,279.53499999999997,129.46083333333334,110528,36,3070.222222222222
2026-09-16 01:54:00,30,0.03333333333333333,0.0,117.69,231.37099999999998,140.88733333333332,105245,30,3508.1666666666665
2026-09-16 01:55:00,32,0.0,0.0,88.21000000000001,272.3915,109.346875,102209,32,3194.03125
2026-09-16 01:56:00,27,0.0,0.0,129.76,524.2369999999997,177.87888888888887,54887,27,2032.851851851852
2026-09-16 01:57:00,22,0.0,0.0,112.87,201.14399999999998,121.91136363636362,63516,22,2887.090909090909
2026-09-16 01:58:00,28,0.03571428571428571,0.0,107.47,260.7785,122.23607142857144,67694,28,2417.6428571428573
2026-09-16 01:59:00,20,0.0,0.0,131.365,353.90100000000007,175.717,53689,20,2684.45
2026-09-16 02:00:00,19,0.05263157894736842,0.0,107.33,234.957,121.89736842105265,61065,19,3213.9473684210525
2026-09-16 02:01:00,30,0.0,0.0,125.52000000000001,274.9099999999996,129.524,108709,30,3623.633333333333
2026-09-16 02:02:00,18,0.0,0.0,142.435,273.88349999999997,158.50722222222223,40051,18,2225.0555555555557
2026-09-16 02:03:00,36,0.0,0.0,115.16499999999999,236.535,115.49111111111112,106108,36,2947.4444444444443
2026-09-16 02:04:00,35,0.0,0.0,109.22,301.6069999999996,140.85314285714284,102159,35,2918.8285714285716
2026-09-16 02:05:00,25,0.04,0.0,115.07,269.78199999999987,131.0092,73903,25,2956.12
2026-09-16 02:06:00,40,0.0,0.0,108.455,408.57399999999996,147.1585,136997,40,3424.925
2026-09-16 02:07:00,27,0.0,0.0,116.07,207.701,117.05814814814815,79015,27,2926.4814814814813
2026-09-16 02:08:00,35,0.0,0.0,128.58,339.76599999999996,152.13485714285716,116463,35,3327.5142857142855
2026-09-16 02:09:00,28,0.03571428571428571,0.0,114.46000000000001,338.0029999999998,164.41964285714286,71737,28,2562.035714285714
2026-09-16 02:10:00,35,0.02857142857142857,0.0,144.21,331.43099999999987,162.41142857142856,104380,35,2982.285714285714
2026-09-16 02:11:00,25,0.0,0.0,124.13,321.23799999999994,142.0656,73968,25,2958.72
2026-09-16 02:12:00,38,0.02631578947368421,0.02631578947368421,135.965,415.9379999999999,167.53815789473683,146015,38,3842.5
2026-09-16 02:13:00,26,0.0,0.0,100.25,498.0625,152.26000000000002,76359,26,2936.8846153846152
2026-09-16 02:14:00,29,0.0,0.0,112.21,257.89799999999985,124.17758620689655,83763,29,2888.3793103448274
2026-09-16 02:15:00,25,0.0,0.0,108.74,379.04599999999994,141.0348,87311,25,3492.44
2026-09-16 02:16:00,29,0.034482758620689655,0.0,132.08,306.09199999999987,140.3706896551724,85908,29,2962.344827586207
2026-09-16 02:17:00,38,0.0,0.0,103.685,256.1515,120.40026315789474,126736,38,3335.157894736842
2026-09-16 02:18:00,27,0.0,0.0,115.24,302.69199999999995,141.88777777777776,83915,27,3107.962962962963
2026-09-16 02:19:00,30,0.03333333333333333,0.0,88.93,165.0745,97.923,92492,30,3083.0666666666666
2026-09-16 02:20:00,21,0.0,0.0,124.13,262.91,144.95142857142858,69616,21,3315.0476190476193
2026-09-16 02:21:00,37,0.02702702702702703,0.0,104.62,245.91599999999997,110.79648648648649,112947,37,3052.6216216216217
2026-09-16 02:22:00,39,0.0,0.0,113.4,359.9850000000001,131.09051282051283,112143,39,2875.4615384615386
2026-09-16 02:23:00,26,0.038461538461538464,0.0,131.855,373.1675,175.2403846153846,73104,26,2811.6923076923076
2026-09-16 02:24:00,30,0.0,0.0,132.77,502.7679999999994,160.38733333333332,85552,30,2851.733333333333
2026-09-16 02:25:00,28,0.0,0.0,138.97500000000002,378.5549999999997,175.14821428571426,85859,28,3066.3928571428573
2026-09-16 02:26:00,30,0.03333333333333333,0.0,104.6,240.42699999999996,113.75833333333334,87495,30,2916.5
2026-09-16 02:27:00,28,0.0,0.0,89.41499999999999,246.94849999999997,111.59214285714286,91367,28,3263.1071428571427
2026-09-16 02:28:00,27,0.037037037037037035,0.0,97.17,240.525,128.2462962962963,66806,27,2474.296296296296
2026-09-16 02:29:00,32,0.03125,0.0,110.815,217.9535,124.55875,104533,32,3266.65625
2026-09-16 02:30:00,28,0.07142857142857142,0.0,100.72999999999999,282.60049999999984,119.03535714285714,69868,28,2495.285714285714
2026-09-16 02:31:00,40,0.025,0.0,116.36500000000001,309.0904999999998,139.35375,113352,40,2833.8
2026-09-16 02:32:00,23,0.0,0.0,79.93,221.37499999999994,96.8808695652174,59997,23,2608.5652173913045
2026-09-16 02:33:00,17,0.0,0.0,79.94,265.23599999999993,112.43705882352941,43150,17,2538.235294117647
2026-09-16 02:34:00,37,0.0,0.0,88.51,309.57599999999866,122.85729729729731,117784,37,3183.3513513513512
2026-09-16 02:35:00,30,0.0,0.0,110.41,198.6135,107.163,111324,30,3710.8
2026-09-16 02:36:00,31,0.03225806451612903,0.03225806451612903,99.75,230.645,110.43870967741935,85903,31,2771.064516129032
2026-09-16 02:37:00,31,0.0,0.0,102.81,241.22,112.03032258064516,75685,30,2441.451612903226
2026-09-16 02:38:00,35,0.02857142857142857,0.0,146.17,317.48199999999974,153.42371428571428,111886,35,3196.7428571428572
2026-09-16 02:39:00,44,0.0,0.0,99.36,376.0120000000003,127.99022727272727,147275,43,3347.159090909091
2026-09-16 02:40:00,24,0.0,0.0,101.41999999999999,262.7339999999999,115.30916666666667,64506,24,2687.75
2026-09-16 02:41:00,32,0.0,0.0,100.535,275.9015,119.116875,119747,32,3742.09375
2026-09-16 02:42:00,32,0.03125,0.0,114.33500000000001,229.45749999999995,128.0196875,122255,32,3820.46875
2026-09-16 02:43:00,38,0.05263157894736842,0.02631578947368421,114.88,206.65099999999993,115.835,107740,38,2835.2631578947367
2026-09-16 02:44:00,31,0.03225806451612903,0.0,90.09,192.61,99.77741935483871,71144,31,2294.967741935484
2026-09-16 02:45:00,35,0.0,0.0,100.03,300.28,126.20228571428571,122597,35,3502.7714285714287
2026-09-16 02:46:00,44,0.0,0.0,106.41999999999999,234.70400000000004,112.74818181818182,133482,44,3033.681818181818
2026-09-16 02:47:00,41,0.024390243902439025,0.0,119.79,309.89,146.32560975609758,159540,41,3891.2195121951218
2026-09-16 02:48:00,30,0.03333333333333333,0.03333333333333333,91.66499999999999,287.8149999999997,116.136,67609,30,2253.633333333333
2026-09-16 02:49:00,29,0.0,0.0,116.4,396.2539999999999,170.54896551724138,99024,29,3414.6206896551726
2026-09-16 02:50:00,30,0.03333333333333333,0.0,132.17000000000002,299.21449999999993,143.92766666666665,77999,30,2599.9666666666667
2026-09-16 02:51:00,45,0.0,0.0,84.75,222.84799999999984,103.76044444444445,157731,45,3505.133333333333
2026-09-16 02:52:00,35,0.37142857142857144,0.37142857142857144,193.34,420.07499999999993,228.76600000000002,97792,35,2794.057142857143
2026-09-16 02:53:00,36,0.3888888888888889,0.3055555555555556,218.32,622.1175,272.7711111111111,84280,36,2341.1111111111113
2026-09-16 02:54:00,36,0.3333333333333333,0.25,163.09500000000003,579.505,239.20555555555555,75284,36,2091.222222222222
2026-09-16 02:55:00,40,0.375,0.275,208.87,865.6004999999998,290.08425,88602,40,2215.05
2026-09-16 02:56:00,42,0.38095238095238093,0.3333333333333333,198.55,830.8614999999988,269.54261904761904,72447,42,1724.9285714285713
2026-09-16 02:57:00,41,0.24390243902439024,0.24390243902439024,193.11,660.46,275.33219512195126,110798,41,2702.390243902439
2026-09-16 02:58:00,32,0.46875,0.40625,189.375,403.94649999999996,214.545,58180,32,1818.125
2026-09-16 02:59:00,43,0.23255813953488372,0.23255813953488372,194.57,587.6009999999999,244.8253488372093,88916,43,2067.813953488372
2026-09-16 03:00:00,28,0.2857142857142857,0.2857142857142857,199.375,559.7349999999999,236.905,85614,28,3057.6428571428573
2026-09-16 03:01:00,41,0.4146341463414634,0.3902439024390244,181.67,620.0,240.6139024390244,83749,41,2042.658536585366
2026-09-16 03:02:00,57,0.3508771929824561,0.3157894736842105,204.69,661.2359999999996,264.7238596491228,118582,57,2080.3859649122805
2026-09-16 03:03:00,39,0.358974358974359,0.3076923076923077,204.48,509.7080000000003,248.3751282051282,73985,39,1897.051282051282
2026-09-16 03:04:00,38,0.42105263157894735,0.3157894736842105,235.44,594.771,282.0707894736842,81238,38,2137.842105263158
2026-09-16 03:05:00,34,0.3235294117647059,0.2647058823529412,207.24,690.3149999999999,275.180294117647,68560,34,2016.4705882352941
2026-09-16 03:06:00,35,0.4,0.2857142857142857,199.64,613.7099999999998,241.13514285714285,61563,35,1758.942857142857
2026-09-16 03:07:00,41,0.4634146341463415,0.34146341463414637,224.45,823.89,293.2926829268293,72430,41,1766.5853658536585
2026-09-16 03:08:00,33,0.3939393939393939,0.36363636363636365,216.89,867.1859999999998,289.96393939393937,68998,33,2090.848484848485
2026-09-16 03:09:00,37,0.5135135135135135,0.4594594594594595,252.25,602.8419999999992,259.2824324324325,69155,37,1869.054054054054
2026-09-16 03:10:00,50,0.36,0.24,212.22,499.62799999999993,230.7952,112312,50,2246.24
2026-09-16 03:11:00,37,0.35135135135135137,0.2972972972972973,185.23,417.0279999999995,205.01702702702704,76068,37,2055.891891891892
2026-09-16 03:12:00,27,0.0,0.0,115.62,409.98199999999986,154.82814814814813,108735,27,4027.222222222222
2026-09-16 03:13:00,46,0.0,0.0,108.715,299.2425,120.14717391304349,124725,46,2711.413043478261
2026-09-16 03:14:00,35,0.0,0.0,117.56,207.17199999999994,116.65171428571428,86338,35,2466.8
2026-09-16 03:15:00,49,0.0,0.0,110.56,289.662,127.84714285714286,163091,49,3328.387755102041
2026-09-16 03:16:00,43,0.0,0.0,88.64,304.32399999999996,129.8732558139535,144954,43,3371.0232558139537
2026-09-16 03:17:00,48,0.0,0.0,116.375,259.7395,129.8775,155902,48,3247.9583333333335
2026-09-16 03:18:00,34,0.0,0.0,97.16999999999999,171.75099999999995,101.13764705882352,125049,34,3677.9117647058824
2026-09-16 03:19:00,40,0.0,0.0,104.755,273.59099999999984,119.13050000000001,132449,40,3311.225
2026-09-16 03:20:00,35,0.0,0.0,117.82,348.81999999999994,136.07628571428572,100508,35,2871.657142857143
2026-09-16 03:21:00,30,0.0,0.0,91.72,324.4455,124.743,71676,30,2389.2
2026-09-16 03:22:00,34,0.029411764705882353,0.0,107.07,283.953,126.25882352941177,103478,34,3043.470588235294
2026-09-16 03:23:00,38,0.0,0.0,110.33500000000001,289.59799999999996,139.66552631578946,134480,38,3538.9473684210525
2026-09-16 03:24:00,35,0.05714285714285714,0.0,85.19,320.7729999999999,123.10314285714284,92555,35,2644.4285714285716
2026-09-16 03:25:00,57,0.0,0.0,112.55,386.3119999999999,142.95631578947368,177297,57,3110.4736842105262
2026-09-16 03:26:00,49,0.04081632653061224,0.0,104.28,292.89799999999997,133.27183673469386,151891,49,3099.816326530612
2026-09-16 03:27:00,51,0.0,0.0,104.51,286.675,124.24078431372548,169489,51,3323.3137254901962
2026-09-16 03:28:00,49,0.0,0.0,95.73,256.5419999999999,116.37571428571428,171644,49,3502.938775510204
2026-09-16 03:29:00,40,0.0,0.0,154.91000000000003,389.8135,168.873,132280,40,3307.0
2026-09-16 03:30:00,52,0.0,0.0,127.595,349.1304999999999,159.8830769230769,140343,52,2698.903846153846
2026-09-16 03:31:00,45,0.0,0.0,105.56,312.45599999999985,126.46644444444443,163557,45,3634.6
2026-09-16 03:32:00,35,0.0,0.0,105.68,234.20799999999997,116.98371428571429,122875,35,3510.714285714286
2026-09-16 03:33:00,55,0.0,0.0,101.26,229.70199999999997,104.29672727272727,200411,55,3643.836363636364
2026-09-16 03:34:00,38,0.0,0.0,102.86,225.82649999999998,114.42868421052631,117402,38,3089.5263157894738
2026-09-16 03:35:00,41,0.024390243902439025,0.024390243902439025,113.52,285.78,138.44780487804877,114056,41,2781.8536585365855
2026-09-16 03:36:00,37,0.0,0.0,120.92,311.712,132.71243243243242,117984,37,3188.7567567567567
2026-09-16 03:37:00,40,0.0,0.0,105.63499999999999,259.866,121.043,132877,40,3321.925
2026-09-16 03:38:00,48,0.020833333333333332,0.0,134.365,309.78799999999995,161.579375,160772,47,3349.4166666666665
2026-09-16 03:39:00,37,0.0,0.0,102.91,242.10799999999944,120.51054054054055,130887,37,3537.4864864864867
2026-09-16 03:40:00,53,0.0,0.0,101.9,283.46399999999994,125.98962264150943,181171,53,3418.3207547169814
2026-09-16 03:41:00,44,0.0,0.0,112.0,318.282,133.09636363636363,114798,44,2609.0454545454545
2026-09-16 03:42:00,43,0.0,0.0,108.53,265.847,129.66813953488372,120834,43,2810.093023255814
2026-09-16 03:43:00,38,0.0,0.0,116.275,286.69549999999987,141.18236842105264,120225,38,3163.815789473684
2026-09-16 03:44:00,47,0.0,0.0,99.15,238.29999999999987,114.75425531914894,162812,47,3464.0851063829787
2026-09-16 03:45:00,58,0.017241379310344827,0.0,120.88,268.76799999999986,134.26206896551724,144971,58,2499.5
2026-09-16 03:46:00,45,0.022222222222222223,0.0,92.32,298.974,112.78444444444445,139606,45,3102.3555555555554
2026-09-16 03:47:00,43,0.0,0.0,97.99,209.45499999999996,116.0693023255814,185149,43,4305.790697674419
2026-09-16 03:48:00,48,0.0,0.0,109.255,289.83599999999996,126.29541666666667,147790,48,3078.9583333333335
2026-09-16 03:49:00,44,0.022727272727272728,0.0,95.02000000000001,308.9730000000001,130.7209090909091,136577,44,3104.0227272727275
2026-09-16 03:50:00,50,0.0,0.0,115.4,273.37699999999995,141.0468,139362,50,2787.24
2026-09-16 03:51:00,37,0.02702702702702703,0.02702702702702703,90.57,452.07599999999996,147.73702702702704,103440,36,2795.675675675676
2026-09-16 03:52:00,55,0.0,0.0,113.78,267.256,125.126,161798,55,2941.7818181818184
2026-09-16 03:53:00,40,0.075,0.0,114.52,370.882499999999,171.0125,109426,40,2735.65
2026-09-16 03:54:00,48,0.0,0.0,118.095,303.323,149.57395833333334,132589,48,2762.2708333333335
2026-09-16 03:55:00,63,0.015873015873015872,0.0,89.6,246.787,116.05190476190475,219124,63,3478.15873015873
2026-09-16 03:56:00,43,0.023255813953488372,0.023255813953488372,104.4,441.3399999999999,158.90441860465117,164568,43,3827.1627906976746
2026-09-16 03:57:00,68,0.014705882352941176,0.014705882352941176,141.77,315.49899999999997,141.77647058823527,221028,68,3250.4117647058824
2026-09-16 03:58:00,61,0.01639344262295082,0.0,89.0,295.87,115.95016393442623,156326,61,2562.72131147541
2026-09-16 03:59:00,50,0.02,0.0,108.39,279.496,127.464,141195,50,2823.9
2026-09-16 04:00:00,49,0.02040816326530612,0.0,122.92,270.05999999999995,137.07326530612247,154079,49,3144.469387755102
2026-09-16 04:01:00,43,0.023255813953488372,0.0,106.35,303.414,125.05906976744185,162920,43,3788.8372093023254
2026-09-16 04:02:00,58,0.0,0.0,118.24000000000001,302.7995,133.24,212514,58,3664.0344827586205
2026-09-16 04:03:00,47,0.0,0.0,98.55,239.47899999999976,116.83234042553191,105099,47,2236.148936170213
2026-09-16 04:04:00,59,0.01694915254237288,0.01694915254237288,134.21,366.2599999999998,151.04050847457626,176120,59,2985.084745762712
2026-09-16 04:05:00,40,0.0,0.0,99.62,237.33499999999992,106.71525,120998,40,3024.95
2026-09-16 04:06:00,48,0.0,0.0,84.005,281.15549999999985,115.23354166666667,144033,48,3000.6875
2026-09-16 04:07:00,46,0.0,0.0,100.89,329.875,126.17391304347827,124366,46,2703.608695652174
2026-09-16 04:08:00,59,0.0,0.0,95.02,247.76599999999996,111.55,157217,59,2664.6949152542375
2026-09-16 04:09:00,62,0.0,0.0,109.185,316.2434999999998,136.2043548387097,203740,62,3286.1290322580644
2026-09-16 04:10:00,50,0.0,0.0,115.065,273.51949999999994,132.1916,157096,50,3141.92
2026-09-16 04:11:00,66,0.0,0.0,116.75999999999999,271.8,131.18984848484848,196812,66,2982.0
2026-09-16 04:12:00,64,0.0,0.0,96.105,304.80499999999995,124.68234375,174373,64,2724.578125
2026-09-16 04:13:00,54,0.0,0.0,115.48,321.6299999999999,144.01018518518518,174006,54,3222.3333333333335
2026-09-16 04:14:00,52,0.0,0.0,99.585,205.1714999999999,104.03538461538461,174962,51,3364.653846153846
2026-09-16 04:15:00,55,0.01818181818181818,0.0,118.99,219.349,120.89,155947,55,2835.4
2026-09-16 04:16:00,46,0.0,0.0,125.19,275.8075,138.34586956521738,118320,46,2572.1739130434785
2026-09-16 04:17:00,42,0.0,0.0,116.26,439.0494999999996,147.23142857142858,124937,42,2974.690476190476
2026-09-16 04:18:00,53,0.0,0.0,109.52,307.846,134.3335849056604,170845,53,3223.490566037736
2026-09-16 04:19:00,49,0.04081632653061224,0.0,127.25,280.68199999999985,140.25755102040816,148994,49,3040.6938775510203
2026-09-16 04:20:00,50,0.0,0.0,99.14500000000001,232.6499999999998,117.9618,148855,50,2977.1
2026-09-16 04:21:00,55,0.0,0.0,83.56,204.782,101.43145454545456,159460,55,2899.2727272727275
2026-09-16 04:22:00,51,0.0,0.0,128.37,335.13,150.76568627450982,152607,51,2992.294117647059
2026-09-16 04:23:00,46,0.043478260869565216,0.021739130434782608,97.485,219.715,106.69282608695652,160113,46,3480.717391304348
2026-09-16 04:24:00,56,0.0,0.0,117.1,295.255,134.3069642857143,182156,56,3252.785714285714
2026-09-16 04:25:00,69,0.014492753623188406,0.0,115.16,261.27999999999986,128.18463768115942,229370,69,3324.2028985507245
2026-09-16 04:26:00,55,0.01818181818181818,0.01818181818181818,111.91,331.61400000000003,131.75109090909092,176977,55,3217.7636363636366
2026-09-16 04:27:00,58,0.0,0.0,117.91,343.39149999999995,139.15137931034482,179987,58,3103.2241379310344
2026-09-16 04:28:00,50,0.04,0.04,129.99,334.0884999999999,145.2712,155631,50,3112.62
2026-09-16 04:29:00,62,0.04838709677419355,0.0,121.73,291.553,131.21048387096775,178606,62,2880.7419354838707
2026-09-16 04:30:00,61,0.01639344262295082,0.01639344262295082,108.76,443.63,151.43180327868853,213604,61,3501.7049180327867
2026-09-16 04:31:00,56,0.017857142857142856,0.017857142857142856,130.275,271.3125,145.0,183685,56,3280.089285714286
2026-09-16 04:32:00,54,0.0,0.0,110.06,251.38049999999973,119.83592592592593,171215,54,3170.6481481481483
2026-09-16 04:33:00,44,0.022727272727272728,0.022727272727272728,102.96000000000001,322.60200000000003,159.5890909090909,119113,44,2707.1136363636365
2026-09-16 04:34:00,57,0.0,0.0,120.68,340.8279999999994,151.55491228070173,178241,57,3127.035087719298
2026-09-16 04:35:00,53,0.0,0.0,96.4,319.24,128.96056603773584,149689,53,2824.3207547169814
2026-09-16 04:36:00,51,0.0196078431372549,0.0,96.81,312.15999999999997,129.63392156862744,174545,51,3422.450980392157
2026-09-16 04:37:00,72,0.0,0.0,93.675,218.76150000000007,108.32291666666667,223237,72,3100.5138888888887
2026-09-16 04:38:00,61,0.03278688524590164,0.0,94.31,258.53,125.32918032786885,169487,60,2778.4754098360654
2026-09-16 04:39:00,60,0.0,0.0,118.17,266.1954999999999,131.69583333333333,148464,60,2474.4
2026-09-16 04:40:00,50,0.02,0.0,106.03,223.49550000000002,112.49,148541,50,2970.82
2026-09-16 04:41:00,63,0.0,0.0,111.96,284.215,130.56333333333333,296236,63,4702.158730158731
2026-09-16 04:42:00,67,0.014925373134328358,0.014925373134328358,114.51,297.13499999999993,137.7086567164179,214880,67,3207.1641791044776
2026-09-16 04:43:00,60,0.0,0.0,111.765,280.9594999999999,120.54216666666666,190077,60,3167.95
2026-09-16 04:44:00,78,0.0,0.0,106.7,294.715,122.39371794871793,252656,78,3239.1794871794873
2026-09-16 04:45:00,54,0.018518518518518517,0.018518518518518517,130.125,358.9789999999997,146.3912962962963,199146,54,3687.8888888888887
2026-09-16 04:46:00,47,0.0425531914893617,0.0425531914893617,115.91,278.666,135.14382978723404,137156,47,2918.2127659574467
2026-09-16 04:47:00,77,0.012987012987012988,0.012987012987012988,96.47,298.33000000000004,127.65350649350648,245691,77,3190.7922077922076
2026-09-16 04:48:00,53,0.03773584905660377,0.0,104.69,228.53599999999997,115.56566037735848,178127,53,3360.8867924528304
2026-09-16 04:49:00,63,0.015873015873015872,0.0,116.7,263.013,131.89111111111112,190074,63,3017.0476190476193
2026-09-16 04:50:00,59,0.01694915254237288,0.0,104.31,306.70199999999994,131.7066101694915,155217,59,2630.7966101694915
2026-09-16 04:51:00,77,0.05194805194805195,0.03896103896103896,117.2,272.50800000000004,125.02467532467531,246905,77,3206.5584415584417
2026-09-16 04:52:00,55,0.0,0.0,112.19,295.99999999999994,125.97727272727273,169494,55,3081.7090909090907
2026-09-16 04:53:00,63,0.031746031746031744,0.0,100.78,296.04999999999995,130.3177777777778,194679,63,3090.1428571428573
2026-09-16 04:54:00,68,0.0,0.0,108.93,297.5489999999999,123.56044117647059,210356,68,3093.470588235294
2026-09-16 04:55:00,57,0.0,0.0,108.5,312.98999999999995,126.77561403508771,148626,57,2607.4736842105262
2026-09-16 04:56:00,50,0.02,0.0,113.53,327.2664999999999,129.5796,135115,50,2702.3
2026-09-16 04:57:00,68,0.0,0.0,110.69999999999999,306.27049999999997,136.2960294117647,189113,68,2781.073529411765
2026-09-16 04:58:00,45,0.0,0.0,102.56,241.612,126.85355555555556,142200,45,3160.0
2026-09-16 04:59:00,86,0.011627906976744186,0.0,105.525,270.2525,131.8546511627907,267556,86,3111.1162790697676
2026-09-16 05:00:00,70,0.014285714285714285,0.0,106.375,281.9684999999999,131.43057142857143,196044,70,2800.6285714285714
2026-09-16 05:01:00,72,0.041666666666666664,0.013888888888888888,112.52,291.44950000000006,139.18625,217533,72,3021.2916666666665
2026-09-16 05:02:00,61,0.01639344262295082,0.0,114.91,269.17,130.2839344262295,159072,61,2607.7377049180327
2026-09-16 05:03:00,73,0.0,0.0,102.64,305.68999999999994,133.16205479452054,275188,73,3769.698630136986
2026-09-16 05:04:00,71,0.0,0.0,106.0,221.97,112.66422535211268,228332,71,3215.943661971831
2026-09-16 05:05:00,70,0.0,0.0,115.88,381.9235,142.0602857142857,195214,70,2788.7714285714287
2026-09-16 05:06:00,62,0.03225806451612903,0.0,97.08500000000001,339.2414999999998,131.36951612903226,180102,62,2904.8709677419356
2026-09-16 05:07:00,68,0.07352941176470588,0.014705882352941176,100.985,302.0255,133.41852941176472,213435,68,3138.75
2026-09-16 05:08:00,44,0.0,0.0,97.47,240.69200000000004,120.79636363636364,135642,44,3082.7727272727275
2026-09-16 05:09:00,60,0.0,0.0,109.30000000000001,371.4869999999997,139.13366666666667,179245,60,2987.4166666666665
2026-09-16 05:10:00,63,0.0,0.0,93.39,261.29099999999994,120.28666666666666,170827,63,2711.5396825396824
2026-09-16 05:11:00,48,0.0,0.0,117.8,283.5415,132.29333333333332,156334,48,3256.9583333333335
2026-09-16 05:12:00,62,0.016129032258064516,0.0,87.345,218.1154999999999,109.36806451612902,190156,62,3067.032258064516
2026-09-16 05:13:00,49,0.0,0.0,151.04,333.78599999999994,159.43428571428572,175569,49,3583.0408163265306
2026-09-16 05:14:00,85,0.011764705882352941,0.0,107.37,235.886,128.03258823529413,248328,85,2921.505882352941
2026-09-16 05:15:00,88,0.022727272727272728,0.011363636363636364,111.425,322.4519999999999,132.66613636363638,286789,88,3258.965909090909
2026-09-16 05:16:00,69,0.028985507246376812,0.0,87.69,270.0979999999996,113.87739130434782,209079,69,3030.1304347826085
2026-09-16 05:17:00,76,0.013157894736842105,0.0,115.86500000000001,308.9925,130.98986842105262,223611,76,2942.25
2026-09-16 05:18:00,70,0.0,0.0,118.265,366.7894999999999,136.94414285714285,218087,70,3115.5285714285715
2026-09-16 05:19:00,80,0.0125,0.0125,133.05,335.55999999999995,149.42874999999998,253415,80,3167.6875
2026-09-16 05:20:00,63,0.0,0.0,110.78,341.69,144.30603174603175,201946,63,3205.4920634920636
2026-09-16 05:21:00,87,0.022988505747126436,0.011494252873563218,109.39,343.5740000000001,140.30528735632183,270483,87,3109.0
2026-09-16 05:22:00,71,0.0,0.0,102.81,239.53,112.69183098591549,201878,71,2843.3521126760565
2026-09-16 05:23:00,79,0.02531645569620253,0.012658227848101266,134.13,328.75799999999987,153.44278481012657,289624,79,3666.1265822784812
2026-09-16 05:24:00,92,0.021739130434782608,0.0,102.99000000000001,247.571,120.42923913043478,268210,92,2915.3260869565215
2026-09-16 05:25:00,83,0.024096385542168676,0.0,104.14,323.6539999999999,136.4133734939759,244819,83,2949.626506024096
2026-09-16 05:26:00,57,0.017543859649122806,0.017543859649122806,132.78,362.9219999999996,150.98508771929824,157667,57,2766.0877192982457
2026-09-16 05:27:00,77,0.012987012987012988,0.0,112.22,343.21400000000006,134.06272727272727,252569,77,3280.116883116883
2026-09-16 05:28:00,65,0.0,0.0,110.38,306.806,132.52107692307695,213571,65,3285.7076923076925
2026-09-16 05:29:00,79,0.012658227848101266,0.0,108.44,246.5369999999999,122.64594936708862,267673,79,3388.26582278481
2026-09-16 05:30:00,6,0.0,0.0,117.69,194.1275,121.27,14628,6,2438.0
2026-09-16 05:31:00,11,0.0,0.0,110.4,368.93,147.3481818181818,34120,11,3101.818181818182
2026-09-16 05:32:00,3,0.0,0.0,151.49,206.66,126.02,6623,3,2207.6666666666665
2026-09-16 05:33:00,6,0.0,0.0,106.465,141.405,98.60000000000001,8683,6,1447.1666666666667
2026-09-16 05:34:00,15,0.0,0.0,136.2,292.20699999999977,138.04266666666666,40860,15,2724.0
2026-09-16 05:35:00,9,0.0,0.0,69.2,236.66199999999998,108.28,19564,9,2173.777777777778
2026-09-16 05:36:00,9,0.0,0.0,93.02,273.48799999999994,126.52333333333334,25646,9,2849.5555555555557
2026-09-16 05:37:00,14,0.07142857142857142,0.0,126.475,291.29349999999994,151.7607142857143,32442,14,2317.285714285714
2026-09-16 05:38:00,9,0.0,0.0,111.43,241.26199999999994,112.77777777777777,33321,9,3702.3333333333335
2026-09-16 05:39:00,9,0.0,0.0,102.15,155.352,105.36777777777779,35742,9,3971.3333333333335
2026-09-16 05:40:00,9,0.0,0.0,105.52,388.70799999999986,156.01222222222222,25914,9,2879.3333333333335
2026-09-16 05:41:00,6,0.0,0.0,126.635,219.8375,140.505,13380,6,2230.0
2026-09-16 05:42:00,5,0.0,0.0,118.26,389.544,205.498,41590,5,8318.0
2026-09-16 05:43:00,7,0.2857142857142857,0.14285714285714285,138.9,304.9259999999999,163.6,20351,7,2907.285714285714
2026-09-16 05:44:00,6,0.0,0.0,80.755,249.93,107.46166666666666,17671,6,2945.1666666666665
2026-09-16 05:45:00,11,0.0,0.0,150.03,244.155,143.5690909090909,34759,11,3159.909090909091
2026-09-16 05:46:00,9,0.0,0.0,77.05,229.48199999999997,106.44666666666666,29473,9,3274.777777777778
2026-09-16 05:47:00,12,0.0,0.0,144.945,205.69,147.27416666666667,36704,12,3058.6666666666665
2026-09-16 05:48:00,6,0.0,0.0,102.62,398.03,154.30499999999998,13050,6,2175.0
2026-09-16 05:49:00,85,0.011764705882352941,0.0,100.86,297.616,138.5501176470588,220045,84,2588.764705882353
2026-09-16 05:50:00,86,0.011627906976744186,0.0,107.12,334.53749999999997,132.08488372093024,264957,86,3080.8953488372094
2026-09-16 05:51:00,70,0.0,0.0,103.93,292.1255,134.08471428571428,183940,70,2627.714285714286
2026-09-16 05:52:00,82,0.0,0.0,108.31,241.8535,124.55780487804878,255951,82,3121.3536585365855
2026-09-16 05:53:00,105,0.01904761904761905,0.009523809523809525,105.49,329.5879999999999,136.60533333333333,286811,105,2731.5333333333333
2026-09-16 05:54:00,62,0.0,0.0,96.94,305.09849999999983,125.73451612903226,176547,61,2847.532258064516
2026-09-16 05:55:00,74,0.0,0.0,109.49,306.67899999999986,126.09175675675674,261459,74,3533.2297297297296
2026-09-16 05:56:00,84,0.05952380952380952,0.023809523809523808,128.43,332.2979999999998,146.71583333333334,270981,84,3225.964285714286
2026-09-16 05:57:00,81,0.012345679012345678,0.012345679012345678,111.77,377.51,154.07604938271604,202329,80,2497.8888888888887
2026-09-16 05:58:00,84,0.0,0.0,101.505,219.916,114.69952380952381,262155,84,3120.8928571428573
2026-09-16 05:59:00,77,0.012987012987012988,0.012987012987012988,100.62,329.79,128.32753246753245,228948,77,2973.3506493506493
2026-09-16 06:00:00,80,0.0125,0.0125,96.035,267.9595,119.669625,259518,79,3243.975
2026-09-16 06:01:00,80,0.0,0.0,116.64,328.922,140.144125,232533,80,2906.6625
2026-09-16 06:02:00,51,0.0,0.0,89.06,316.87,126.89274509803921,133973,51,2626.921568627451
2026-09-16 06:03:00,71,0.014084507042253521,0.0,103.71,225.6,111.6943661971831,225987,71,3182.9154929577467
2026-09-16 06:04:00,79,0.02531645569620253,0.012658227848101266,129.95,270.9219999999998,140.33607594936709,189519,79,2398.974683544304
2026-09-16 06:05:00,78,0.0,0.0,120.24,295.49649999999997,135.88141025641025,234441,77,3005.653846153846
2026-09-16 06:06:00,63,0.0,0.0,113.82,282.096,135.20349206349206,180243,62,2861.0
2026-09-16 06:07:00,60,0.0,0.0,116.965,274.6295,133.24583333333334,194679,60,3244.65
2026-09-16 06:08:00,90,0.0,0.0,114.215,239.7065,122.83922222222223,313970,90,3488.5555555555557
2026-09-16 06:09:00,89,0.033707865168539325,0.02247191011235955,120.8,297.1399999999998,137.15247191011235,258296,89,2902.2022471910113
2026-09-16 06:10:00,102,0.00980392156862745,0.0,99.66,303.50549999999976,116.8707843137255,335073,102,3285.029411764706
2026-09-16 06:11:00,89,0.0,0.0,90.33,330.646,122.88988764044944,270024,89,3033.9775280898875
2026-09-16 06:12:00,83,0.0,0.0,95.08,328.1139999999998,123.41361445783133,261096,83,3145.734939759036
2026-09-16 06:13:00,77,0.012987012987012988,0.012987012987012988,107.24,324.5060000000001,139.0655844155844,233859,76,3037.12987012987
2026-09-16 06:14:00,95,0.0,0.0,103.09,264.33899999999994,117.84978947368421,322223,95,3391.821052631579
2026-09-16 06:15:00,92,0.0,0.0,112.275,326.7420000000001,136.2521739130435,284543,92,3092.858695652174
2026-09-16 06:16:00,100,0.0,0.0,105.35499999999999,319.255,129.2391,274433,100,2744.33
2026-09-16 06:17:00,84,0.023809523809523808,0.011904761904761904,117.1,300.4399999999999,129.4652380952381,245056,83,2917.3333333333335
2026-09-16 06:18:00,65,0.0,0.0,98.9,258.28,113.42446153846154,197556,65,3039.3230769230768
2026-09-16 06:19:00,74,0.013513513513513514,0.0,105.25,311.46399999999977,134.53864864864866,239814,74,3240.7297297297296
2026-09-16 06:20:00,83,0.024096385542168676,0.012048192771084338,118.42,354.28899999999965,146.7975903614458,243734,82,2936.5542168674697
2026-09-16 06:21:00,86,0.011627906976744186,0.0,101.315,244.695,118.2410465116279,293779,86,3416.0348837209303
2026-09-16 06:22:00,94,0.0,0.0,96.075,299.7169999999999,128.7572340425532,307473,93,3270.9893617021276
2026-09-16 06:23:00,76,0.0,0.0,127.68,414.12,157.79644736842107,247648,76,3258.5263157894738
2026-09-16 06:24:00,77,0.0,0.0,129.51,431.89000000000004,154.47064935064935,208208,77,2704.0
2026-09-16 06:25:00,95,0.010526315789473684,0.0,111.43,340.964,141.52684210526314,264582,95,2785.073684210526
2026-09-16 06:26:00,88,0.011363636363636364,0.0,105.18,356.0139999999997,132.19761363636363,299809,88,3406.9204545454545
2026-09-16 06:27:00,93,0.010752688172043012,0.010752688172043012,101.17,375.2719999999997,131.66591397849461,258571,93,2780.3333333333335
2026-09-16 06:28:00,93,0.0,0.0,124.5,313.736,137.82505376344085,315916,93,3396.94623655914
2026-09-16 06:29:00,60,0.0,0.0,99.955,293.147,122.77399999999999,152789,60,2546.483333333333
2026-09-16 06:30:00,94,0.0,0.0,116.495,352.734,145.22287234042554,267723,94,2848.1170212765956
2026-09-16 06:31:00,98,0.02040816326530612,0.0,117.97999999999999,349.68999999999994,142.11081632653062,267178,98,2726.3061224489797
2026-09-16 06:32:00,78,0.28205128205128205,0.24358974358974358,242.64,606.2639999999993,286.2279487179487,147241,78,1887.7051282051282
2026-09-16 06:33:00,102,0.38235294117647056,0.30392156862745096,210.04,575.668,260.2472549019608,212090,102,2079.3137254901962
2026-09-16 06:34:00,95,0.3684210526315789,0.30526315789473685,212.16,648.029,267.49157894736845,188603,95,1985.2947368421053
2026-09-16 06:35:00,60,0.5,0.4,241.22500000000002,1022.347,373.4531666666666,108648,60,1810.8
2026-09-16 06:36:00,96,0.34375,0.3020833333333333,194.20499999999998,628.625,247.16510416666665,203945,96,2124.4270833333335
2026-09-16 06:37:00,78,0.3974358974358974,0.34615384615384615,248.79500000000002,701.0724999999983,312.3433333333333,161791,78,2074.24358974359
2026-09-16 06:38:00,99,0.3434343434343434,0.2828282828282828,217.37,735.2039999999996,277.7631313131313,229590,99,2319.090909090909
2026-09-16 06:39:00,65,0.0,0.0,114.85,251.09999999999985,119.346,239843,65,3689.892307692308
2026-09-16 06:40:00,83,0.012048192771084338,0.012048192771084338,108.57,366.81399999999985,139.78795180722892,239024,82,2879.8072289156626
2026-09-16 06:41:00,94,0.0,0.0,98.88,314.6419999999998,128.65670212765957,289669,93,3081.5851063829787
2026-09-16 06:42:00,92,0.0,0.0,118.15,277.54900000000004,132.05978260869566,305954,92,3325.586956521739
2026-09-16 06:43:00,99,0.020202020202020204,0.010101010101010102,100.09,303.4109999999997,133.1020202020202,295473,99,2984.5757575757575
2026-09-16 06:44:00,84,0.011904761904761904,0.0,111.555,318.54999999999984,129.58714285714285,291037,84,3464.7261904761904
2026-09-16 06:45:00,84,0.023809523809523808,0.0,90.75,310.3829999999999,119.33369047619048,253188,84,3014.1428571428573
2026-09-16 06:46:00,84,0.0,0.0,98.955,364.6174999999999,132.3684523809524,273582,84,3256.9285714285716
2026-09-16 06:47:00,106,0.0,0.0,110.045,328.25,145.29462264150942,301557,104,2844.877358490566
2026-09-16 06:48:00,107,0.009345794392523364,0.0,111.7,353.827,143.51205607476638,330376,107,3087.626168224299
2026-09-16 06:49:00,87,0.011494252873563218,0.011494252873563218,137.79,378.3580000000001,160.16172413793103,278300,87,3198.8505747126437
2026-09-16 06:50:00,101,0.009900990099009901,0.0,98.04,328.38,127.93821782178217,333960,100,3306.5346534653463
2026-09-16 06:51:00,86,0.023255813953488372,0.011627906976744186,111.42,331.3175,132.28058139534883,299660,86,3484.4186046511627
2026-09-16 06:52:00,80,0.0,0.0,107.945,361.5215,142.2105,240527,80,3006.5875
2026-09-16 06:53:00,86,0.023255813953488372,0.011627906976744186,125.86500000000001,258.36249999999995,133.7670930232558,269487,86,3133.5697674418607
2026-09-16 06:54:00,83,0.012048192771084338,0.012048192771084338,122.29,397.7879999999998,150.6255421686747,263769,83,3177.9397590361446
2026-09-16 06:55:00,104,0.028846153846153848,0.009615384615384616,111.63,348.7729999999999,140.5768269230769,336057,104,3231.3173076923076
2026-09-16 06:56:00,86,0.0,0.0,108.43,382.015,137.77058139534884,260891,86,3033.6162790697676
2026-09-16 06:57:00,95,0.0,0.0,112.56,350.08299999999997,128.68094736842104,270442,95,2846.757894736842
2026-09-16 06:58:00,83,0.0,0.0,114.23,338.40199999999953,136.36819277108432,257945,83,3107.7710843373493
2026-09-16 06:59:00,115,0.008695652173913044,0.0,113.55,309.94699999999995,126.97339130434783,338865,115,2946.6521739130435
2026-09-16 07:00:00,91,0.0,0.0,118.33,286.355,130.3910989010989,296094,91,3253.78021978022
2026-09-16 07:01:00,81,0.024691358024691357,0.0,102.55,252.98,115.76197530864196,251952,80,3110.5185185185187
2026-09-16 07:02:00,86,0.011627906976744186,0.0,100.05,320.2175,131.2772093023256,262263,86,3049.5697674418607
2026-09-16 07:03:00,113,0.017699115044247787,0.0,88.12,276.6419999999999,110.78,315224,112,2789.592920353982
2026-09-16 07:04:00,80,0.025,0.0125,101.81,327.9455,130.805,254152,79,3176.9
2026-09-16 07:05:00,77,0.0,0.0,105.86,398.79800000000006,143.33155844155846,231921,77,3011.961038961039
2026-09-16 07:06:00,80,0.0125,0.0,92.955,265.3155,115.474125,251589,80,3144.8625
2026-09-16 07:07:00,94,0.010638297872340425,0.0,98.06,310.1665,119.41712765957446,268816,94,2859.744680851064
2026-09-16 07:08:00,115,0.0,0.0,110.39,300.95299999999986,136.7673043478261,356931,115,3103.7478260869566
2026-09-16 07:09:00,86,0.03488372093023256,0.023255813953488372,119.755,320.155,146.45244186046511,229769,85,2671.732558139535
2026-09-16 07:10:00,86,0.011627906976744186,0.0,97.19,315.045,131.53383720930233,285902,86,3324.4418604651164
2026-09-16 07:11:00,81,0.012345679012345678,0.0,102.78,288.41,120.27851851851851,238437,81,2943.6666666666665
2026-09-16 07:12:00,68,0.0,0.0,107.055,295.8495,128.57367647058823,265042,68,3897.676470588235
2026-09-16 07:13:00,95,0.0,0.0,93.69,239.17499999999998,110.88126315789474,260777,95,2745.021052631579
2026-09-16 07:14:00,117,0.017094017094017096,0.0,108.24,234.63999999999993,121.2917094017094,352226,117,3010.4786324786323
2026-09-16 07:15:00,110,0.00909090909090909,0.0,111.52000000000001,294.57599999999996,128.4618181818182,314195,110,2856.318181818182
2026-09-16 07:16:00,101,0.009900990099009901,0.009900990099009901,99.33,311.35,113.01316831683168,287620,100,2847.7227722772277
2026-09-16 07:17:00,108,0.018518518518518517,0.0,106.69,219.26049999999992,114.31805555555556,331120,107,3065.925925925926
2026-09-16 07:18:00,81,0.012345679012345678,0.0,115.7,260.17,124.11024691358026,235884,80,2912.1481481481483
2026-09-16 07:19:00,83,0.012048192771084338,0.0,98.32,248.35199999999998,110.87421686746987,283302,83,3413.277108433735
2026-09-16 07:20:00,115,0.008695652173913044,0.0,113.64,313.31699999999995,132.00747826086956,377732,113,3284.6260869565217
2026-09-16 07:21:00,103,0.019417475728155338,0.0,108.47,215.04599999999985,114.18368932038835,323985,102,3145.4854368932038
2026-09-16 07:22:00,112,0.0,0.0,106.31,263.90349999999984,122.03633928571428,354672,112,3166.714285714286
2026-09-16 07:23:00,102,0.00980392156862745,0.0,114.395,271.71599999999995,130.76225490196077,289742,102,2840.607843137255
2026-09-16 07:24:00,89,0.011235955056179775,0.0,102.74,370.63399999999996,132.60056179775282,252790,88,2840.3370786516853
2026-09-16 07:25:00,90,0.03333333333333333,0.022222222222222223,111.395,298.66399999999993,137.89533333333333,335248,90,3724.9777777777776
2026-09-16 07:26:00,88,0.011363636363636364,0.0,110.665,383.4139999999996,146.29011363636366,268514,86,3051.2954545454545
2026-09-16 07:27:00,89,0.011235955056179775,0.0,95.28,296.78599999999983,117.40595505617976,239757,89,2693.8988764044943
2026-09-16 07:28:00,84,0.011904761904761904,0.011904761904761904,105.695,309.4579999999999,134.19011904761905,234200,84,2788.095238095238
2026-09-16 07:29:00,106,0.04716981132075472,0.009433962264150943,115.02000000000001,319.6975,141.79254716981131,307535,106,2901.2735849056603
2026-09-16 07:30:00,95,0.0,0.0,99.99,294.638,113.64663157894738,242390,95,2551.4736842105262
2026-09-16 07:31:00,115,0.043478260869565216,0.008695652173913044,102.53,307.131,139.3102608695652,321876,115,2798.9217391304346
2026-09-16 07:32:00,97,0.030927835051546393,0.0,95.95,278.9419999999999,115.82113402061856,313294,97,3229.8350515463917
2026-09-16 07:33:00,109,0.0,0.0,110.46,285.818,132.92926605504587,318381,109,2920.9266055045873
2026-09-16 07:34:00,94,0.010638297872340425,0.010638297872340425,98.07499999999999,300.07549999999986,130.57074468085105,314817,94,3349.1170212765956
2026-09-16 07:35:00,85,0.011764705882352941,0.0,113.56,239.16400000000002,127.65458823529411,306127,85,3601.494117647059
2026-09-16 07:36:00,117,0.0,0.0,113.85,334.5619999999996,139.85102564102564,372460,116,3183.4188034188032
2026-09-16 07:37:00,86,0.011627906976744186,0.0,102.965,347.36249999999995,133.6089534883721,235596,86,2739.4883720930234
2026-09-16 07:38:00,135,0.022222222222222223,0.007407407407407408,114.0,373.474,145.86703703703702,424206,135,3142.266666666667
2026-09-16 07:39:00,105,0.0,0.0,104.6,365.0559999999999,145.33428571428573,339720,104,3235.4285714285716
2026-09-16 07:40:00,122,0.00819672131147541,0.00819672131147541,99.03999999999999,237.648,113.1439344262295,379523,122,3110.844262295082
2026-09-16 07:41:00,89,0.011235955056179775,0.011235955056179775,100.67,288.316,127.01932584269662,312781,88,3514.3932584269664
2026-09-16 07:42:00,114,0.008771929824561403,0.0,118.32499999999999,294.82599999999996,134.16421052631577,352810,113,3094.8245614035086
2026-09-16 07:43:00,117,0.0,0.0,98.09,217.24999999999991,107.6034188034188,304257,117,2600.4871794871797
2026-09-16 07:44:00,91,0.01098901098901099,0.0,112.1,328.03,136.7023076923077,277727,91,3051.945054945055
2026-09-16 07:45:00,108,0.009259259259259259,0.0,115.19,351.256,133.21787037037038,311448,108,2883.777777777778
2026-09-16 07:46:00,110,0.00909090909090909,0.00909090909090909,99.795,299.16749999999996,124.53090909090909,349998,110,3181.8
2026-09-16 07:47:00,126,0.007936507936507936,0.0,106.225,321.2,129.13746031746032,439594,126,3488.84126984127
2026-09-16 07:48:00,88,0.011363636363636364,0.0,107.715,320.03899999999993,131.25920454545454,302823,88,3441.1704545454545
2026-09-16 07:49:00,105,0.009523809523809525,0.0,105.75,303.67599999999993,132.77638095238095,281864,105,2684.4190476190474
2026-09-16 07:50:00,106,0.02830188679245283,0.0,106.47999999999999,235.1925,112.92056603773585,322374,106,3041.264150943396
2026-09-16 07:51:00,85,0.03529411764705882,0.011764705882352941,106.03,238.10999999999999,125.40564705882352,263585,85,3101.0
2026-09-16 07:52:00,105,0.01904761904761905,0.009523809523809525,110.92,375.8119999999999,140.37085714285715,338108,105,3220.0761904761903
2026-09-16 07:53:00,122,0.02459016393442623,0.01639344262295082,104.36000000000001,289.96799999999996,130.38073770491803,364750,122,2989.754098360656
2026-09-16 07:54:00,120,0.0,0.0,93.91,292.652,118.18325,359001,120,2991.675
2026-09-16 07:55:00,91,0.01098901098901099,0.01098901098901099,106.24,243.72500000000002,122.60175824175825,301100,91,3308.7912087912086
2026-09-16 07:56:00,113,0.008849557522123894,0.0,95.62,309.75599999999986,128.80044247787612,317531,113,2810.008849557522
2026-09-16 07:57:00,100,0.03,0.0,100.03999999999999,265.49299999999994,123.40280000000001,318363,100,3183.63
2026-09-16 07:58:00,126,0.015873015873015872,0.0,118.21000000000001,360.765,155.635,382804,126,3038.126984126984
2026-09-16 07:59:00,93,0.010752688172043012,0.010752688172043012,109.83,306.9799999999999,136.097311827957,264428,93,2843.3118279569894
2026-09-16 08:00:00,96,0.0,0.0,100.88499999999999,262.28499999999997,117.74729166666667,332654,96,3465.1458333333335
2026-09-16 08:01:00,138,0.014492753623188406,0.0,106.79499999999999,272.20500000000004,129.3194927536232,434844,138,3151.0434782608695
2026-09-16 08:02:00,94,0.02127659574468085,0.0,112.58500000000001,266.79499999999985,122.71765957446807,273686,93,2911.553191489362
2026-09-16 08:03:00,119,0.025210084033613446,0.008403361344537815,112.15,251.5769999999999,125.03294117647059,343669,119,2887.9747899159665
2026-09-16 08:04:00,92,0.010869565217391304,0.0,91.185,326.69300000000004,119.3033695652174,270269,92,2937.7065217391305
2026-09-16 08:05:00,102,0.00980392156862745,0.0,126.12,328.64549999999997,148.69598039215686,329169,102,3227.1470588235293
2026-09-16 08:06:00,117,0.0,0.0,93.03,312.0059999999997,114.00504273504274,360591,117,3081.974358974359
2026-09-16 08:07:00,99,0.0,0.0,110.06,267.52699999999993,123.9229292929293,317591,99,3207.989898989899
2026-09-16 08:08:00,115,0.017391304347826087,0.008695652173913044,111.52,258.22900000000004,135.08391304347825,320150,114,2783.913043478261
2026-09-16 08:09:00,115,0.0,0.0,109.92,362.303,139.2757391304348,288893,114,2512.113043478261
2026-09-16 08:10:00,90,0.011111111111111112,0.0,110.6,292.92699999999996,140.74444444444444,257498,90,2861.088888888889
2026-09-16 08:11:00,94,0.010638297872340425,0.0,115.61,324.3374999999999,142.47819148936168,282358,94,3003.808510638298
2026-09-16 08:12:00,103,0.0,0.0,96.8,273.724,120.97543689320388,329622,103,3200.21359223301
2026-09-16 08:13:00,101,0.0,0.0,107.69,260.25,119.71871287128712,270515,100,2678.366336633663
2026-09-16 08:14:00,109,0.009174311926605505,0.009174311926605505,88.63,285.6959999999999,116.22394495412844,366513,109,3362.5045871559632
2026-09-16 08:15:00,86,0.0,0.0,102.97,268.0525,117.41406976744187,270150,86,3141.279069767442
2026-09-16 08:16:00,109,0.01834862385321101,0.0,106.03,352.76199999999994,144.2981651376147,329216,109,3020.330275229358
2026-09-16 08:17:00,100,0.0,0.0,109.66999999999999,289.64300000000003,127.71700000000001,281395,99,2813.95
2026-09-16 08:18:00,102,0.029411764705882353,0.00980392156862745,96.045,293.1744999999999,125.44470588235295,292814,102,2870.725490196078
2026-09-16 08:19:00,111,0.02702702702702703,0.0,114.53,323.805,134.4445045045045,331985,111,2990.8558558558557
2026-09-16 08:20:00,114,0.008771929824561403,0.0,120.42,296.9665,141.16649122807019,401693,114,3523.622807017544
2026-09-16 08:21:00,84,0.011904761904761904,0.011904761904761904,112.91499999999999,293.9275,134.7225,285636,84,3400.4285714285716
2026-09-16 08:22:00,111,0.0,0.0,112.98,274.44,126.54045045045045,349626,110,3149.7837837837837
2026-09-16 08:23:00,101,0.0297029702970297,0.009900990099009901,101.89,276.91,125.08257425742575,356437,101,3529.079207920792
2026-09-16 08:24:00,96,0.010416666666666666,0.0,104.295,284.6375,130.80708333333334,303422,96,3160.6458333333335
2026-09-16 08:25:00,100,0.0,0.0,102.35,338.292,131.7276,393619,99,3936.19
2026-09-16 08:26:00,129,0.007751937984496124,0.0,108.29,320.94399999999996,135.67635658914728,371783,127,2882.0387596899227
2026-09-16 08:27:00,128,0.015625,0.0,106.54499999999999,339.21499999999975,133.79109375,393751,128,3076.1796875
2026-09-16 08:28:00,97,0.0,0.0,108.11,264.11999999999995,124.45577319587628,283417,96,2921.824742268041
2026-09-16 08:29:00,110,0.03636363636363636,0.0,112.26499999999999,365.23749999999995,142.51318181818183,312181,110,2838.009090909091
2026-09-16 08:30:00,92,0.010869565217391304,0.0,114.925,315.745,143.6,285270,92,3100.7608695652175
2026-09-16 08:31:00,103,0.009708737864077669,0.0,103.9,287.6359999999994,124.89398058252426,330672,103,3210.4077669902913
2026-09-16 08:32:00,121,0.35537190082644626,0.30578512396694213,200.89,542.85,237.66057851239668,262055,120,2165.7438016528927
2026-09-16 08:33:00,96,0.3958333333333333,0.3020833333333333,194.26999999999998,659.78,272.14197916666666,207165,95,2157.96875
2026-09-16 08:34:00,125,0.36,0.28,209.37,657.8979999999998,247.78608,258049,121,2064.392
2026-09-16 08:35:00,115,0.3565217391304348,0.3130434782608696,212.14,528.5559999999998,242.53434782608696,261826,115,2276.7478260869566
2026-09-16 08:36:00,116,0.3793103448275862,0.33620689655172414,208.845,672.03,256.658275862069,213683,116,1842.094827586207
2026-09-16 08:37:00,124,0.3709677419354839,0.3225806451612903,216.95499999999998,613.7029999999997,255.95854838709678,297835,124,2401.8951612903224
2026-09-16 08:38:00,111,0.2972972972972973,0.26126126126126126,196.71,593.265,242.09153153153153,262801,110,2367.5765765765764
2026-09-16 08:39:00,135,0.37777777777777777,0.2740740740740741,203.18,621.8859999999999,250.1222962962963,275096,135,2037.7481481481482
2026-09-16 08:40:00,126,0.35714285714285715,0.30952380952380953,211.905,588.5350000000001,263.0387301587301,257311,126,2042.1507936507937
2026-09-16 08:41:00,98,0.40816326530612246,0.32653061224489793,198.69,601.3244999999996,261.7986734693878,215763,98,2201.6632653061224
2026-09-16 08:42:00,116,0.3706896551724138,0.3275862068965517,226.37,562.2425000000001,260.0087931034483,227691,115,1962.853448275862
2026-09-16 08:43:00,103,0.3786407766990291,0.32038834951456313,191.79,645.3739999999999,262.8709708737864,226115,103,2195.2912621359224
2026-09-16 08:44:00,99,0.41414141414141414,0.3434343434343434,222.0,606.4999999999998,260.1157575757576,188331,99,1902.3333333333333
2026-09-16 08:45:00,86,0.38372093023255816,0.3488372093023256,208.875,753.1700000000001,267.06023255813955,178543,86,2076.0813953488373
2026-09-16 08:46:00,102,0.0,0.0,115.6,291.72549999999995,132.50833333333333,266104,102,2608.8627450980393
2026-09-16 08:47:00,124,0.008064516129032258,0.0,107.805,341.0745,133.83225806451614,374918,124,3023.532258064516
2026-09-16 08:48:00,121,0.0,0.0,103.88,300.57,125.85471074380165,351254,119,2902.9256198347107
2026-09-16 08:49:00,97,0.0,0.0,105.78,295.81,126.20103092783505,258798,97,2668.020618556701
2026-09-16 08:50:00,129,0.0,0.0,103.85,298.46999999999997,125.67906976744186,421514,129,3267.5503875968993
2026-09-16 08:51:00,118,0.00847457627118644,0.0,112.52,326.44999999999993,145.4949152542373,335852,118,2846.2033898305085
2026-09-16 08:52:00,108,0.037037037037037035,0.009259259259259259,97.515,321.679,124.8537962962963,307881,108,2850.75
2026-09-16 08:53:00,122,0.01639344262295082,0.0,100.205,326.0555,126.35918032786886,372694,120,3054.8688524590166
2026-09-16 08:54:00,104,0.019230769230769232,0.0,115.96000000000001,296.72749999999985,134.12557692307692,318673,104,3064.1634615384614
2026-09-16 08:55:00,113,0.008849557522123894,0.0,103.53,293.10799999999966,137.12230088495576,366498,113,3243.3451327433627
2026-09-16 08:56:00,118,0.0,0.0,104.42,261.2529999999999,126.85838983050849,392481,118,3326.1101694915255
2026-09-16 08:57:00,116,0.017241379310344827,0.0,105.905,369.4,135.51172413793103,297306,116,2562.9827586206898
2026-09-16 08:58:00,108,0.018518518518518517,0.0,123.155,359.6054999999997,148.0662962962963,327380,107,3031.296296296296
2026-09-16 08:59:00,127,0.0,0.0,106.33,245.14199999999997,115.86354330708662,369424,127,2908.850393700787
2026-09-16 09:00:00,115,0.02608695652173913,0.008695652173913044,112.05,344.68099999999987,143.56478260869565,351058,115,3052.6782608695653
2026-09-16 09:01:00,95,0.021052631578947368,0.021052631578947368,110.08,345.8869999999999,138.01936842105263,254943,95,2683.6105263157897
2026-09-16 09:02:00,121,0.008264462809917356,0.0,113.75,307.51,131.71396694214874,376299,121,3109.909090909091
2026-09-16 09:03:00,110,0.00909090909090909,0.0,109.065,267.4604999999999,128.50427272727273,364737,110,3315.7909090909093
2026-09-16 09:04:00,106,0.018867924528301886,0.0,102.465,315.6425,128.33537735849055,326113,106,3076.5377358490564
2026-09-16 09:05:00,91,0.01098901098901099,0.0,101.29,313.105,126.34153846153846,248703,90,2733.0
2026-09-16 09:06:00,97,0.0,0.0,105.04,311.16799999999995,126.01783505154638,297602,96,3068.061855670103
2026-09-16 09:07:00,95,0.010526315789473684,0.0,103.0,271.634,120.3863157894737,325083,94,3421.926315789474
2026-09-16 09:08:00,116,0.017241379310344827,0.0,114.94,267.4175,131.00413793103448,372910,114,3214.7413793103447
2026-09-16 09:09:00,92,0.021739130434782608,0.0,114.375,336.31800000000027,137.73641304347825,298791,92,3247.728260869565
2026-09-16 09:10:00,96,0.010416666666666666,0.0,109.48,270.7325,130.76500000000001,269582,96,2808.1458333333335
2026-09-16 09:11:00,96,0.020833333333333332,0.0,98.64,379.7875,128.131875,304744,95,3174.4166666666665
2026-09-16 09:12:00,128,0.0234375,0.0,98.825,279.29749999999973,118.440234375,382216,127,2986.0625
2026-09-16 09:13:00,112,0.008928571428571428,0.0,110.995,280.58099999999996,132.35080357142857,328299,112,2931.2410714285716
2026-09-16 09:14:00,112,0.008928571428571428,0.008928571428571428,101.985,299.83799999999997,128.19526785714285,398093,110,3554.401785714286
2026-09-16 09:15:00,100,0.0,0.0,104.67,322.4105,136.1354,348008,100,3480.08
2026-09-16 09:16:00,101,0.0,0.0,115.33,306.28,131.38346534653465,317487,101,3143.4356435643563
2026-09-16 09:17:00,99,0.0,0.0,126.12,275.35299999999995,136.46969696969697,307821,99,3109.3030303030305
2026-09-16 09:18:00,106,0.018867924528301886,0.0,133.595,395.8,160.24811320754716,337865,106,3187.4056603773583
2026-09-16 09:19:00,122,0.00819672131147541,0.0,117.38,329.7644999999999,134.79836065573772,358521,122,2938.6967213114754
2026-09-16 09:20:00,110,0.00909090909090909,0.0,107.62,369.4034999999999,138.088,287389,110,2612.6272727272726
2026-09-16 09:21:00,81,0.0,0.0,115.58,326.78,140.86962962962963,258951,81,3196.925925925926
2026-09-16 09:22:00,93,0.0,0.0,108.02,307.1899999999998,133.99817204301075,272873,91,2934.1182795698924
2026-09-16 09:23:00,110,0.01818181818181818,0.0,103.87,289.6775,124.12590909090909,330388,110,3003.5272727272727
2026-09-16 09:24:00,117,0.0,0.0,104.18,307.27199999999965,125.82162393162392,324057,116,2769.7179487179487
2026-09-16 09:25:00,95,0.0,0.0,101.15,316.53399999999993,123.21221052631579,351548,94,3700.5052631578947
2026-09-16 09:26:00,120,0.0,0.0,109.96000000000001,290.7,127.632,361664,120,3013.866666666667
2026-09-16 09:27:00,109,0.01834862385321101,0.009174311926605505,113.5,343.9119999999998,141.41,365085,109,3349.4036697247707
2026-09-16 09:28:00,124,0.008064516129032258,0.0,102.09,297.046,124.69733870967741,353082,124,2847.435483870968
2026-09-16 09:29:00,96,0.041666666666666664,0.0,122.695,361.97,150.314375,310038,96,3229.5625
2026-09-16 09:30:00,101,0.019801980198019802,0.0,106.83,383.46,146.7189108910891,303004,101,3000.039603960396
2026-09-16 09:31:00,120,0.008333333333333333,0.0,111.47,308.79600000000005,130.90908333333334,331942,120,2766.1833333333334
2026-09-16 09:32:00,110,0.00909090909090909,0.0,113.11000000000001,328.55549999999994,128.97863636363635,366416,110,3331.0545454545454
2026-09-16 09:33:00,103,0.0,0.0,117.84,281.17499999999995,132.71291262135924,303951,103,2950.980582524272
2026-09-16 09:34:00,89,0.0,0.0,119.58,316.29599999999994,140.11685393258426,285790,89,3211.123595505618
2026-09-16 09:35:00,111,0.009009009009009009,0.0,110.8,301.82,135.16045045045044,286144,110,2577.873873873874
2026-09-16 09:36:00,113,0.008849557522123894,0.008849557522123894,101.62,245.60999999999981,113.5446017699115,334729,113,2962.2035398230087
2026-09-16 09:37:00,106,0.009433962264150943,0.009433962264150943,118.34,329.3025,144.07358490566037,289635,105,2732.4056603773583
2026-09-16 09:38:00,112,0.008928571428571428,0.0,104.95,270.2174999999999,119.07669642857142,347934,112,3106.5535714285716
2026-09-16 09:39:00,96,0.0,0.0,105.565,343.01250000000005,135.41114583333334,275869,96,2873.6354166666665
2026-09-16 09:40:00,122,0.03278688524590164,0.01639344262295082,104.845,296.11299999999983,124.80852459016393,341035,122,2795.3688524590166
2026-09-16 09:41:00,106,0.018867924528301886,0.0,96.91,295.83,133.2117924528302,294470,106,2778.0188679245284
2026-09-16 09:42:00,92,0.010869565217391304,0.0,118.11,316.89250000000004,140.78652173913045,280340,92,3047.1739130434785
2026-09-16 09:43:00,113,0.02654867256637168,0.0,120.39,317.2539999999999,142.09106194690264,330122,112,2921.433628318584
2026-09-16 09:44:00,88,0.0,0.0,110.245,309.2949999999999,132.5034090909091,281760,88,3201.818181818182
2026-09-16 09:45:00,90,0.0,0.0,118.97999999999999,309.9339999999999,140.79533333333333,265042,90,2944.911111111111
2026-09-16 09:46:00,123,0.016260162601626018,0.0,108.24,315.209,137.11731707317074,376122,123,3057.9024390243903
2026-09-16 09:47:00,107,0.0,0.0,105.1,315.03699999999947,130.46345794392525,320461,106,2994.96261682243
2026-09-16 09:48:00,107,0.018691588785046728,0.009345794392523364,105.01,324.8869999999997,132.63093457943924,368595,107,3444.8130841121497
2026-09-16 09:49:00,105,0.0,0.0,116.75,362.816,152.47,332402,105,3165.733333333333
2026-09-16 09:50:00,88,0.011363636363636364,0.0,114.46000000000001,311.66449999999986,134.47068181818182,290681,88,3303.193181818182
2026-09-16 09:51:00,134,0.007462686567164179,0.007462686567164179,99.46000000000001,248.31499999999988,126.92880597014924,445802,133,3326.8805970149256
2026-09-16 09:52:00,118,0.00847457627118644,0.0,114.305,312.299,134.23593220338984,365146,118,3094.4576271186443
2026-09-16 09:53:00,105,0.01904761904761905,0.0,94.84,236.7359999999999,109.86133333333333,291458,105,2775.790476190476
2026-09-16 09:54:00,104,0.0,0.0,107.93,254.00699999999998,134.71298076923077,328285,104,3156.5865384615386
2026-09-16 09:55:00,121,0.0,0.0,110.44,296.89,130.62495867768595,360716,120,2981.123966942149
2026-09-16 09:56:00,103,0.009708737864077669,0.0,96.94,241.90499999999997,114.86718446601941,343013,103,3330.223300970874
2026-09-16 09:57:00,118,0.0,0.0,102.995,247.4429999999998,121.77135593220339,351130,117,2975.677966101695
2026-09-16 09:58:00,17,0.0,0.0,114.88,422.2099999999999,185.50764705882352,46377,17,2728.0588235294117
2026-09-16 09:59:00,10,0.0,0.0,89.39,320.7514999999998,131.738,28644,10,2864.4
2026-09-16 10:00:00,15,0.0,0.0,83.26,172.28699999999998,101.02666666666667,51310,15,3420.6666666666665
2026-09-16 10:01:00,12,0.0,0.0,67.145,192.59299999999988,83.26583333333333,30579,12,2548.25
2026-09-16 10:02:00,8,0.0,0.0,128.64,471.59899999999993,182.79749999999999,13745,8,1718.125
2026-09-16 10:03:00,11,0.0,0.0,70.4,181.62,89.10909090909091,33436,11,3039.6363636363635
2026-09-16 10:04:00,12,0.0,0.0,144.36,295.94049999999993,141.55416666666667,43141,12,3595.0833333333335
2026-09-16 10:05:00,12,0.0,0.0,115.14,258.16049999999996,137.40416666666667,27519,12,2293.25
2026-09-16 10:06:00,16,0.0,0.0,93.47,229.2925,108.921875,41454,16,2590.875
2026-09-16 10:07:00,10,0.0,0.0,82.42500000000001,189.83899999999988,90.087,28678,10,2867.8
2026-09-16 10:08:00,12,0.0,0.0,146.1,293.4894999999999,145.74,39394,12,3282.8333333333335
2026-09-16 10:09:00,12,0.0,0.0,113.27000000000001,219.2074999999999,132.63416666666666,56464,12,4705.333333333333
2026-09-16 10:10:00,18,0.0,0.0,80.395,281.6679999999999,106.61111111111111,38948,18,2163.777777777778
2026-09-16 10:11:00,19,0.0,0.0,116.87,700.6839999999997,185.64842105263156,64184,19,3378.1052631578946
2026-09-16 10:12:00,18,0.0,0.0,131.0,371.8239999999997,168.72611111111112,42187,18,2343.722222222222
2026-09-16 10:13:00,11,0.0,0.0,84.03,161.83499999999998,90.42181818181818,30439,11,2767.181818181818
2026-09-16 10:14:00,14,0.0,0.0,114.25999999999999,196.23499999999996,118.74285714285715,43666,14,3119.0
2026-09-16 10:15:00,18,0.0,0.0,96.41999999999999,273.4309999999998,121.63333333333334,48563,18,2697.9444444444443
2026-09-16 10:16:00,5,0.0,0.0,93.87,140.606,105.25,18646,5,3729.2
2026-09-16 10:17:00,5,0.0,0.0,158.8,198.82,140.08800000000002,12919,5,2583.8
2026-09-16 10:18:00,17,0.0,0.0,82.93,229.58799999999994,99.98411764705882,50431,17,2966.529411764706
2026-09-16 10:19:00,19,0.0,0.0,107.33,269.8259999999998,143.13368421052633,49310,19,2595.2631578947367
2026-09-16 10:20:00,97,0.010309278350515464,0.0,99.09,252.3419999999999,114.02525773195877,289684,97,2986.4329896907216
2026-09-16 10:21:00,110,0.01818181818181818,0.0,100.45,270.5919999999999,123.37836363636363,372876,110,3389.7818181818184
2026-09-16 10:22:00,104,0.0,0.0,96.86500000000001,312.6264999999999,121.59153846153846,300505,103,2889.471153846154
2026-09-16 10:23:00,97,0.010309278350515464,0.010309278350515464,108.25,355.4019999999996,144.25340206185567,282121,97,2908.463917525773
2026-09-16 10:24:00,99,0.020202020202020204,0.0,113.67,254.6369999999999,125.28525252525252,277886,99,2806.929292929293
2026-09-16 10:25:00,122,0.0,0.0,103.27000000000001,302.4009999999998,120.73819672131147,377270,122,3092.377049180328
2026-09-16 10:26:00,125,0.016,0.008,114.57,352.40999999999997,140.10344,416493,125,3331.944
2026-09-16 10:27:00,103,0.019417475728155338,0.0,118.22,297.1129999999999,132.00194174757283,345454,103,3353.9223300970875
2026-09-16 10:28:00,103,0.009708737864077669,0.0,114.82,321.6329999999997,140.90922330097087,294371,103,2857.970873786408
2026-09-16 10:29:00,124,0.016129032258064516,0.008064516129032258,98.72,307.1515,129.55806451612904,386294,124,3115.2741935483873
2026-09-16 10:30:00,103,0.009708737864077669,0.0,106.59,268.48799999999983,122.66932038834952,296048,103,2874.252427184466
2026-09-16 10:31:00,115,0.017391304347826087,0.0,92.37,338.636,125.2402608695652,382048,114,3322.1565217391303
2026-09-16 10:32:00,98,0.0,0.0,106.2,297.6249999999998,122.81755102040815,319788,98,3263.1428571428573
2026-09-16 10:33:00,133,0.0,0.0,106.6,313.2059999999999,135.70789473684212,435726,132,3276.1353383458645
2026-09-16 10:34:00,108,0.027777777777777776,0.0,105.78,322.9989999999999,133.04944444444445,297630,108,2755.8333333333335
2026-09-16 10:35:00,126,0.007936507936507936,0.0,121.68,257.09499999999997,131.34896825396825,423524,126,3361.3015873015875
2026-09-16 10:36:00,84,0.023809523809523808,0.0,114.91499999999999,387.93199999999985,137.4554761904762,256779,84,3056.8928571428573
2026-09-16 10:37:00,118,0.00847457627118644,0.00847457627118644,103.28999999999999,261.41349999999966,124.49347457627118,408391,118,3460.9406779661017
2026-09-16 10:38:00,107,0.0,0.0,109.47,343.46599999999967,138.3314018691589,334489,107,3126.0654205607475
2026-09-16 10:39:00,106,0.009433962264150943,0.0,118.515,379.6125,146.57594339622642,318642,104,3006.056603773585
2026-09-16 10:40:00,88,0.0,0.0,105.935,321.62099999999987,127.58147727272727,236417,88,2686.556818181818
2026-09-16 10:41:00,110,0.0,0.0,122.685,360.84049999999996,144.26763636363637,321868,110,2926.072727272727
2026-09-16 10:42:00,100,0.02,0.01,102.625,308.47849999999994,121.48870000000001,337411,100,3374.11
2026-09-16 10:43:00,106,0.0,0.0,120.83500000000001,364.1875,160.81783018867924,364453,106,3438.235849056604
2026-09-16 10:44:00,97,0.020618556701030927,0.0,109.24,324.49999999999994,128.9318556701031,305591,96,3150.422680412371
2026-09-16 10:45:00,123,0.016260162601626018,0.008130081300813009,98.13,288.91499999999974,121.82666666666667,385681,123,3135.6178861788617
2026-09-16 10:46:00,107,0.018691588785046728,0.0,107.83,308.66499999999985,140.7248598130841,319644,106,2987.3271028037384
2026-09-16 10:47:00,107,0.009345794392523364,0.0,107.81,288.85099999999994,142.02495327102804,353919,107,3307.654205607477
2026-09-16 10:48:00,95,0.0,0.0,113.87,321.56999999999994,132.70305263157897,262298,95,2761.0315789473684
2026-09-16 10:49:00,115,0.017391304347826087,0.0,93.0,287.3839999999999,115.73434782608696,343497,115,2986.9304347826087
2026-09-16 10:50:00,84,0.03571428571428571,0.0,104.025,267.366,130.3075,266353,83,3170.8690476190477
2026-09-16 10:51:00,88,0.0,0.0,113.94,313.90699999999964,140.68568181818182,245946,88,2794.840909090909
2026-09-16 10:52:00,110,0.02727272727272727,0.00909090909090909,120.28,312.48099999999977,139.793,349544,110,3177.672727272727
2026-09-16 10:53:00,108,0.009259259259259259,0.009259259259259259,107.745,351.7674999999999,139.4936111111111,306132,106,2834.5555555555557
2026-09-16 10:54:00,107,0.0,0.0,125.02,357.1269999999998,133.87130841121495,344573,107,3220.308411214953
2026-09-16 10:55:00,98,0.02040816326530612,0.0,115.495,335.9559999999998,144.43663265306122,290402,98,2963.285714285714
2026-09-16 10:56:00,81,0.0,0.0,115.37,279.83,133.33864197530863,244980,81,3024.4444444444443
2026-09-16 10:57:00,103,0.0,0.0,112.61,258.92599999999993,131.088640776699,329810,102,3202.0388349514565
2026-09-16 10:58:00,92,0.010869565217391304,0.010869565217391304,106.17,348.5015000000003,144.7083695652174,248104,92,2696.782608695652
2026-09-16 10:59:00,122,0.00819672131147541,0.00819672131147541,116.47,306.1194999999999,133.575,375314,122,3076.344262295082
2026-09-16 11:00:00,103,0.0,0.0,97.1,270.465,118.92398058252427,303506,102,2946.660194174757
2026-09-16 11:01:00,81,0.012345679012345678,0.0,92.07,400.33,128.51518518518517,220500,81,2722.222222222222
2026-09-16 11:02:00,112,0.017857142857142856,0.008928571428571428,104.94999999999999,267.2034999999999,120.88910714285714,291674,112,2604.2321428571427
2026-09-16 11:03:00,122,0.00819672131147541,0.0,122.13,308.0944999999997,136.34540983606556,353090,122,2894.1803278688526
2026-09-16 11:04:00,111,0.018018018018018018,0.009009009009009009,107.37,357.29499999999996,140.31684684684686,371083,111,3343.09009009009
2026-09-16 11:05:00,126,0.015873015873015872,0.0,124.495,324.725,141.7381746031746,364205,125,2890.5158730158732
2026-09-16 11:06:00,99,0.04040404040404041,0.020202020202020204,115.08,310.9209999999998,136.17909090909092,277385,98,2801.868686868687
2026-09-16 11:07:00,106,0.0,0.0,106.03,256.985,128.4659433962264,322494,106,3042.396226415094
2026-09-16 11:08:00,108,0.0,0.0,121.895,426.659,161.60694444444445,320529,108,2967.8611111111113
2026-09-16 11:09:00,96,0.010416666666666666,0.0,119.88499999999999,288.4125,138.19604166666667,285609,96,2975.09375
2026-09-16 11:10:00,82,0.024390243902439025,0.0,106.035,277.18850000000003,123.43256097560975,226145,82,2757.8658536585367
2026-09-16 11:11:00,114,0.017543859649122806,0.008771929824561403,107.31,319.3805,134.25991228070174,316533,114,2776.6052631578946
2026-09-16 11:12:00,103,0.009708737864077669,0.009708737864077669,108.93,329.37299999999993,136.90601941747573,302620,103,2938.0582524271845
2026-09-16 11:13:00,99,0.0,0.0,94.76,274.9209999999999,118.8839393939394,285562,99,2884.4646464646466
2026-09-16 11:14:00,78,0.02564102564102564,0.0,122.645,313.79449999999997,136.80615384615385,209496,78,2685.846153846154
2026-09-16 11:15:00,116,0.017241379310344827,0.0,113.13,278.83,130.9393103448276,382315,116,3295.8189655172414
2026-09-16 11:16:00,102,0.00980392156862745,0.0,116.92,291.1644999999999,135.8085294117647,321995,101,3156.8137254901962
2026-09-16 11:17:00,103,0.0,0.0,107.08,328.9719999999997,132.28533980582523,346315,102,3362.2815533980583
2026-09-16 11:18:00,111,0.018018018018018018,0.0,121.38,339.955,141.952972972973,347417,111,3129.8828828828828
2026-09-16 11:19:00,99,0.020202020202020204,0.0,101.06,295.3269999999999,133.51333333333332,319890,98,3231.212121212121
2026-09-16 11:20:00,108,0.018518518518518517,0.0,100.305,303.40749999999986,124.47601851851852,341912,108,3165.8518518518517
2026-09-16 11:21:00,109,0.0,0.0,93.26,281.6799999999998,113.97944954128441,364769,109,3346.5045871559632
2026-09-16 11:22:00,140,0.0,0.0,101.815,268.3815,125.613,457483,140,3267.7357142857145
2026-09-16 11:23:00,98,0.02040816326530612,0.01020408163265306,107.305,327.3499999999999,143.83724489795918,278487,97,2841.704081632653
2026-09-16 11:24:00,105,0.0,0.0,113.16,325.59599999999995,134.45409523809525,325569,105,3100.657142857143
2026-09-16 11:25:00,108,0.027777777777777776,0.018518518518518517,119.215,324.80499999999984,135.67796296296297,339165,108,3140.4166666666665
2026-09-16 11:26:00,98,0.02040816326530612,0.0,108.63,274.08649999999994,124.64469387755102,301380,97,3075.3061224489797
2026-09-16 11:27:00,91,0.0,0.0,94.99,299.32500000000005,121.81263736263737,306707,91,3370.4065934065934
2026-09-16 11:28:00,97,0.0,0.0,98.04,293.7119999999994,125.9357731958763,318319,97,3281.639175257732
2026-09-16 11:29:00,115,0.034782608695652174,0.008695652173913044,103.48,340.05,133.73330434782608,349648,114,3040.417391304348
2026-09-16 11:30:00,95,0.0,0.0,115.21,266.123,128.384,302339,95,3182.5157894736844
2026-09-16 11:31:00,121,0.008264462809917356,0.008264462809917356,110.69,256.14,123.44297520661158,375946,121,3106.99173553719
2026-09-16 11:32:00,87,0.011494252873563218,0.0,99.83,393.86800000000005,127.47367816091953,235472,86,2706.574712643678
2026-09-16 11:33:00,96,0.020833333333333332,0.010416666666666666,103.42500000000001,321.09250000000003,140.37968750000002,277220,95,2887.7083333333335
2026-09-16 11:34:00,95,0.031578947368421054,0.021052631578947368,107.49,348.2069999999998,133.16263157894738,367109,94,3864.305263157895
2026-09-16 11:35:00,110,0.01818181818181818,0.0,120.47999999999999,305.361,134.24290909090908,373246,110,3393.1454545454544
2026-09-16 11:36:00,88,0.011363636363636364,0.0,118.705,310.10999999999996,146.23113636363635,249059,88,2830.215909090909
2026-09-16 11:37:00,88,0.03409090909090909,0.011363636363636364,116.3,403.62549999999976,146.67397727272726,264633,87,3007.193181818182
2026-09-16 11:38:00,85,0.0,0.0,99.02,239.50399999999996,122.80152941176472,242274,85,2850.2823529411767
2026-09-16 11:39:00,81,0.0,0.0,111.28,332.06,134.5059259259259,238597,81,2945.641975308642
2026-09-16 11:40:00,83,0.0,0.0,118.64,281.114,130.87409638554217,278114,83,3350.7710843373493
2026-09-16 11:41:00,89,0.011235955056179775,0.0,90.11,356.99399999999986,131.6461797752809,285272,89,3205.303370786517
2026-09-16 11:42:00,81,0.0,0.0,99.24,246.09,119.16962962962963,221262,81,2731.6296296296296
2026-09-16 11:43:00,95,0.010526315789473684,0.0,90.33,314.032,129.79621052631578,298903,95,3146.3473684210526
2026-09-16 11:44:00,93,0.010752688172043012,0.010752688172043012,125.36,329.08999999999986,139.6740860215054,305841,93,3288.6129032258063
2026-09-16 11:45:00,88,0.0,0.0,102.945,303.10949999999985,130.01159090909093,258160,88,2933.6363636363635
2026-09-16 11:46:00,106,0.009433962264150943,0.0,114.715,376.71999999999997,142.8395283018868,285323,106,2691.7264150943397
2026-09-16 11:47:00,73,0.0,0.0,112.59,394.3099999999997,143.67698630136985,224408,73,3074.082191780822
2026-09-16 11:48:00,92,0.010869565217391304,0.0,117.53,323.711,140.78478260869565,230874,92,2509.5
2026-09-16 11:49:00,117,0.0,0.0,108.49,285.5039999999999,127.72598290598292,404602,117,3458.136752136752
2026-09-16 11:50:00,89,0.011235955056179775,0.0,103.05,382.7979999999995,139.2194382022472,278757,89,3132.1011235955057
2026-09-16 11:51:00,110,0.00909090909090909,0.0,110.945,247.75549999999998,132.09709090909092,370547,109,3368.609090909091
2026-09-16 11:52:00,91,0.0,0.0,92.29,303.055,128.81395604395604,316021,91,3472.7582417582416
2026-09-16 11:53:00,87,0.011494252873563218,0.011494252873563218,106.31,332.12600000000003,134.03011494252874,224985,87,2586.0344827586205
2026-09-16 11:54:00,98,0.0,0.0,99.32,316.7694999999999,123.09479591836734,269305,98,2748.0102040816328
2026-09-16 11:55:00,91,0.02197802197802198,0.0,87.75,293.485,119.2967032967033,293409,91,3224.2747252747254
2026-09-16 11:56:00,105,0.0,0.0,101.57,242.71199999999993,120.98066666666666,349701,105,3330.4857142857145
2026-09-16 11:57:00,100,0.02,0.01,107.88,308.9584999999999,127.97579999999999,284238,100,2842.38
2026-09-16 11:58:00,88,0.011363636363636364,0.0,99.84,291.0399999999999,128.0706818181818,306405,87,3481.875
2026-09-16 11:59:00,79,0.0,0.0,106.01,278.01399999999995,120.26721518987343,278489,79,3525.1772151898736
2026-09-16 12:00:00,97,0.010309278350515464,0.0,109.52,298.08399999999966,129.5621649484536,339740,96,3502.4742268041236
2026-09-16 12:01:00,102,0.0196078431372549,0.0,90.33,285.4544999999995,114.43235294117648,322301,102,3159.8137254901962
2026-09-16 12:02:00,104,0.0,0.0,113.555,241.62149999999997,119.72913461538461,291014,104,2798.2115384615386
2026-09-16 12:03:00,112,0.0,0.0,116.11,314.1354999999993,135.1975892857143,370710,112,3309.910714285714
2026-09-16 12:04:00,101,0.0,0.0,103.1,322.75,123.27554455445545,319378,101,3162.158415841584
2026-09-16 12:05:00,98,0.02040816326530612,0.0,109.85,242.721,118.8395918367347,293176,98,2991.591836734694
2026-09-16 12:06:00,66,0.0,0.0,98.13,378.835,133.35954545454544,207725,66,3147.348484848485
2026-09-16 12:07:00,78,0.01282051282051282,0.0,96.46000000000001,271.1955,119.76192307692308,217451,78,2787.8333333333335
2026-09-16 12:08:00,94,0.031914893617021274,0.010638297872340425,120.03999999999999,293.0794999999999,134.41297872340425,270821,94,2881.074468085106
2026-09-16 12:09:00,85,0.023529411764705882,0.011764705882352941,103.26,300.0539999999999,124.39811764705883,267340,85,3145.176470588235
2026-09-16 12:10:00,79,0.02531645569620253,0.0,106.83,283.1439999999999,129.30430379746838,217870,79,2757.8481012658226
2026-09-16 12:11:00,12,0.0,0.0,97.65,215.908,96.6125,34158,12,2846.5
2026-09-16 12:12:00,16,0.0625,0.0,118.63,558.7375,188.174375,33263,16,2078.9375
2026-09-16 12:13:00,9,0.0,0.0,128.65,254.19399999999996,138.24666666666664,17420,9,1935.5555555555557
2026-09-16 12:14:00,11,0.0,0.0,95.75,210.22,115.81363636363636,27977,11,2543.3636363636365
2026-09-16 12:15:00,9,0.0,0.0,91.44,339.322,139.89666666666665,31063,9,3451.4444444444443
2026-09-16 12:16:00,9,0.0,0.0,59.58,222.688,98.74222222222222,17352,9,1928.0
2026-09-16 12:17:00,14,0.0,0.0,100.205,219.85749999999996,117.42928571428571,41705,14,2978.9285714285716
2026-09-16 12:18:00,11,0.0,0.0,73.45,199.28,97.25999999999999,35900,11,3263.6363636363635
2026-09-16 12:19:00,12,0.0,0.0,80.66,238.39649999999995,112.61416666666666,31964,12,2663.6666666666665
2026-09-16 12:20:00,14,0.07142857142857142,0.0,113.70500000000001,403.3869999999999,160.51857142857145,42110,14,3007.8571428571427
2026-09-16 12:21:00,11,0.0,0.0,107.08,334.8,142.92545454545456,28268,11,2569.818181818182
2026-09-16 12:22:00,15,0.0,0.0,107.13,201.396,114.32866666666668,45979,15,3065.266666666667
2026-09-16 12:23:00,11,0.0,0.0,111.49,295.755,131.43636363636364,50858,11,4623.454545454545
2026-09-16 12:24:00,11,0.0,0.0,120.59,312.475,146.66181818181818,44450,11,4040.909090909091
2026-09-16 12:25:00,86,0.0,0.0,112.395,258.36,135.93302325581396,256283,86,2980.0348837209303
2026-09-16 12:26:00,97,0.010309278350515464,0.0,105.06,276.2999999999992,127.44876288659795,336263,97,3466.6288659793813
2026-09-16 12:27:00,92,0.010869565217391304,0.0,101.245,416.2405,156.08260869565217,263759,91,2866.945652173913
2026-09-16 12:28:00,95,0.010526315789473684,0.0,106.58,274.94599999999997,129.35231578947366,283792,95,2987.2842105263157
2026-09-16 12:29:00,93,0.021505376344086023,0.0,115.01,289.6519999999998,134.64591397849463,240458,93,2585.569892473118
2026-09-16 12:30:00,90,0.022222222222222223,0.011111111111111112,102.16,307.2849999999999,123.07122222222222,298870,90,3320.777777777778
2026-09-16 12:31:00,100,0.01,0.01,92.475,314.95599999999996,124.7958,316803,99,3168.03
2026-09-16 12:32:00,97,0.0,0.0,94.94,289.7719999999998,122.11257731958763,281537,97,2902.443298969072
2026-09-16 12:33:00,90,0.011111111111111112,0.0,99.565,293.35949999999997,123.65244444444444,272958,90,3032.866666666667
2026-09-16 12:34:00,103,0.019417475728155338,0.0,114.67,378.4209999999993,143.76300970873785,326487,103,3169.776699029126
2026-09-16 12:35:00,82,0.012195121951219513,0.0,105.415,228.30750000000003,119.73963414634146,237960,82,2901.951219512195
2026-09-16 12:36:00,105,0.01904761904761905,0.009523809523809525,96.57,310.6979999999999,124.7487619047619,346376,105,3298.8190476190475
2026-09-16 12:37:00,108,0.009259259259259259,0.0,92.92500000000001,341.53399999999993,130.33898148148148,361139,108,3343.8796296296296
2026-09-16 12:38:00,85,0.0,0.0,93.59,239.694,111.18741176470589,272227,85,3202.670588235294
2026-09-16 12:39:00,107,0.009345794392523364,0.009345794392523364,90.67,260.98999999999995,121.59514018691588,283231,107,2647.0186915887853
2026-09-16 12:40:00,87,0.0,0.0,99.1,267.97499999999997,122.39758620689655,316820,87,3641.609195402299
2026-09-16 12:41:00,76,0.013157894736842105,0.0,108.05000000000001,356.225,129.56578947368422,248306,76,3267.184210526316
2026-09-16 12:42:00,88,0.011363636363636364,0.0,107.69,279.77049999999997,124.33136363636363,296310,88,3367.159090909091
2026-09-16 12:43:00,90,0.0,0.0,96.14,260.5954999999999,118.31133333333334,269895,90,2998.8333333333335
2026-09-16 12:44:00,74,0.013513513513513514,0.0,113.235,323.94149999999973,139.2818918918919,227998,74,3081.054054054054
2026-09-16 12:45:00,104,0.009615384615384616,0.0,107.705,307.4635,131.97740384615383,312294,104,3002.826923076923
2026-09-16 12:46:00,110,0.00909090909090909,0.00909090909090909,106.53999999999999,299.859,128.0307272727273,319991,110,2909.009090909091
2026-09-16 12:47:00,92,0.0,0.0,105.83,263.92500000000007,127.0129347826087,259676,92,2822.5652173913045
2026-09-16 12:48:00,86,0.011627906976744186,0.0,99.78999999999999,331.3675,131.22709302325583,243661,86,2833.267441860465
2026-09-16 12:49:00,97,0.0,0.0,111.0,322.38199999999983,128.38577319587628,291949,97,3009.783505154639
2026-09-16 12:50:00,99,0.0,0.0,101.46,244.98699999999997,115.70151515151515,271728,99,2744.7272727272725
2026-09-16 12:51:00,92,0.010869565217391304,0.0,122.025,257.1015000000001,127.6945652173913,275073,92,2989.9239130434785
2026-09-16 12:52:00,79,0.012658227848101266,0.0,100.88,296.65099999999995,123.09759493670884,227793,79,2883.4556962025317
2026-09-16 12:53:00,73,0.0,0.0,101.16,305.3699999999997,128.08287671232875,205354,73,2813.068493150685
2026-09-16 12:54:00,80,0.025,0.0125,113.895,276.579,128.60075,235153,80,2939.4125
2026-09-16 12:55:00,78,0.01282051282051282,0.0,103.18,256.43399999999934,123.365,240345,78,3081.346153846154
2026-09-16 12:56:00,79,0.0,0.0,102.45,307.6589999999999,125.4132911392405,229741,79,2908.1139240506327
2026-09-16 12:57:00,84,0.011904761904761904,0.0,113.94,280.22299999999996,133.17083333333335,263342,84,3135.0238095238096
2026-09-16 12:58:00,107,0.0,0.0,120.43,347.68299999999965,137.80205607476634,350372,107,3274.504672897196
2026-09-16 12:59:00,85,0.0,0.0,100.07,244.66,115.79823529411765,234364,85,2757.2235294117645
2026-09-16 13:00:00,81,0.0,0.0,116.76,308.73,134.7225925925926,257263,81,3176.0864197530864
2026-09-16 13:01:00,81,0.012345679012345678,0.0,95.35,207.22,119.19839506172839,257149,81,3174.679012345679
2026-09-16 13:02:00,65,0.0,0.0,94.97,422.91999999999945,136.54184615384614,210760,65,3242.4615384615386
2026-09-16 13:03:00,101,0.0,0.0,114.6,324.43,140.3471287128713,271809,100,2691.1782178217823
2026-09-16 13:04:00,83,0.012048192771084338,0.0,96.34,266.44599999999986,120.3498795180723,272569,83,3283.9638554216867
2026-09-16 13:05:00,80,0.0,0.0,100.75999999999999,263.69299999999987,122.95750000000001,229480,80,2868.5
2026-09-16 13:06:00,101,0.009900990099009901,0.0,131.81,429.12,160.05029702970296,311768,101,3086.8118811881186
2026-09-16 13:07:00,74,0.0,0.0,110.15,244.5164999999999,123.71243243243242,293622,74,3967.864864864865
2026-09-16 13:08:00,76,0.0,0.0,104.145,277.40999999999997,125.79921052631579,264666,76,3482.4473684210525
2026-09-16 13:09:00,98,0.01020408163265306,0.0,103.09,229.84949999999967,113.05010204081633,304455,97,3106.683673469388
2026-09-16 13:10:00,70,0.014285714285714285,0.014285714285714285,103.08000000000001,328.5794999999999,124.83542857142857,186775,70,2668.214285714286
2026-09-16 13:11:00,80,0.025,0.0,109.655,292.85,131.294375,242569,79,3032.1125
2026-09-16 13:12:00,110,0.00909090909090909,0.0,102.32,274.341,122.58454545454545,330711,110,3006.4636363636364
2026-09-16 13:13:00,83,0.012048192771084338,0.012048192771084338,108.21,237.94,130.5657831325301,237514,83,2861.614457831325
2026-09-16 13:14:00,87,0.011494252873563218,0.0,106.14,279.7460000000001,131.6751724137931,256782,87,2951.5172413793102
2026-09-16 13:15:00,95,0.021052631578947368,0.010526315789473684,118.01,269.459,134.7598947368421,285820,95,3008.6315789473683
2026-09-16 13:16:00,82,0.0,0.0,112.47,295.9035,123.12560975609755,246464,82,3005.6585365853657
2026-09-16 13:17:00,94,0.010638297872340425,0.0,115.89,285.6689999999999,134.39606382978724,276470,93,2941.1702127659573
2026-09-16 13:18:00,84,0.03571428571428571,0.011904761904761904,87.21000000000001,268.5134999999998,109.0282142857143,259920,84,3094.285714285714
2026-09-16 13:19:00,98,0.030612244897959183,0.0,122.13999999999999,343.2475,142.48642857142858,331487,98,3382.5204081632655
2026-09-16 13:20:00,95,0.0,0.0,108.92,290.89799999999997,133.3575789473684,287547,95,3026.8105263157895
2026-09-16 13:21:00,90,0.022222222222222223,0.0,115.62,306.9455,136.45888888888888,269010,90,2989.0
2026-09-16 13:22:00,81,0.012345679012345678,0.012345679012345678,89.45,252.01,114.11197530864197,209046,81,2580.814814814815
2026-09-16 13:23:00,76,0.039473684210526314,0.0,118.155,368.3125,141.4530263157895,209301,76,2753.9605263157896
2026-09-16 13:24:00,85,0.011764705882352941,0.011764705882352941,106.72,248.9679999999999,121.89529411764707,267767,85,3150.2
2026-09-16 13:25:00,73,0.0,0.0,106.35,269.5279999999999,127.78945205479451,221152,72,3029.4794520547944
2026-09-16 13:26:00,93,0.0,0.0,103.15,248.21399999999997,116.42290322580645,273008,93,2935.569892473118
2026-09-16 13:27:00,110,0.01818181818181818,0.00909090909090909,124.53,299.61949999999996,129.74254545454545,349953,110,3181.390909090909
2026-09-16 13:28:00,93,0.010752688172043012,0.010752688172043012,107.17,297.31999999999977,134.37817204301075,287301,93,3089.2580645161293
2026-09-16 13:29:00,71,0.028169014084507043,0.0,110.19,339.865,132.57929577464787,215884,71,3040.6197183098593
2026-09-16 13:30:00,80,0.0,0.0,126.04499999999999,328.637,153.325,334637,80,4182.9625
2026-09-16 13:31:00,76,0.0,0.0,112.485,354.6175,137.1786842105263,243528,76,3204.315789473684
2026-09-16 13:32:00,85,0.023529411764705882,0.011764705882352941,97.69,249.56799999999998,119.21388235294118,277009,85,3258.929411764706
2026-09-16 13:33:00,73,0.0136986301369863,0.0136986301369863,99.53,274.98199999999986,118.33890410958904,221212,73,3030.301369863014
2026-09-16 13:34:00,97,0.010309278350515464,0.0,105.71,285.1439999999998,124.62814432989691,260896,97,2689.6494845360826
2026-09-16 13:35:00,59,0.01694915254237288,0.0,117.94,299.05699999999996,144.31881355932202,168752,59,2860.2033898305085
2026-09-16 13:36:00,85,0.023529411764705882,0.023529411764705882,103.37,307.004,137.96941176470588,288677,85,3396.2
2026-09-16 13:37:00,69,0.0,0.0,121.09,316.5899999999999,140.07347826086956,210641,69,3052.768115942029
2026-09-16 13:38:00,73,0.0136986301369863,0.0136986301369863,104.58,265.20199999999994,123.02068493150685,216067,73,2959.821917808219
2026-09-16 13:39:00,67,0.014925373134328358,0.0,98.99,288.0179999999999,132.9986567164179,215460,67,3215.820895522388
2026-09-16 13:40:00,88,0.0,0.0,114.4,307.7309999999996,130.8509090909091,261402,88,2970.4772727272725
2026-09-16 13:41:00,73,0.0136986301369863,0.0,122.96,333.78999999999996,145.87205479452055,211837,73,2901.876712328767
2026-09-16 13:42:00,87,0.0,0.0,95.82,288.4560000000001,122.81551724137933,273137,87,3139.5057471264367
2026-09-16 13:43:00,72,0.013888888888888888,0.013888888888888888,126.685,311.6195,156.1536111111111,231993,72,3222.125
2026-09-16 13:44:00,83,0.012048192771084338,0.012048192771084338,118.97,338.8619999999998,147.33385542168674,265027,82,3193.0963855421687
2026-09-16 13:45:00,95,0.0,0.0,102.77,251.565,119.19442105263157,295608,94,3111.6631578947367
2026-09-16 13:46:00,86,0.0,0.0,125.94999999999999,318.26,142.19941860465116,304340,86,3538.8372093023254
2026-09-16 13:47:00,81,0.012345679012345678,0.0,113.4,340.17,156.99987654320987,239011,81,2950.753086419753
2026-09-16 13:48:00,70,0.0,0.0,106.295,360.4025,135.77328571428572,215268,70,3075.2571428571428
2026-09-16 13:49:00,74,0.0,0.0,107.305,270.6674999999999,129.90094594594595,220741,73,2982.9864864864867
2026-09-16 13:50:00,93,0.021505376344086023,0.010752688172043012,94.48,272.7879999999999,122.10967741935485,261489,93,2811.7096774193546
2026-09-16 13:51:00,78,0.0,0.0,107.075,335.40699999999987,130.92141025641027,225435,78,2890.1923076923076
2026-09-16 13:52:00,89,0.0,0.0,101.76,224.53199999999998,104.62786516853932,259901,88,2920.2359550561796
2026-09-16 13:53:00,75,0.0,0.0,102.57,316.7399999999998,137.156,201280,75,2683.733333333333
2026-09-16 13:54:00,87,0.034482758620689655,0.011494252873563218,117.75,284.46700000000004,135.89057471264368,265032,87,3046.344827586207
2026-09-16 13:55:00,75,0.0,0.0,96.88,331.6749999999999,131.9744,216645,74,2888.6
2026-09-16 13:56:00,65,0.07692307692307693,0.015384615384615385,99.59,221.91199999999992,110.89876923076923,201903,65,3106.2
2026-09-16 13:57:00,82,0.024390243902439025,0.012195121951219513,112.125,285.66850000000005,131.2329268292683,210803,82,2570.768292682927
2026-09-16 13:58:00,91,0.0,0.0,109.68,355.01,142.10879120879122,279601,91,3072.5384615384614
2026-09-16 13:59:00,61,0.0,0.0,104.0,257.63,116.81213114754098,218455,61,3581.2295081967213
2026-09-16 14:00:00,77,0.0,0.0,119.1,320.242,140.0194805194805,221825,77,2880.844155844156
2026-09-16 14:01:00,69,0.014492753623188406,0.0,104.88,314.772,138.97579710144927,214116,69,3103.1304347826085
2026-09-16 14:02:00,81,0.012345679012345678,0.0,110.14,266.1,122.6104938271605,227254,81,2805.604938271605
2026-09-16 14:03:00,90,0.011111111111111112,0.0,102.695,299.6505,124.52466666666666,259361,90,2881.788888888889
2026-09-16 14:04:00,80,0.0,0.0,119.015,275.6644999999999,129.993875,259760,80,3247.0
2026-09-16 14:05:00,83,0.0,0.0,119.43,377.61399999999986,146.1019277108434,239609,83,2886.855421686747
2026-09-16 14:06:00,76,0.013157894736842105,0.0,97.78,228.36,107.59605263157896,245071,76,3224.6184210526317
2026-09-16 14:07:00,75,0.0,0.0,117.93,261.3859999999999,129.50333333333333,216266,75,2883.5466666666666
2026-09-16 14:08:00,82,0.0,0.0,103.935,270.74000000000007,125.39378048780489,239036,82,2915.0731707317073
2026-09-16 14:09:00,77,0.012987012987012988,0.0,105.45,308.41800000000006,133.7064935064935,254884,77,3310.181818181818
2026-09-16 14:10:00,66,0.06060606060606061,0.015151515151515152,112.83,372.20500000000004,157.19227272727272,218789,66,3314.9848484848485
2026-09-16 14:11:00,93,0.010752688172043012,0.010752688172043012,100.16,315.67999999999927,123.20118279569891,267437,93,2875.6666666666665
2026-09-16 14:12:00,83,0.0,0.0,97.91,271.8489999999999,120.97626506024098,266624,83,3212.3373493975905
2026-09-16 14:13:00,70,0.0,0.0,108.57499999999999,263.4194999999998,124.68571428571428,260926,70,3727.5142857142855
2026-09-16 14:14:00,85,0.0,0.0,109.95,295.00199999999984,125.4729411764706,256122,85,3013.2
2026-09-16 14:15:00,86,0.023255813953488372,0.011627906976744186,120.69,277.39,141.5917441860465,254794,86,2962.720930232558
2026-09-16 14:16:00,76,0.0,0.0,119.62,394.88,144.5425,265139,76,3488.6710526315787
2026-09-16 14:17:00,70,0.0,0.0,116.92,261.96999999999997,129.04857142857142,217314,70,3104.4857142857145
2026-09-16 14:18:00,78,0.0,0.0,126.025,245.79049999999964,141.26448717948716,217396,78,2787.128205128205
2026-09-16 14:19:00,68,0.0,0.0,98.485,325.25199999999995,131.94926470588234,192534,68,2831.3823529411766
2026-09-16 14:20:00,84,0.0,0.0,111.435,319.96799999999985,132.51642857142855,301422,84,3588.3571428571427
2026-09-16 14:21:00,86,0.011627906976744186,0.0,106.55000000000001,319.98749999999995,127.61511627906977,229546,86,2669.139534883721
2026-09-16 14:22:00,84,0.011904761904761904,0.0,91.705,311.34549999999996,124.40166666666667,289830,84,3450.3571428571427
2026-09-16 14:23:00,65,0.015384615384615385,0.015384615384615385,107.41,429.46399999999977,153.5733846153846,215838,64,3320.5846153846155
2026-09-16 14:24:00,88,0.011363636363636364,0.0,112.16,219.57149999999996,124.31136363636364,256537,88,2915.193181818182
2026-09-16 14:25:00,95,0.0,0.0,113.07,376.171,141.1477894736842,264065,95,2779.6315789473683
2026-09-16 14:26:00,78,0.01282051282051282,0.01282051282051282,105.215,331.9594999999997,130.61320512820512,197715,78,2534.8076923076924
2026-09-16 14:27:00,89,0.0449438202247191,0.02247191011235955,113.47,314.18199999999996,144.59550561797752,285091,89,3203.2696629213483
2026-09-16 14:28:00,95,0.021052631578947368,0.010526315789473684,107.56,276.542,131.0582105263158,321157,95,3380.6
2026-09-16 14:29:00,68,0.014705882352941176,0.014705882352941176,102.535,272.91049999999996,128.78411764705882,223511,68,3286.926470588235
2026-09-16 14:30:00,89,0.0,0.0,108.86,327.51199999999983,136.46247191011236,274118,88,3079.9775280898875
2026-09-16 14:31:00,5,0.0,0.0,125.95,289.2339999999999,139.072,19112,5,3822.4
2026-09-16 14:32:00,16,0.0,0.0,113.825,295.7175,145.935625,44367,16,2772.9375
2026-09-16 14:33:00,5,0.0,0.0,107.51,374.46199999999993,162.336,11502,5,2300.4
2026-09-16 14:34:00,8,0.0,0.0,108.625,233.49899999999994,126.46124999999999,31223,8,3902.875
2026-09-16 14:35:00,4,0.0,0.0,141.875,170.39350000000002,144.72,6607,4,1651.75
2026-09-16 14:36:00,8,0.0,0.0,126.565,278.24949999999995,153.99375,21525,8,2690.625
2026-09-16 14:37:00,11,0.0,0.0,83.57,288.935,122.60454545454546,26699,11,2427.181818181818
2026-09-16 14:38:00,11,0.0,0.0,80.59,123.815,87.28181818181818,20271,11,1842.8181818181818
2026-09-16 14:39:00,6,0.0,0.0,161.0,253.88250000000002,150.28666666666666,20488,6,3414.6666666666665
2026-09-16 14:40:00,11,0.0,0.0,89.06,233.20499999999998,114.14545454545454,37277,11,3388.818181818182
2026-09-16 14:41:00,11,0.0,0.0,111.51,270.95,120.3190909090909,23269,11,2115.3636363636365
2026-09-16 14:42:00,9,0.0,0.0,69.01,185.06799999999993,80.1511111111111,38220,9,4246.666666666667
2026-09-16 14:43:00,11,0.0,0.0,108.09,182.115,104.21818181818183,49280,11,4480.0
2026-09-16 14:44:00,9,0.0,0.0,149.42,280.83,145.41666666666666,20499,9,2277.6666666666665
2026-09-16 14:45:00,74,0.0,0.0,120.945,275.84899999999993,139.92527027027026,239516,74,3236.7027027027025
2026-09-16 14:46:00,56,0.0,0.0,122.21000000000001,300.94,147.55892857142857,175904,56,3141.1428571428573
2026-09-16 14:47:00,84,0.023809523809523808,0.011904761904761904,106.03,237.01099999999994,120.90047619047618,243170,84,2894.8809523809523
2026-09-16 14:48:00,83,0.012048192771084338,0.0,97.77,248.476,116.35060240963855,262732,83,3165.4457831325303
2026-09-16 14:49:00,65,0.015384615384615385,0.0,98.15,265.93199999999996,111.31707692307691,237342,65,3651.4153846153845
2026-09-16 14:50:00,75,0.0,0.0,101.49,232.95899999999997,116.22506666666665,220513,75,2940.173333333333
2026-09-16 14:51:00,89,0.0,0.0,106.01,352.936,138.55382022471912,241687,88,2715.5842696629215
2026-09-16 14:52:00,86,0.023255813953488372,0.0,113.28999999999999,338.605,141.08023255813953,243481,86,2831.1744186046512
2026-09-16 14:53:00,80,0.0,0.0,104.60499999999999,333.10999999999996,137.65525,234531,80,2931.6375
2026-09-16 14:54:00,59,0.03389830508474576,0.0,109.6,265.433,130.0891525423729,206768,59,3504.5423728813557
2026-09-16 14:55:00,79,0.012658227848101266,0.0,114.38,257.76299999999986,122.84329113924049,254675,79,3223.73417721519
2026-09-16 14:56:00,73,0.0,0.0,104.58,245.63199999999992,119.80712328767123,228872,73,3135.2328767123286
2026-09-16 14:57:00,82,0.024390243902439025,0.0,105.495,284.149,132.73097560975611,293330,82,3577.1951219512193
2026-09-16 14:58:00,67,0.0,0.0,118.05,282.9419999999999,135.67701492537313,188209,67,2809.089552238806
2026-09-16 14:59:00,63,0.015873015873015872,0.0,106.48,351.31499999999994,124.20174603174603,169197,63,2685.6666666666665
2026-09-16 15:00:00,72,0.027777777777777776,0.0,110.735,375.63300000000027,145.2298611111111,193837,72,2692.1805555555557
2026-09-16 15:01:00,93,0.0,0.0,108.47,355.52599999999927,142.44655913978497,283378,93,3047.0752688172042
2026-09-16 15:02:00,66,0.015151515151515152,0.0,97.05,232.64000000000001,113.10651515151515,206196,66,3124.181818181818
2026-09-16 15:03:00,77,0.012987012987012988,0.012987012987012988,101.2,382.4220000000001,148.63012987012988,252127,76,3274.3766233766232
2026-09-16 15:04:00,82,0.024390243902439025,0.012195121951219513,115.55,271.7865,134.35280487804877,229509,82,2798.890243902439
2026-09-16 15:05:00,71,0.0,0.0,125.79,356.81,137.3430985915493,244209,70,3439.56338028169
2026-09-16 15:06:00,73,0.0,0.0,104.24,355.7499999999996,143.16561643835615,271945,73,3725.27397260274
2026-09-16 15:07:00,76,0.0,0.0,122.32,408.86249999999995,157.12947368421052,216531,76,2849.092105263158
2026-09-16 15:08:00,68,0.0,0.0,114.6,360.3295,147.72602941176473,208691,68,3068.985294117647
2026-09-16 15:09:00,78,0.01282051282051282,0.0,116.35,305.1119999999999,133.4,230848,78,2959.5897435897436
2026-09-16 15:10:00,60,0.016666666666666666,0.0,111.825,253.38549999999995,122.5605,177388,60,2956.4666666666667
2026-09-16 15:11:00,85,0.03529411764705882,0.0,118.14,311.62999999999994,129.16882352941178,272707,85,3208.3176470588237
2026-09-16 15:12:00,70,0.04285714285714286,0.0,125.33,330.00199999999984,137.25400000000002,202386,69,2891.2285714285713
2026-09-16 15:13:00,86,0.023255813953488372,0.011627906976744186,103.68,353.1375,136.59465116279068,266475,85,3098.546511627907
2026-09-16 15:14:00,70,0.0,0.0,120.6,274.599,137.3962857142857,204651,70,2923.5857142857144
2026-09-16 15:15:00,79,0.05063291139240506,0.0,109.57,312.3299999999999,145.15151898734177,236425,79,2992.721518987342
2026-09-16 15:16:00,70,0.0,0.0,109.16,339.2434999999999,127.70242857142857,228148,70,3259.2571428571428
2026-09-16 15:17:00,81,0.0,0.0,108.94,306.55,130.69962962962964,269197,81,3323.41975308642
2026-09-16 15:18:00,68,0.0,0.0,107.10499999999999,261.9844999999999,116.51955882352941,207817,68,3056.1323529411766
2026-09-16 15:19:00,60,0.0,0.0,113.57,339.0704999999999,142.0105,166954,60,2782.5666666666666
2026-09-16 15:20:00,69,0.043478260869565216,0.0,100.6,276.1979999999998,119.33753623188404,206354,69,2990.6376811594205
2026-09-16 15:21:00,72,0.013888888888888888,0.013888888888888888,101.825,287.0585000000001,118.13416666666666,219671,72,3050.9861111111113
2026-09-16 15:22:00,67,0.014925373134328358,0.0,98.75,288.26,132.48507462686567,204512,67,3052.417910447761
2026-09-16 15:23:00,56,0.017857142857142856,0.017857142857142856,109.16499999999999,284.78499999999997,121.97089285714286,184751,56,3299.125
2026-09-16 15:24:00,79,0.012658227848101266,0.0,98.34,213.00899999999976,108.63139240506331,232100,79,2937.974683544304
2026-09-16 15:25:00,55,0.0,0.0,118.8,313.30999999999983,140.95163636363637,182445,54,3317.181818181818
2026-09-16 15:26:00,60,0.016666666666666666,0.0,118.03,311.8405,135.72216666666665,178348,60,2972.4666666666667
2026-09-16 15:27:00,68,0.0,0.0,111.26,314.4295,138.5614705882353,260324,68,3828.294117647059
2026-09-16 15:28:00,71,0.0,0.0,132.72,326.02,148.30633802816902,228602,70,3219.7464788732395
2026-09-16 15:29:00,56,0.0,0.0,105.58500000000001,270.6825,142.15553571428572,181944,56,3249.0
2026-09-16 15:30:00,73,0.0410958904109589,0.0136986301369863,121.04,323.176,139.9964383561644,227330,73,3114.109589041096
2026-09-16 15:31:00,93,0.0,0.0,105.06,278.89199999999977,131.68139784946237,316564,93,3403.9139784946237
2026-09-16 15:32:00,73,0.0,0.0,101.52,309.45199999999903,121.87753424657534,223934,73,3067.5890410958905
2026-09-16 15:33:00,62,0.0,0.0,104.77000000000001,242.45049999999998,126.2940322580645,184481,62,2975.5
2026-09-16 15:34:00,86,0.011627906976744186,0.0,111.60499999999999,346.3875,139.59686046511627,260253,86,3026.1976744186045
2026-09-16 15:35:00,75,0.0,0.0,99.93,255.887,116.24573333333333,280690,75,3742.5333333333333
2026-09-16 15:36:00,58,0.017241379310344827,0.0,140.065,316.78999999999996,156.76189655172413,160426,58,2765.9655172413795
2026-09-16 15:37:00,67,0.014925373134328358,0.0,114.96,316.31899999999996,134.55611940298508,208253,67,3108.2537313432836
2026-09-16 15:38:00,70,0.014285714285714285,0.0,104.255,328.4765,128.05542857142856,201871,70,2883.8714285714286
2026-09-16 15:39:00,88,0.011363636363636364,0.011363636363636364,129.95499999999998,264.1325,131.5896590909091,299261,88,3400.693181818182
2026-09-16 15:40:00,55,0.0,0.0,106.08,255.89199999999985,124.44381818181817,135699,55,2467.2545454545457
2026-09-16 15:41:00,74,0.013513513513513514,0.0,108.61,296.9679999999999,132.69783783783782,220112,74,2974.4864864864867
2026-09-16 15:42:00,92,0.010869565217391304,0.010869565217391304,109.9,273.09950000000003,124.64032608695652,280740,92,3051.521739130435
2026-09-16 15:43:00,57,0.0,0.0,122.06,258.59799999999984,137.50438596491227,190652,57,3344.7719298245615
2026-09-16 15:44:00,69,0.014492753623188406,0.0,123.36,411.93799999999993,158.11695652173913,187353,69,2715.2608695652175
2026-09-16 15:45:00,96,0.010416666666666666,0.0,109.89,291.6175,135.79677083333334,318563,96,3318.3645833333335
2026-09-16 15:46:00,63,0.015873015873015872,0.0,85.82,278.07099999999997,113.21539682539682,224464,63,3562.9206349206347
2026-09-16 15:47:00,57,0.017543859649122806,0.0,101.25,305.846,123.56052631578947,154501,57,2710.5438596491226
2026-09-16 15:48:00,54,0.0,0.0,82.56,205.5429999999999,96.23685185185185,149003,54,2759.314814814815
2026-09-16 15:49:00,64,0.0,0.0,107.655,274.54799999999983,127.3503125,229109,64,3579.828125
2026-09-16 15:50:00,80,0.0375,0.0125,107.53999999999999,238.8155,124.085375,231861,80,2898.2625
2026-09-16 15:51:00,63,0.015873015873015872,0.0,99.93,323.01099999999997,137.97460317460317,189184,63,3002.9206349206347
2026-09-16 15:52:00,63,0.0,0.0,112.59,214.61499999999998,117.23095238095239,179728,63,2852.8253968253966
2026-09-16 15:53:00,50,0.0,0.0,120.815,298.9259999999997,138.406,177763,50,3555.26
2026-09-16 15:54:00,88,0.0,0.0,106.05,286.1295,119.67318181818182,294338,88,3344.75
2026-09-16 15:55:00,67,0.0,0.0,103.03,290.8119999999999,129.74940298507462,279279,67,4168.3432835820895
2026-09-16 15:56:00,58,0.0,0.0,108.59,222.1455,117.28258620689655,181399,58,3127.5689655172414
2026-09-16 15:57:00,62,0.016129032258064516,0.016129032258064516,93.22999999999999,271.3239999999999,119.15241935483871,207150,62,3341.1290322580644
2026-09-16 15:58:00,48,0.0,0.0,96.275,307.1354999999999,129.0275,124482,47,2593.375
2026-09-16 15:59:00,73,0.0136986301369863,0.0,101.66,315.8779999999998,124.36630136986301,235013,73,3219.3561643835615
2026-09-16 16:00:00,70,0.014285714285714285,0.014285714285714285,113.805,319.8105,130.07942857142856,192061,69,2743.7285714285713
2026-09-16 16:01:00,60,0.0,0.0,90.81,234.24599999999992,111.29016666666666,200178,60,3336.3
2026-09-16 16:02:00,48,0.020833333333333332,0.0,121.06,250.44599999999997,128.59958333333333,144250,48,3005.2083333333335
2026-09-16 16:03:00,73,0.0547945205479452,0.0136986301369863,117.15,383.262,138.3609589041096,216465,73,2965.27397260274
2026-09-16 16:04:00,71,0.0,0.0,115.66,247.14499999999998,115.72464788732395,193238,71,2721.6619718309857
2026-09-16 16:05:00,72,0.0,0.0,123.455,269.17700000000013,132.33333333333334,223180,72,3099.722222222222
2026-09-16 16:06:00,55,0.0,0.0,112.23,310.2299999999999,140.91945454545453,166177,55,3021.4
2026-09-16 16:07:00,76,0.013157894736842105,0.0,107.045,290.3625,130.74644736842106,231627,76,3047.7236842105262
2026-09-16 16:08:00,73,0.0,0.0,111.1,302.16199999999975,134.32657534246576,197248,73,2702.027397260274
2026-09-16 16:09:00,69,0.0,0.0,100.33,237.07999999999998,122.15927536231884,226941,69,3289.0
2026-09-16 16:10:00,72,0.0,0.0,111.245,295.7090000000002,125.53416666666668,240644,72,3342.277777777778
2026-09-16 16:11:00,55,0.0,0.0,107.65,342.68199999999996,136.762,189958,55,3453.7818181818184
2026-09-16 16:12:00,68,0.029411764705882353,0.0,100.32,329.05649999999997,132.02911764705883,206018,68,3029.676470588235
2026-09-16 16:13:00,79,0.0379746835443038,0.012658227848101266,116.08,332.89399999999966,143.16050632911393,252345,79,3194.240506329114
2026-09-16 16:14:00,48,0.020833333333333332,0.0,100.985,248.68499999999992,119.34875,111249,48,2317.6875
2026-09-16 16:15:00,72,0.0,0.0,117.135,355.71100000000007,147.6361111111111,211330,72,2935.1388888888887
2026-09-16 16:16:00,82,0.012195121951219513,0.0,114.37,259.28450000000004,132.39768292682928,270733,82,3301.621951219512
2026-09-16 16:17:00,82,0.0,0.0,111.19,286.66200000000003,128.02939024390244,300422,82,3663.682926829268
2026-09-16 16:18:00,66,0.0,0.0,96.105,273.925,112.42636363636365,195245,66,2958.257575757576
2026-09-16 16:19:00,56,0.0,0.0,88.75999999999999,270.97,105.13410714285715,153444,56,2740.0714285714284
2026-09-16 16:20:00,71,0.0,0.0,119.15,389.01,151.3808450704225,215071,71,3029.169014084507
2026-09-16 16:21:00,68,0.0,0.0,115.565,348.61299999999994,142.51794117647057,181918,68,2675.264705882353
2026-09-16 16:22:00,55,0.0,0.0,99.91,219.462,104.69527272727272,176188,55,3203.418181818182
2026-09-16 16:23:00,61,0.0,0.0,125.57,370.53,146.287868852459,201567,61,3304.377049180328
2026-09-16 16:24:00,56,0.03571428571428571,0.0,99.56,298.6875,136.02160714285714,161918,56,2891.3928571428573
2026-09-16 16:25:00,91,0.0,0.0,115.95,374.29999999999995,145.8978021978022,278131,91,3056.3846153846152
2026-09-16 16:26:00,66,0.0,0.0,105.445,286.26250000000005,125.86409090909092,193613,66,2933.530303030303
2026-09-16 16:27:00,73,0.0,0.0,108.39,252.71399999999994,125.30479452054794,212313,73,2908.3972602739727
2026-09-16 16:28:00,70,0.02857142857142857,0.02857142857142857,140.835,372.01300000000003,166.568,170997,70,2442.8142857142857
2026-09-16 16:29:00,86,0.011627906976744186,0.011627906976744186,102.1,275.4775,124.03186046511628,233129,86,2710.8023255813955
2026-09-16 16:30:00,57,0.0,0.0,88.13,227.86599999999999,117.28824561403509,196843,57,3453.3859649122805
2026-09-16 16:31:00,75,0.013333333333333334,0.0,113.26,356.8549999999999,141.8604,260831,75,3477.7466666666664
2026-09-16 16:32:00,66,0.0,0.0,124.78,367.7125,162.83060606060604,211080,66,3198.181818181818
2026-09-16 16:33:00,69,0.014492753623188406,0.0,98.98,265.846,119.58420289855071,236420,69,3426.376811594203
2026-09-16 16:34:00,66,0.0,0.0,120.08000000000001,276.2575,133.6522727272727,214076,66,3243.5757575757575
2026-09-16 16:35:00,64,0.015625,0.0,135.695,297.49649999999997,145.21578125,200664,63,3135.375
2026-09-16 16:36:00,66,0.0,0.0,112.3,324.9525,140.80742424242422,191029,66,2894.378787878788
2026-09-16 16:37:00,67,0.014925373134328358,0.0,114.63,284.9629999999999,127.72402985074628,177622,67,2651.0746268656717
2026-09-16 16:38:00,76,0.013157894736842105,0.013157894736842105,108.535,258.805,125.72526315789474,246117,76,3238.3815789473683
2026-09-16 16:39:00,61,0.03278688524590164,0.0,120.03,331.14,140.17360655737704,189984,61,3114.4918032786886
2026-09-16 16:40:00,64,0.0,0.0,103.36,286.2124999999999,137.38375,157185,64,2456.015625
2026-09-16 16:41:00,59,0.0,0.0,114.65,330.8249999999999,145.02050847457625,182697,59,3096.5593220338983
2026-09-16 16:42:00,71,0.0,0.0,135.3,332.85,162.46225352112677,178786,71,2518.112676056338
2026-09-16 16:43:00,63,0.015873015873015872,0.015873015873015872,102.75,288.67799999999994,126.03380952380952,180744,63,2868.9523809523807
2026-09-16 16:44:00,48,0.0,0.0,119.955,267.339,126.55354166666666,165898,48,3456.2083333333335
2026-09-16 16:45:00,73,0.0136986301369863,0.0,104.83,266.60999999999996,120.81767123287672,236760,73,3243.2876712328766
2026-09-16 16:46:00,70,0.014285714285714285,0.0,98.33500000000001,237.59449999999995,105.3907142857143,252335,70,3604.785714285714
2026-09-16 16:47:00,70,0.0,0.0,103.475,260.2949999999998,119.61514285714286,214781,70,3068.3
2026-09-16 16:48:00,61,0.01639344262295082,0.0,113.61,350.71,134.99131147540982,167671,60,2748.7049180327867
2026-09-16 16:49:00,52,0.0,0.0,131.865,293.90999999999997,158.30923076923077,155132,52,2983.3076923076924
2026-09-16 16:50:00,88,0.022727272727272728,0.011363636363636364,85.87,310.1319999999999,115.17102272727271,273648,88,3109.6363636363635
2026-09-16 16:51:00,59,0.03389830508474576,0.01694915254237288,110.81,266.57799999999975,132.95949152542372,175612,59,2976.4745762711864
2026-09-16 16:52:00,65,0.046153846153846156,0.015384615384615385,111.91,320.878,130.08476923076924,184484,65,2838.2153846153847
2026-09-16 16:53:00,82,0.012195121951219513,0.0,107.66,266.2115,124.415,231645,82,2824.939024390244
2026-09-16 16:54:00,62,0.016129032258064516,0.0,104.66499999999999,348.212,135.64274193548388,160727,62,2592.3709677419356
2026-09-16 16:55:00,60,0.0,0.0,100.645,311.43399999999986,133.71733333333333,219096,59,3651.6
2026-09-16 16:56:00,61,0.0,0.0,115.76,304.92,133.7677049180328,179628,61,2944.72131147541
2026-09-16 16:57:00,61,0.01639344262295082,0.01639344262295082,104.76,307.39,134.9149180327869,185302,61,3037.7377049180327
2026-09-16 16:58:00,59,0.0,0.0,109.17,437.27699999999993,148.70898305084745,159746,59,2707.5593220338983
2026-09-16 16:59:00,69,0.0,0.0,101.89,337.592,125.59144927536231,192873,69,2795.2608695652175
2026-09-16 17:00:00,62,0.016129032258064516,0.0,106.75,260.6604999999998,118.83822580645162,178406,62,2877.516129032258
2026-09-16 17:01:00,70,0.014285714285714285,0.0,101.56,291.30400000000003,125.79214285714286,195701,70,2795.7285714285713
2026-09-16 17:02:00,73,0.0,0.0,105.2,236.5839999999998,117.9041095890411,248287,73,3401.1917808219177
2026-09-16 17:03:00,54,0.0,0.0,104.685,260.01399999999995,125.98,148993,54,2759.1296296296296
2026-09-16 17:04:00,73,0.0,0.0,109.18,258.8119999999998,130.88972602739727,232145,73,3180.068493150685
2026-09-16 17:05:00,62,0.03225806451612903,0.016129032258064516,101.56,299.97699999999986,132.68048387096775,151761,62,2447.7580645161293
2026-09-16 17:06:00,60,0.0,0.0,105.85499999999999,296.6119999999999,125.79633333333332,182524,60,3042.0666666666666
2026-09-16 17:07:00,70,0.0,0.0,102.885,323.5324999999999,140.70214285714286,206302,70,2947.1714285714284
2026-09-16 17:08:00,70,0.0,0.0,108.005,321.8685,133.49985714285714,184658,69,2637.9714285714285
2026-09-16 17:09:00,84,0.011904761904761904,0.0,113.25,313.1835,134.82666666666668,218691,84,2603.464285714286
2026-09-16 17:10:00,72,0.013888888888888888,0.0,130.905,254.58050000000003,141.79861111111111,216089,72,3001.2361111111113
2026-09-16 17:11:00,71,0.0,0.0,128.65,375.125,151.47408450704225,221986,71,3126.56338028169
2026-09-16 17:12:00,66,0.0,0.0,96.255,245.4075,111.17257575757576,227565,66,3447.9545454545455
2026-09-16 17:13:00,52,0.0,0.0,107.25,359.02199999999965,136.96153846153845,160651,52,3089.4423076923076
2026-09-16 17:14:00,61,0.04918032786885246,0.01639344262295082,99.01,296.01,116.26524590163935,173522,61,2844.622950819672
2026-09-16 17:15:00,92,0.010869565217391304,0.0,99.985,247.4125000000001,121.70565217391304,285141,92,3099.358695652174
2026-09-16 17:16:00,69,0.0,0.0,123.28,334.3859999999998,146.53782608695653,249290,69,3612.8985507246375
2026-09-16 17:17:00,92,0.021739130434782608,0.0,111.245,342.10400000000004,135.30097826086958,277354,92,3014.717391304348
2026-09-16 17:18:00,72,0.013888888888888888,0.0,107.675,330.80450000000013,145.33916666666667,207783,72,2885.875
2026-09-16 17:19:00,55,0.01818181818181818,0.01818181818181818,125.5,263.9569999999999,134.04218181818183,165075,55,3001.3636363636365
2026-09-16 17:20:00,66,0.0,0.0,105.575,477.5075,157.51757575757574,211623,66,3206.409090909091
2026-09-16 17:21:00,71,0.014084507042253521,0.0,93.36,391.98,133.23971830985917,192619,71,2712.943661971831
2026-09-16 17:22:00,66,0.0,0.0,93.09,292.5475,124.24530303030303,193583,66,2933.0757575757575
2026-09-16 17:23:00,64,0.0,0.0,109.60499999999999,283.947,127.661875,181148,64,2830.4375
2026-09-16 17:24:00,67,0.014925373134328358,0.0,111.85,266.0339999999999,128.89208955223882,204654,67,3054.5373134328356
2026-09-16 17:25:00,65,0.0,0.0,98.48,277.5659999999999,118.10276923076924,171155,65,2633.153846153846
2026-09-16 17:26:00,66,0.0,0.0,96.29499999999999,213.02749999999997,114.00333333333333,180149,66,2729.530303030303
2026-09-16 17:27:00,68,0.0,0.0,125.43,308.25249999999994,138.5345588235294,219180,68,3223.235294117647
2026-09-16 17:28:00,67,0.0,0.0,101.3,232.52299999999997,121.34746268656716,213058,67,3179.9701492537315
2026-09-16 17:29:00,66,0.0,0.0,110.935,420.4225,152.21212121212122,229468,65,3476.787878787879
2026-09-16 17:30:00,67,0.0,0.0,105.01,255.056,124.10820895522389,191046,67,2851.4328358208954
2026-09-16 17:31:00,86,0.011627906976744186,0.0,104.74,318.625,133.33895348837208,270593,86,3146.4302325581393
2026-09-16 17:32:00,73,0.0,0.0,120.16,262.368,137.53835616438354,250893,73,3436.890410958904
2026-09-16 17:33:00,76,0.0,0.0,103.43,261.975,122.00578947368422,245393,76,3228.8552631578946
2026-09-16 17:34:00,68,0.0,0.0,110.245,308.0685,131.00132352941176,224707,68,3304.514705882353
2026-09-16 17:35:00,64,0.015625,0.015625,101.215,271.59799999999996,118.27640625,185206,64,2893.84375
2026-09-16 17:36:00,57,0.017543859649122806,0.017543859649122806,106.43,313.5899999999998,120.42649122807018,149603,56,2624.6140350877195
2026-09-16 17:37:00,56,0.0,0.0,95.97,238.96249999999998,110.06857142857143,190924,56,3409.3571428571427
2026-09-16 17:38:00,61,0.01639344262295082,0.0,112.63,309.58,140.24508196721314,212241,61,3479.3606557377047
2026-09-16 17:39:00,62,0.016129032258064516,0.0,115.165,279.58,141.0583870967742,170284,62,2746.516129032258
2026-09-16 17:40:00,63,0.015873015873015872,0.0,103.32,361.767,146.5936507936508,168342,63,2672.095238095238
2026-09-16 17:41:00,66,0.030303030303030304,0.015151515151515152,112.13,250.20499999999998,130.87530303030303,196277,66,2973.8939393939395
2026-09-16 17:42:00,72,0.013888888888888888,0.0,115.22,271.925,130.41555555555556,188819,72,2622.4861111111113
2026-09-16 17:43:00,68,0.0,0.0,121.505,349.21249999999986,141.9939705882353,203006,68,2985.3823529411766
2026-09-16 17:44:00,71,0.0,0.0,112.68,292.805,132.87352112676058,237451,71,3344.3802816901407
2026-09-16 17:45:00,70,0.04285714285714286,0.014285714285714285,113.095,296.0114999999999,131.48414285714284,207435,70,2963.3571428571427
2026-09-16 17:46:00,57,0.0,0.0,111.32,372.9459999999999,156.689649122807,202458,57,3551.8947368421054
2026-09-16 17:47:00,68,0.0,0.0,101.65,255.16,129.86470588235292,253221,68,3723.8382352941176
2026-09-16 17:48:00,47,0.0,0.0,115.08,310.80099999999993,144.10829787234042,121426,47,2583.531914893617
2026-09-16 17:49:00,63,0.015873015873015872,0.0,108.83,266.603,125.41825396825398,203631,63,3232.2380952380954
2026-09-16 17:50:00,68,0.0,0.0,94.0,292.5729999999999,114.91970588235294,199805,68,2938.3088235294117
2026-09-16 17:51:00,58,0.0,0.0,111.6,298.22749999999985,133.23724137931035,156939,58,2705.844827586207
2026-09-16 17:52:00,42,0.07142857142857142,0.0,101.685,237.03249999999997,118.955,152453,42,3629.8333333333335
2026-09-16 17:53:00,54,0.0,0.0,111.505,305.3099999999999,129.3838888888889,136336,54,2524.740740740741
2026-09-16 17:54:00,72,0.013888888888888888,0.0,122.47999999999999,258.2175000000001,137.46083333333334,192049,71,2667.347222222222
2026-09-16 17:55:00,72,0.0,0.0,113.445,280.29400000000004,127.30777777777777,256149,72,3557.625
2026-09-16 17:56:00,50,0.02,0.0,125.49000000000001,418.14449999999994,150.394,141737,50,2834.74
2026-09-16 17:57:00,63,0.0,0.0,117.52,308.47499999999997,130.97952380952378,181617,63,2882.809523809524
2026-09-16 17:58:00,53,0.0,0.0,114.2,239.98199999999997,125.81830188679245,167147,53,3153.7169811320755
2026-09-16 17:59:00,73,0.0,0.0,105.28,255.5159999999998,116.16520547945204,196840,73,2696.4383561643835
2026-09-16 18:00:00,59,0.01694915254237288,0.01694915254237288,87.36,352.36899999999986,126.71966101694915,172138,59,2917.593220338983
2026-09-16 18:01:00,55,0.0,0.0,102.49,274.93199999999996,117.12181818181818,169046,55,3073.5636363636363
2026-09-16 18:02:00,66,0.0,0.0,109.49000000000001,283.1825,132.38939393939395,215512,66,3265.3333333333335
2026-09-16 18:03:00,54,0.018518518518518517,0.018518518518518517,113.36,291.8619999999999,135.89555555555555,181227,54,3356.0555555555557
2026-09-16 18:04:00,69,0.0,0.0,119.93,268.862,132.66652173913045,198317,69,2874.159420289855
2026-09-16 18:05:00,60,0.0,0.0,86.995,228.80049999999994,108.41149999999999,188665,60,3144.4166666666665
2026-09-16 18:06:00,69,0.014492753623188406,0.0,87.68,257.59999999999985,110.24202898550725,199216,69,2887.1884057971015
2026-09-16 18:07:00,63,0.031746031746031744,0.0,105.21,256.787,121.63539682539682,174103,63,2763.5396825396824
2026-09-16 18:08:00,60,0.03333333333333333,0.016666666666666666,118.965,250.96799999999993,121.0735,173434,60,2890.5666666666666
2026-09-16 18:09:00,64,0.0,0.0,117.36000000000001,294.73699999999997,141.83859375,184265,64,2879.140625
2026-09-16 18:10:00,59,0.03389830508474576,0.01694915254237288,104.01,306.35699999999974,126.04949152542373,157444,59,2668.5423728813557
2026-09-16 18:11:00,53,0.0,0.0,98.05,198.32199999999995,109.86547169811321,149310,53,2817.169811320755
2026-09-16 18:12:00,67,0.0,0.0,96.17,266.363,119.8579104477612,220702,67,3294.0597014925374
2026-09-16 18:13:00,68,0.014705882352941176,0.0,107.31,278.9575,126.6804411764706,204340,68,3005.0
2026-09-16 18:14:00,54,0.05555555555555555,0.018518518518518517,117.65,357.1064999999997,143.6837037037037,184299,54,3412.9444444444443
2026-09-16 18:15:00,71,0.014084507042253521,0.014084507042253521,101.71,327.8,132.82197183098592,226931,71,3196.211267605634
2026-09-16 18:16:00,65,0.0,0.0,105.48,293.36999999999995,120.60984615384616,232473,65,3576.507692307692
2026-09-16 18:17:00,53,0.07547169811320754,0.0,94.46,245.636,124.74056603773585,126273,53,2382.509433962264
2026-09-16 18:18:00,57,0.0,0.0,99.98,272.8059999999998,123.26350877192984,146736,57,2574.315789473684
2026-09-16 18:19:00,73,0.0,0.0,117.49,332.50999999999993,135.61109589041098,215046,73,2945.8356164383563
2026-09-16 18:20:00,57,0.0,0.0,100.06,293.4119999999997,119.10473684210527,140511,57,2465.1052631578946
2026-09-16 18:21:00,61,0.03278688524590164,0.0,96.73,306.21,131.05901639344262,180578,61,2960.2950819672133
2026-09-16 18:22:00,69,0.028985507246376812,0.014492753623188406,104.61,325.4299999999999,135.1889855072464,176713,69,2561.057971014493
2026-09-16 18:23:00,55,0.01818181818181818,0.0,115.32,348.31699999999995,137.87163636363636,161894,55,2943.5272727272727
2026-09-16 18:24:00,63,0.031746031746031744,0.015873015873015872,106.07,306.30799999999994,123.09412698412699,203560,63,3231.1111111111113
2026-09-16 18:25:00,61,0.03278688524590164,0.01639344262295082,136.32,355.04,153.6688524590164,197854,61,3243.5081967213114
2026-09-16 18:26:00,67,0.0,0.0,120.97,294.8719999999999,139.66328358208955,206335,67,3079.626865671642
2026-09-16 18:27:00,63,0.0,0.0,111.61,304.02599999999995,123.97920634920634,202168,63,3209.0158730158732
2026-09-16 18:28:00,40,0.025,0.025,122.125,258.1034999999998,124.6185,105773,40,2644.325
2026-09-16 18:29:00,57,0.017543859649122806,0.017543859649122806,119.67,355.64999999999964,146.42280701754387,194685,57,3415.5263157894738
2026-09-16 18:30:00,41,0.04878048780487805,0.0,120.91,305.99,147.7170731707317,101787,41,2482.609756097561
2026-09-16 18:31:00,70,0.014285714285714285,0.014285714285714285,110.515,243.31799999999996,119.231,207717,70,2967.385714285714
2026-09-16 18:32:00,66,0.045454545454545456,0.015151515151515152,110.295,397.7575,140.37303030303028,192396,66,2915.090909090909
2026-09-16 18:33:00,61,0.0,0.0,107.7,301.62,134.4355737704918,213866,61,3506.0
2026-09-16 18:34:00,67,0.029850746268656716,0.014925373134328358,114.88,360.8709999999999,161.6858208955224,166452,67,2484.3582089552237
2026-09-16 18:35:00,54,0.0,0.0,128.195,325.4324999999996,144.9496296296296,186203,54,3448.203703703704
2026-09-16 18:36:00,62,0.016129032258064516,0.0,117.52000000000001,316.82599999999985,143.09290322580645,171413,62,2764.7258064516127
2026-09-16 18:37:00,49,0.0,0.0,91.8,296.6599999999999,128.50938775510204,170602,49,3481.673469387755
2026-09-16 18:38:00,74,0.0,0.0,105.95,289.77599999999984,129.01175675675677,252315,74,3409.662162162162
2026-09-16 18:39:00,67,0.0,0.0,92.85,233.57299999999998,106.16432835820896,185267,67,2765.179104477612
2026-09-16 18:40:00,69,0.014492753623188406,0.0,134.22,284.14799999999997,149.42,184734,69,2677.304347826087
2026-09-16 18:41:00,42,0.0,0.0,97.92,275.7954999999998,122.11952380952383,116843,42,2781.9761904761904
2026-09-16 18:42:00,59,0.0,0.0,128.74,359.1419999999998,145.69677966101696,211212,59,3579.864406779661
2026-09-16 18:43:00,65,0.015384615384615385,0.0,109.74,366.8439999999997,136.0073846153846,205864,65,3167.1384615384613
2026-09-16 18:44:00,66,0.015151515151515152,0.0,90.405,207.315,103.81030303030302,202524,66,3068.5454545454545
2026-09-16 18:45:00,64,0.03125,0.015625,99.405,385.8719999999999,138.88890625,200478,64,3132.46875
2026-09-16 18:46:00,63,0.0,0.0,103.23,323.86199999999997,136.72333333333333,253062,63,4016.8571428571427
2026-09-16 18:47:00,41,0.0,0.0,132.8,334.83,136.43365853658537,106472,41,2596.878048780488
2026-09-16 18:48:00,56,0.017857142857142856,0.0,111.57,305.2725,132.22625,209731,56,3745.1964285714284
2026-09-16 18:49:00,62,0.0,0.0,106.32,310.7589999999999,142.45725806451614,184598,62,2977.3870967741937
2026-09-16 18:50:00,60,0.03333333333333333,0.0,140.64499999999998,313.33299999999997,153.4795,188256,60,3137.6
2026-09-16 18:51:00,54,0.0,0.0,108.095,267.30199999999996,130.65092592592592,161049,54,2982.3888888888887
2026-09-16 18:52:00,62,0.0,0.0,101.19,249.5985,123.80290322580645,183361,62,2957.435483870968
2026-09-16 18:53:00,67,0.014925373134328358,0.0,111.68,279.0129999999999,130.24776119402986,176080,67,2628.0597014925374
2026-09-16 18:54:00,68,0.014705882352941176,0.0,118.4,261.331,128.2595588235294,181118,68,2663.5
2026-09-16 18:55:00,68,0.014705882352941176,0.0,104.52000000000001,235.043,119.1335294117647,190922,68,2807.676470588235
2026-09-16 18:56:00,70,0.014285714285714285,0.014285714285714285,121.17,280.0124999999999,134.51657142857144,230783,70,3296.9
2026-09-16 18:57:00,64,0.015625,0.0,110.69,325.9649999999999,158.41890625,186671,64,2916.734375
2026-09-16 18:58:00,51,0.0196078431372549,0.0,112.23,253.87,121.4429411764706,165830,51,3251.5686274509803
2026-09-16 18:59:00,66,0.0,0.0,99.47,319.47249999999997,123.47924242424243,210353,66,3187.1666666666665
2026-09-16 19:00:00,40,0.0,0.0,106.28,332.04999999999995,135.83525,107294,40,2682.35
2026-09-16 19:01:00,67,0.0,0.0,118.29,351.20199999999977,151.26880597014926,200042,67,2985.7014925373132
2026-09-16 19:02:00,61,0.01639344262295082,0.0,101.76,254.94,128.20081967213116,198581,61,3255.4262295081967
2026-09-16 19:03:00,52,0.019230769230769232,0.019230769230769232,114.555,278.56599999999986,135.7401923076923,167776,52,3226.4615384615386
2026-09-16 19:04:00,38,0.02631578947368421,0.0,103.21000000000001,198.47999999999993,107.60473684210527,105865,38,2785.9210526315787
2026-09-16 19:05:00,57,0.0,0.0,114.51,320.28399999999993,144.52666666666667,178354,57,3129.0175438596493
2026-09-16 19:06:00,48,0.041666666666666664,0.020833333333333332,106.53999999999999,380.98449999999997,152.41354166666667,133564,48,2782.5833333333335
2026-09-16 19:07:00,57,0.0,0.0,91.07,262.252,117.21754385964911,179047,57,3141.1754385964914
2026-09-16 19:08:00,54,0.018518518518518517,0.0,115.375,221.52149999999997,121.65666666666667,155864,54,2886.3703703703704
2026-09-16 19:09:00,51,0.0196078431372549,0.0,107.77,404.94,146.9570588235294,190128,51,3728.0
2026-09-16 19:10:00,66,0.0,0.0,106.22,265.72749999999996,126.22409090909092,191068,66,2894.969696969697
2026-09-16 19:11:00,64,0.015625,0.0,120.865,264.0984999999999,131.06171875,200186,64,3127.90625
2026-09-16 19:12:00,50,0.0,0.0,99.945,371.80249999999967,143.55180000000001,143430,50,2868.6
2026-09-16 19:13:00,44,0.0,0.0,105.61,344.92250000000007,133.72272727272727,128062,44,2910.5
2026-09-16 19:14:00,66,0.0,0.0,96.49000000000001,222.9675,114.27681818181819,217130,66,3289.848484848485
2026-09-16 19:15:00,58,0.0,0.0,84.83000000000001,252.66099999999997,103.80362068965516,196926,57,3395.2758620689656
2026-09-16 19:16:00,43,0.0,0.0,112.31,239.723,123.56813953488373,126663,43,2945.6511627906975
2026-09-16 19:17:00,51,0.0,0.0,120.87,320.03499999999997,146.84176470588235,144089,51,2825.274509803922
2026-09-16 19:18:00,53,0.0,0.0,95.78,235.94799999999998,104.4756603773585,153425,53,2894.811320754717
2026-09-16 19:19:00,54,0.0,0.0,118.50999999999999,260.3084999999998,127.6024074074074,150537,54,2787.722222222222
2026-09-16 19:20:00,60,0.016666666666666666,0.016666666666666666,106.175,328.1389999999996,146.63549999999998,202953,60,3382.55
2026-09-16 19:21:00,61,0.01639344262295082,0.0,93.8,374.59,137.1255737704918,157698,61,2585.2131147540986
2026-09-16 19:22:00,56,0.0,0.0,94.295,241.6775,115.54428571428572,152211,56,2718.0535714285716
2026-09-16 19:23:00,51,0.0,0.0,122.8,288.155,134.13117647058823,146219,51,2867.0392156862745
2026-09-16 19:24:00,70,0.0,0.0,113.815,246.2625,121.984,235236,70,3360.5142857142855
2026-09-16 19:25:00,55,0.0,0.0,106.96,413.739,138.66181818181818,195607,55,3556.490909090909
2026-09-16 19:26:00,53,0.018867924528301886,0.0,114.54,231.50199999999998,126.50830188679247,187420,53,3536.2264150943397
2026-09-16 19:27:00,51,0.0,0.0,100.1,221.205,119.35509803921568,141888,51,2782.1176470588234
2026-09-16 19:28:00,49,0.0,0.0,96.67,240.356,120.32081632653062,167113,49,3410.469387755102
2026-09-16 19:29:00,54,0.018518518518518517,0.0,91.69,252.7899999999999,115.12092592592592,143987,54,2666.425925925926
2026-09-16 19:30:00,65,0.0,0.0,100.45,332.86999999999995,128.7506153846154,214177,65,3295.0307692307692
2026-09-16 19:31:00,51,0.0,0.0,114.87,341.19,140.9956862745098,138030,51,2706.470588235294
2026-09-16 19:32:00,58,0.017241379310344827,0.0,101.05,306.32949999999994,152.7051724137931,178059,58,3069.9827586206898
2026-09-16 19:33:00,60,0.0,0.0,128.525,338.31249999999994,144.36,210660,60,3511.0
2026-09-16 19:34:00,44,0.022727272727272728,0.0,102.905,281.322,125.81409090909091,142492,44,3238.4545454545455
2026-09-16 19:35:00,82,0.3902439024390244,0.34146341463414637,222.75,687.4295,269.9368292682927,156927,82,1913.7439024390244
2026-09-16 19:36:00,65,0.4,0.35384615384615387,218.13,913.2259999999999,307.7209230769231,119284,65,1835.1384615384616
2026-09-16 19:37:00,42,0.3333333333333333,0.23809523809523808,179.635,374.9514999999998,189.49380952380952,78593,42,1871.2619047619048
2026-09-16 19:38:00,60,0.43333333333333335,0.36666666666666664,215.845,570.5205,250.1265,109903,60,1831.7166666666667
2026-09-16 19:39:00,51,0.37254901960784315,0.3333333333333333,245.65,683.58,262.25098039215686,125549,51,2461.7450980392155
2026-09-16 19:40:00,66,0.3787878787878788,0.3484848484848485,169.64999999999998,570.1500000000001,248.37454545454548,139241,66,2109.712121212121
2026-09-16 19:41:00,61,0.36065573770491804,0.29508196721311475,202.87,742.0,258.79049180327866,106733,61,1749.72131147541
2026-09-16 19:42:00,49,0.3673469387755102,0.3469387755102041,189.75,478.91799999999995,220.08326530612246,107027,49,2184.2244897959185
2026-09-16 19:43:00,38,0.39473684210526316,0.34210526315789475,233.245,665.434,282.2542105263158,48316,38,1271.4736842105262
2026-09-16 19:44:00,41,0.36585365853658536,0.34146341463414637,232.28,624.8,265.1290243902439,105023,41,2561.5365853658536
2026-09-16 19:45:00,65,0.38461538461538464,0.3384615384615385,198.76,660.0199999999999,247.0996923076923,129045,65,1985.3076923076924
2026-09-16 19:46:00,55,0.38181818181818183,0.38181818181818183,252.01,583.1709999999998,288.5189090909091,121996,55,2218.109090909091
2026-09-16 19:47:00,46,0.021739130434782608,0.0,100.47999999999999,292.1675,118.16630434782608,136254,46,2962.0434782608695
2026-09-16 19:48:00,44,0.022727272727272728,0.022727272727272728,124.185,422.75100000000003,159.09431818181818,125511,44,2852.5227272727275
2026-09-16 19:49:00,51,0.0196078431372549,0.0,104.31,219.875,111.35313725490197,158905,51,3115.7843137254904
2026-09-16 19:50:00,59,0.0,0.0,113.79,287.71,138.1606779661017,169923,59,2880.0508474576272
2026-09-16 19:51:00,63,0.015873015873015872,0.0,112.51,267.89899999999994,125.51190476190476,172903,63,2744.4920634920636
2026-09-16 19:52:00,59,0.0,0.0,93.62,225.54799999999992,110.30677966101696,179021,59,3034.2542372881358
2026-09-16 19:53:00,56,0.0,0.0,124.08500000000001,241.29,128.79285714285714,191641,56,3422.160714285714
2026-09-16 19:54:00,49,0.04081632653061224,0.02040816326530612,108.63,294.59799999999973,117.51122448979592,162056,49,3307.265306122449
2026-09-16 19:55:00,49,0.02040816326530612,0.0,100.12,279.3659999999997,124.53122448979592,138782,49,2832.285714285714
2026-09-16 19:56:00,62,0.016129032258064516,0.016129032258064516,121.305,341.50149999999996,144.07564516129034,185258,61,2988.032258064516
2026-09-16 19:57:00,43,0.023255813953488372,0.0,106.08,223.70499999999998,118.07744186046511,108808,43,2530.4186046511627
2026-09-16 19:58:00,60,0.016666666666666666,0.0,128.815,354.11949999999996,147.0445,171475,60,2857.9166666666665
2026-09-16 19:59:00,46,0.0,0.0,106.365,238.0525,119.54086956521739,172799,46,3756.5
2026-09-16 20:00:00,42,0.047619047619047616,0.023809523809523808,104.62,355.88649999999967,135.81285714285715,145297,42,3459.4523809523807
2026-09-16 20:01:00,46,0.0,0.0,102.28999999999999,325.3325,134.49913043478261,148270,46,3223.2608695652175
2026-09-16 20:02:00,41,0.024390243902439025,0.024390243902439025,127.24,376.23,153.2051219512195,121252,41,2957.3658536585367
2026-09-16 20:03:00,48,0.0,0.0,121.205,431.9999999999999,151.96520833333332,156975,48,3270.3125
2026-09-16 20:04:00,72,0.027777777777777776,0.0,108.49,270.026,127.46541666666667,204084,72,2834.5
2026-09-16 20:05:00,62,0.016129032258064516,0.0,98.83,332.51699999999994,123.94516129032259,192057,62,3097.6935483870966
2026-09-16 20:06:00,50,0.0,0.0,102.465,218.1135,118.74340000000001,182367,50,3647.34
2026-09-16 20:07:00,57,0.0,0.0,119.33,329.1559999999995,131.7082456140351,172223,57,3021.4561403508774
2026-09-16 20:08:00,46,0.0,0.0,97.95,280.70500000000004,118.68086956521738,117431,46,2552.8478260869565
2026-09-16 20:09:00,46,0.043478260869565216,0.021739130434782608,143.285,369.7525,162.85347826086957,121365,46,2638.3695652173915
2026-09-16 20:10:00,58,0.0,0.0,130.45499999999998,258.067,129.49137931034483,153765,58,2651.1206896551726
2026-09-16 20:11:00,61,0.0,0.0,85.72,259.52,116.58147540983607,211207,61,3462.409836065574
2026-09-16 20:12:00,55,0.0,0.0,81.71,232.35199999999998,99.71018181818182,169686,55,3085.2
2026-09-16 20:13:00,45,0.044444444444444446,0.044444444444444446,96.64,223.41799999999998,114.34222222222222,129036,45,2867.4666666666667
2026-09-16 20:14:00,50,0.02,0.0,110.965,229.50699999999992,120.2166,120772,50,2415.44
2026-09-16 20:15:00,61,0.0,0.0,122.98,265.03,145.61573770491802,164347,61,2694.2131147540986
2026-09-16 20:16:00,50,0.0,0.0,113.33,256.3775,128.7166,136852,50,2737.04
2026-09-16 20:17:00,59,0.01694915254237288,0.0,109.58,336.479,138.5220338983051,159109,59,2696.762711864407
2026-09-16 20:18:00,42,0.0,0.0,130.965,366.36299999999994,155.42333333333332,123681,42,2944.785714285714
2026-09-16 20:19:00,51,0.0,0.0,120.11,302.33500000000004,134.61470588235295,145352,51,2850.0392156862745
2026-09-16 20:20:00,53,0.018867924528301886,0.018867924528301886,125.55,320.13599999999997,136.15358490566038,145020,53,2736.2264150943397
2026-09-16 20:21:00,47,0.0,0.0,113.52,300.988,134.1663829787234,117027,47,2489.936170212766
2026-09-16 20:22:00,56,0.0,0.0,112.71000000000001,300.24,135.2825,167810,56,2996.6071428571427
2026-09-16 20:23:00,61,0.0,0.0,109.54,210.29,121.2095081967213,227631,61,3731.655737704918
2026-09-16 20:24:00,55,0.0,0.0,129.83,452.42699999999985,166.55654545454547,165080,55,3001.4545454545455
2026-09-16 20:25:00,47,0.02127659574468085,0.02127659574468085,117.89,402.2969999999997,142.6336170212766,125987,47,2680.574468085106
2026-09-16 20:26:00,45,0.0,0.0,104.05,316.9139999999998,126.9691111111111,135469,45,3010.4222222222224
2026-09-16 20:27:00,39,0.0,0.0,133.39,256.87000000000006,152.29641025641024,139382,39,3573.897435897436
2026-09-16 20:28:00,54,0.0,0.0,101.9,260.235,119.9962962962963,192882,54,3571.8888888888887
2026-09-16 20:29:00,39,0.0,0.0,100.91,360.99200000000013,148.85897435897436,166310,39,4264.358974358975
2026-09-16 20:30:00,48,0.0,0.0,110.805,321.03999999999996,131.70916666666668,144774,48,3016.125
2026-09-16 20:31:00,47,0.0,0.0,118.46,273.03599999999983,143.83212765957447,158234,47,3366.68085106383
2026-09-16 20:32:00,49,0.0,0.0,117.95,284.4359999999996,129.59775510204082,162145,49,3309.081632653061
2026-09-16 20:33:00,53,0.018867924528301886,0.0,103.22,224.66999999999996,113.69245283018867,159302,53,3005.698113207547
2026-09-16 20:34:00,37,0.02702702702702703,0.0,110.03,343.37599999999895,147.28405405405405,122392,37,3307.891891891892
2026-09-16 20:35:00,40,0.0,0.0,95.99000000000001,225.92699999999994,104.8305,104651,40,2616.275
2026-09-16 20:36:00,48,0.020833333333333332,0.0,122.20500000000001,317.86649999999986,136.53,137074,48,2855.7083333333335
2026-09-16 20:37:00,50,0.04,0.0,108.86,252.00299999999996,114.39020000000001,138610,49,2772.2
2026-09-16 20:38:00,45,0.0,0.0,109.14,281.15399999999994,129.56933333333333,131275,45,2917.222222222222
2026-09-16 20:39:00,42,0.0,0.0,102.08500000000001,276.8684999999999,123.69738095238095,99293,41,2364.1190476190477
2026-09-16 20:40:00,42,0.0,0.0,132.25,290.30999999999995,151.09857142857143,113454,42,2701.285714285714
2026-09-16 20:41:00,48,0.020833333333333332,0.0,104.91499999999999,206.6435,128.723125,183729,48,3827.6875
2026-09-16 20:42:00,40,0.0,0.0,133.325,393.0994999999999,173.58975,111574,40,2789.35
2026-09-16 20:43:00,51,0.0,0.0,121.6,410.02,167.978431372549,147992,51,2901.8039215686276
2026-09-16 20:44:00,48,0.0,0.0,93.03999999999999,282.9675,119.19375000000001,134704,48,2806.3333333333335
2026-09-16 20:45:00,47,0.0,0.0,107.8,305.828,118.51659574468084,150544,47,3203.063829787234
2026-09-16 20:46:00,42,0.023809523809523808,0.0,119.345,310.4209999999998,145.29880952380952,118778,42,2828.0476190476193
2026-09-16 20:47:00,52,0.019230769230769232,0.019230769230769232,118.145,331.1009999999999,142.29115384615386,125688,52,2417.076923076923
2026-09-16 20:48:00,44,0.0,0.0,99.5,299.7540000000001,122.35750000000002,126662,44,2878.681818181818
2026-09-16 20:49:00,55,0.0,0.0,117.56,278.6499999999999,132.63963636363636,150365,55,2733.909090909091
2026-09-16 20:50:00,56,0.0,0.0,117.45,366.9325,147.92392857142858,167237,55,2986.375
2026-09-16 20:51:00,67,0.029850746268656716,0.014925373134328358,101.19,397.2699999999994,140.34731343283582,202093,67,3016.313432835821
2026-09-16 20:52:00,57,0.017543859649122806,0.017543859649122806,114.7,315.90199999999993,137.81070175438597,179862,57,3155.4736842105262
2026-09-16 20:53:00,43,0.046511627906976744,0.023255813953488372,119.35,317.25699999999995,139.86488372093024,129780,43,3018.139534883721
2026-09-16 20:54:00,47,0.02127659574468085,0.0,103.3,327.56199999999995,134.96468085106383,115511,47,2457.68085106383
2026-09-16 20:55:00,51,0.0,0.0,100.66,365.94,139.1050980392157,155967,51,3058.176470588235
2026-09-16 20:56:00,53,0.03773584905660377,0.0,112.89,317.4419999999999,131.12867924528302,139044,53,2623.4716981132074
2026-09-16 20:57:00,45,0.0,0.0,111.24,256.8499999999999,124.37422222222223,140298,45,3117.733333333333
2026-09-16 20:58:00,40,0.025,0.0,109.67500000000001,319.32049999999964,132.24375,152171,40,3804.275
2026-09-16 20:59:00,52,0.019230769230769232,0.0,82.475,256.3984999999998,111.15711538461538,170025,52,3269.7115384615386
2026-09-16 21:00:00,47,0.0425531914893617,0.0425531914893617,140.58,389.9009999999999,159.63936170212767,124233,47,2643.255319148936
2026-09-16 21:01:00,57,0.03508771929824561,0.017543859649122806,88.45,303.662,119.86631578947369,173543,57,3044.6140350877195
2026-09-16 21:02:00,45,0.0,0.0,101.26,301.31,121.01844444444444,151868,45,3374.8444444444444
2026-09-16 21:03:00,47,0.0,0.0,90.84,313.59899999999925,116.40212765957448,131360,47,2794.8936170212764
2026-09-16 21:04:00,51,0.0392156862745098,0.0,108.08,284.08000000000004,127.70196078431373,163824,51,3212.235294117647
2026-09-16 21:05:00,46,0.0,0.0,112.535,261.2625,120.27565217391304,130674,46,2840.7391304347825
2026-09-16 21:06:00,45,0.022222222222222223,0.0,132.45,339.29999999999995,152.99022222222223,106934,45,2376.311111111111
2026-09-16 21:07:00,40,0.025,0.025,98.47,270.2514999999999,128.5315,111066,40,2776.65
2026-09-16 21:08:00,48,0.0,0.0,137.335,272.42199999999997,140.819375,127984,48,2666.3333333333335
2026-09-16 21:09:00,42,0.0,0.0,80.625,271.127,112.78190476190477,107677,42,2563.7380952380954
2026-09-16 21:10:00,45,0.0,0.0,152.99,282.68199999999996,149.9508888888889,184599,45,4102.2
2026-09-16 21:11:00,50,0.02,0.0,118.37,326.5789999999999,140.8634,151374,50,3027.48
2026-09-16 21:12:00,46,0.0,0.0,102.425,290.14750000000004,127.7986956521739,142069,46,3088.4565217391305
2026-09-16 21:13:00,48,0.0,0.0,105.9,225.97299999999998,117.35791666666667,121941,48,2540.4375
2026-09-16 21:14:00,45,0.044444444444444446,0.022222222222222223,126.57,251.28599999999994,129.01288888888888,150338,45,3340.8444444444444
2026-09-16 21:15:00,34,0.029411764705882353,0.029411764705882353,80.71,324.5869999999998,113.64323529411764,109712,34,3226.823529411765
2026-09-16 21:16:00,30,0.06666666666666667,0.03333333333333333,118.16999999999999,279.80899999999997,132.647,60095,30,2003.1666666666667
2026-09-16 21:17:00,40,0.075,0.025,122.515,241.47749999999996,129.6285,144807,40,3620.175
2026-09-16 21:18:00,53,0.018867924528301886,0.0,96.23,267.5419999999999,122.87905660377359,183911,53,3470.0188679245284
2026-09-16 21:19:00,41,0.0,0.0,112.85,301.7,125.54121951219511,130485,41,3182.560975609756
2026-09-16 21:20:00,50,0.02,0.0,114.59,220.2335,118.4774,148019,50,2960.38
2026-09-16 21:21:00,48,0.020833333333333332,0.0,117.94,262.1015,132.24979166666665,137740,48,2869.5833333333335
2026-09-16 21:22:00,41,0.0,0.0,104.34,256.97,127.96146341463415,133053,41,3245.1951219512193
2026-09-16 21:23:00,59,0.0,0.0,123.0,367.0369999999999,146.45813559322036,198117,59,3357.915254237288
2026-09-16 21:24:00,42,0.0,0.0,122.75,394.1024999999999,163.4209523809524,118402,42,2819.095238095238
2026-09-16 21:25:00,49,0.0,0.0,115.73,290.83199999999994,135.97897959183675,149465,48,3050.3061224489797
2026-09-16 21:26:00,50,0.02,0.0,115.815,264.08549999999997,137.342,144885,50,2897.7
2026-09-16 21:27:00,38,0.02631578947368421,0.0,102.015,347.882,123.49815789473685,111804,38,2942.2105263157896
2026-09-16 21:28:00,45,0.022222222222222223,0.0,89.48,248.80999999999997,107.8597777777778,132026,45,2933.911111111111
2026-09-16 21:29:00,37,0.05405405405405406,0.0,118.78,349.756,139.88945945945946,117209,37,3167.810810810811
2026-09-16 21:30:00,36,0.0,0.0,118.80000000000001,315.73249999999996,146.34194444444447,103960,36,2887.777777777778
2026-09-16 21:31:00,57,0.0,0.0,107.9,282.774,122.60368421052631,185595,57,3256.0526315789475
2026-09-16 21:32:00,61,0.03278688524590164,0.0,123.02,345.11,145.2149180327869,151272,61,2479.8688524590166
2026-09-16 21:33:00,36,0.027777777777777776,0.027777777777777776,108.095,268.8725,119.06722222222223,109772,36,3049.222222222222
2026-09-16 21:34:00,45,0.0,0.0,124.8,323.826,139.44066666666666,122700,45,2726.6666666666665
2026-09-16 21:35:00,48,0.0,0.0,95.185,272.15549999999996,125.42625,116569,48,2428.5208333333335
2026-09-16 21:36:00,43,0.023255813953488372,0.023255813953488372,102.34,295.18499999999995,120.61302325581394,134302,43,3123.3023255813955
2026-09-16 21:37:00,43,0.0,0.0,116.79,317.96999999999986,125.02837209302326,116593,43,2711.4651162790697
2026-09-16 21:38:00,44,0.0,0.0,131.015,353.279,157.61431818181816,161625,44,3673.2954545454545
2026-09-16 21:39:00,32,0.0,0.0,96.11,285.0815,126.9184375,84858,32,2651.8125
2026-09-16 21:40:00,48,0.0,0.0,121.38,342.8504999999999,142.80041666666668,197332,48,4111.083333333333
2026-09-16 21:41:00,34,0.0,0.0,112.69,314.32149999999956,129.17117647058822,90796,34,2670.470588235294
2026-09-16 21:42:00,37,0.0,0.0,112.13,239.9879999999999,126.80756756756757,109858,37,2969.135135135135
2026-09-16 21:43:00,39,0.02564102564102564,0.0,117.91,204.27,125.51230769230769,110519,39,2833.8205128205127
2026-09-16 21:44:00,32,0.0,0.0,121.59,276.4245,132.4290625,98726,32,3085.1875
2026-09-16 21:45:00,36,0.0,0.0,116.85499999999999,308.5575,141.33749999999998,114529,36,3181.3611111111113
2026-09-16 21:46:00,31,0.0,0.0,95.68,318.90999999999997,132.9232258064516,88032,31,2839.7419354838707
2026-09-16 21:47:00,42,0.0,0.0,106.67500000000001,229.77700000000002,127.59238095238095,147291,41,3506.9285714285716
2026-09-16 21:48:00,42,0.0,0.0,102.055,264.25749999999994,110.02047619047619,113065,42,2692.0238095238096
2026-09-16 21:49:00,42,0.023809523809523808,0.023809523809523808,94.78,400.1344999999998,137.7240476190476,123629,42,2943.5476190476193
2026-09-16 21:50:00,34,0.0,0.0,114.15,264.2594999999999,129.3614705882353,105646,34,3107.235294117647
2026-09-16 21:51:00,32,0.0,0.0,107.38,326.34049999999996,145.4615625,91884,32,2871.375
2026-09-16 21:52:00,42,0.0,0.0,128.245,261.89699999999993,134.03357142857143,111726,42,2660.1428571428573
2026-09-16 21:53:00,34,0.029411764705882353,0.029411764705882353,98.44999999999999,230.7019999999999,108.61058823529413,85317,34,2509.323529411765
2026-09-16 21:54:00,34,0.0,0.0,89.56,260.98449999999985,106.55911764705883,113033,34,3324.5
2026-09-16 21:55:00,27,0.0,0.0,140.13,565.4739999999999,199.63666666666666,80383,27,2977.1481481481483
2026-09-16 21:56:00,47,0.0,0.0,97.5,270.426,120.35957446808511,148861,47,3167.255319148936
2026-09-16 21:57:00,34,0.0,0.0,112.535,403.77199999999993,158.78970588235296,117744,34,3463.0588235294117
2026-09-16 21:58:00,43,0.0,0.0,123.96,260.167,143.40697674418604,132116,43,3072.4651162790697
2026-09-16 21:59:00,53,0.0,0.0,137.37,344.58599999999996,165.0711320754717,144925,53,2734.433962264151
2026-09-16 22:00:00,30,0.03333333333333333,0.0,123.215,215.289,123.97133333333333,101568,30,3385.6
2026-09-16 22:01:00,16,0.0,0.0,90.80000000000001,212.3125,108.3475,53286,16,3330.375
2026-09-16 22:02:00,46,0.0,0.0,133.745,284.475,142.86173913043478,166521,46,3620.021739130435
2026-09-16 22:03:00,48,0.0,0.0,105.515,233.4745,120.22666666666667,151368,48,3153.5
2026-09-16 22:04:00,34,0.0,0.0,115.055,271.6294999999999,134.87235294117647,117033,34,3442.1470588235293
2026-09-16 22:05:00,29,0.0,0.0,86.68,352.0259999999999,124.17827586206897,87012,29,3000.4137931034484
2026-09-16 22:06:00,28,0.0,0.0,86.64,272.918,119.86428571428571,94267,28,3366.6785714285716
2026-09-16 22:07:00,59,0.01694915254237288,0.0,99.19,295.5359999999995,123.05762711864406,185596,59,3145.6949152542375
2026-09-16 22:08:00,42,0.0,0.0,124.78,208.9335,132.2254761904762,113471,42,2701.690476190476
2026-09-16 22:09:00,37,0.02702702702702703,0.0,115.15,330.72799999999995,136.11513513513515,134744,37,3641.7297297297296
2026-09-16 22:10:00,30,0.0,0.0,108.185,265.15349999999995,121.998,79533,30,2651.1
2026-09-16 22:11:00,38,0.02631578947368421,0.0,114.08,296.73899999999986,137.20026315789474,173894,38,4576.1578947368425
2026-09-16 22:12:00,44,0.045454545454545456,0.0,121.43,384.67600000000004,173.32863636363638,124693,44,2833.931818181818
2026-09-16 22:13:00,39,0.0,0.0,101.57,293.3810000000001,128.82846153846154,101949,39,2614.076923076923
2026-09-16 22:14:00,32,0.0,0.0,113.19999999999999,249.14149999999998,117.5278125,88014,32,2750.4375
2026-09-16 22:15:00,52,0.0,0.0,130.45,279.6144999999999,136.97692307692307,122451,52,2354.826923076923
2026-09-16 22:16:00,31,0.03225806451612903,0.03225806451612903,115.54,325.55,139.38709677419354,97632,31,3149.4193548387098
2026-09-16 22:17:00,29,0.10344827586206896,0.0,106.1,295.6919999999999,132.68758620689655,99873,29,3443.896551724138
2026-09-16 22:18:00,37,0.0,0.0,120.51,299.012,141.4,125839,37,3401.054054054054
2026-09-16 22:19:00,35,0.02857142857142857,0.0,110.47,241.77499999999984,128.54,108730,35,3106.5714285714284
2026-09-16 22:20:00,45,0.0,0.0,118.37,336.49199999999985,149.83444444444444,133750,45,2972.222222222222
2026-09-16 22:21:00,40,0.025,0.0,121.03,263.6449999999999,128.53900000000002,126347,39,3158.675
2026-09-16 22:22:00,36,0.0,0.0,95.25,272.7725,116.63666666666667,116862,36,3246.1666666666665
2026-09-16 22:23:00,21,0.0,0.0,119.29,226.04,115.91904761904763,56886,21,2708.8571428571427
2026-09-16 22:24:00,33,0.0,0.0,111.39,213.84799999999996,124.22363636363637,105470,33,3196.060606060606
2026-09-16 22:25:00,29,0.034482758620689655,0.0,117.98,279.508,124.01206896551724,84134,29,2901.1724137931033
2026-09-16 22:26:00,34,0.0,0.0,127.74,297.63099999999986,132.97411764705882,85334,34,2509.823529411765
2026-09-16 22:27:00,37,0.02702702702702703,0.0,115.04,262.68599999999986,135.0716216216216,82611,37,2232.7297297297296
2026-09-16 22:28:00,29,0.0,0.0,113.73,239.3299999999999,128.73793103448276,90769,29,3129.9655172413795
2026-09-16 22:29:00,36,0.0,0.0,89.05000000000001,214.70250000000001,109.59750000000001,154447,36,4290.194444444444
2026-09-16 22:30:00,37,0.0,0.0,108.72,288.14799999999957,140.86594594594595,123641,37,3341.6486486486488
2026-09-16 22:31:00,34,0.0,0.0,128.065,333.95249999999993,151.99264705882354,128992,34,3793.8823529411766
2026-09-16 22:32:00,33,0.0,0.0,107.3,350.2479999999998,143.96545454545455,96951,33,2937.909090909091
2026-09-16 22:33:00,45,0.0,0.0,121.45,341.0499999999997,144.03222222222223,162729,45,3616.2
2026-09-16 22:34:00,31,0.0,0.0,98.52,442.73,146.46548387096774,89917,31,2900.548387096774
2026-09-16 22:35:00,30,0.0,0.0,101.355,218.4249999999999,121.11933333333333,114021,30,3800.7
2026-09-16 22:36:00,32,0.0,0.0,98.86,233.9015,117.2684375,90841,32,2838.78125
2026-09-16 22:37:00,37,0.0,0.0,89.6,282.32399999999996,114.53972972972974,100348,37,2712.108108108108
2026-09-16 22:38:00,30,0.0,0.0,105.47,226.66649999999998,118.56433333333332,85415,30,2847.1666666666665
2026-09-16 22:39:00,35,0.0,0.0,84.3,253.01799999999972,111.67057142857144,94452,35,2698.6285714285714
2026-09-16 22:40:00,37,0.0,0.0,99.51,269.8999999999997,129.51648648648649,99234,37,2682.0
2026-09-16 22:41:00,31,0.0,0.0,90.82,370.605,130.82612903225808,113633,31,3665.5806451612902
2026-09-16 22:42:00,36,0.027777777777777776,0.027777777777777776,91.935,264.3675,119.8586111111111,102539,36,2848.3055555555557
2026-09-16 22:43:00,24,0.0,0.0,115.07499999999999,244.60099999999997,142.28708333333333,56449,24,2352.0416666666665
2026-09-16 22:44:00,37,0.0,0.0,139.27,272.6739999999999,149.6418918918919,100090,37,2705.135135135135
2026-09-16 22:45:00,28,0.0,0.0,112.105,262.167,134.6732142857143,87957,28,3141.3214285714284
2026-09-16 22:46:00,44,0.022727272727272728,0.0,86.0,206.3025,114.89295454545454,131392,44,2986.181818181818
2026-09-16 22:47:00,45,0.0,0.0,117.33,258.7419999999999,131.60044444444443,181356,45,4030.133333333333
2026-09-16 22:48:00,35,0.0,0.0,96.48,207.46699999999987,102.94457142857142,94113,35,2688.942857142857
2026-09-16 22:49:00,31,0.0,0.0,127.63,275.96500000000003,133.95129032258063,111052,31,3582.3225806451615
2026-09-16 22:50:00,31,0.0,0.0,123.58,272.81,142.99129032258062,97307,31,3138.935483870968
2026-09-16 22:51:00,37,0.0,0.0,104.08,216.0359999999998,119.76432432432432,108251,37,2925.7027027027025
2026-09-16 22:52:00,31,0.0,0.0,90.76,193.35500000000002,94.70064516129031,87857,31,2834.0967741935483
2026-09-16 22:53:00,29,0.0,0.0,111.59,350.1699999999996,152.27758620689656,81700,29,2817.2413793103447
2026-09-16 22:54:00,37,0.0,0.0,96.12,328.5379999999998,121.85108108108108,133368,37,3604.5405405405404
2026-09-16 22:55:00,33,0.0,0.0,131.25,325.26399999999995,151.89636363636365,99898,33,3027.212121212121
2026-09-16 22:56:00,34,0.029411764705882353,0.0,97.34,230.28649999999996,115.58617647058823,86944,34,2557.176470588235
2026-09-16 22:57:00,38,0.0,0.0,98.31,252.06099999999992,129.06947368421052,101953,38,2682.9736842105262
2026-09-16 22:58:00,22,0.0,0.0,103.015,391.55399999999986,125.91272727272727,46866,22,2130.2727272727275
2026-09-16 22:59:00,23,0.0,0.0,75.1,291.046,123.56652173913044,71510,23,3109.1304347826085
2026-09-16 23:00:00,26,0.0,0.0,90.515,200.54999999999998,101.88000000000001,113095,26,4349.807692307692
2026-09-16 23:01:00,25,0.0,0.0,128.3,365.56199999999967,148.3888,77505,25,3100.2
2026-09-16 23:02:00,30,0.03333333333333333,0.0,100.27,260.8979999999999,122.13366666666666,100004,30,3333.4666666666667
2026-09-16 23:03:00,30,0.03333333333333333,0.0,117.525,257.28699999999986,124.92733333333334,80624,30,2687.4666666666667
2026-09-16 23:04:00,29,0.0,0.0,108.2,342.02599999999995,153.66724137931035,78239,29,2697.896551724138
2026-09-16 23:05:00,31,0.03225806451612903,0.0,95.35,257.77,112.88129032258064,96487,31,3112.483870967742
2026-09-16 23:06:00,32,0.0,0.0,112.77000000000001,257.495,138.008125,78150,32,2442.1875
2026-09-16 23:07:00,25,0.0,0.0,116.51,324.45799999999997,130.1852,67052,25,2682.08
2026-09-16 23:08:00,27,0.0,0.0,123.61,299.549,144.13074074074072,85437,27,3164.3333333333335
2026-09-16 23:09:00,29,0.0,0.0,107.14,250.31799999999996,129.68689655172415,98775,29,3406.0344827586205
2026-09-16 23:10:00,29,0.0,0.0,103.66,240.07199999999997,124.55379310344827,83404,29,2876.0
2026-09-16 23:11:00,21,0.047619047619047616,0.0,130.79,466.73,177.62238095238095,66059,21,3145.6666666666665
2026-09-16 23:12:00,18,0.0,0.0,132.775,385.67799999999994,168.46944444444443,59581,18,3310.0555555555557
2026-09-16 23:13:00,29,0.0,0.0,97.2,329.2819999999999,141.43793103448274,97074,29,3347.3793103448274
2026-09-16 23:14:00,26,0.0,0.0,105.12,220.715,113.69384615384615,74027,26,2847.1923076923076
2026-09-16 23:15:00,29,0.034482758620689655,0.0,81.18,193.3779999999999,94.63448275862069,114660,29,3953.793103448276
2026-09-16 23:16:00,32,0.0,0.0,110.095,286.29349999999994,128.3290625,101444,32,3170.125
2026-09-16 23:17:00,20,0.0,0.0,69.025,169.8500000000002,88.418,63861,20,3193.05
2026-09-16 23:18:00,24,0.08333333333333333,0.0,113.93,348.54499999999985,134.80625,69972,24,2915.5
2026-09-16 23:19:00,23,0.0,0.0,117.45,178.025,112.32000000000001,63739,23,2771.2608695652175
2026-09-16 23:20:00,31,0.0,0.0,99.23,296.70500000000004,127.28451612903227,94271,31,3041.0
2026-09-16 23:21:00,28,0.0,0.0,75.125,412.3059999999997,122.0992857142857,72140,28,2576.4285714285716
2026-09-16 23:22:00,26,0.0,0.0,111.39500000000001,314.5025,154.26153846153846,72332,26,2782.0
2026-09-16 23:23:00,34,0.0,0.0,106.41,268.6519999999999,125.45235294117647,77988,34,2293.764705882353
2026-09-16 23:24:00,28,0.03571428571428571,0.0,106.405,297.3805,143.98607142857142,71824,28,2565.1428571428573
2026-09-16 23:25:00,23,0.0,0.0,122.34,385.8989999999998,158.1708695652174,44858,23,1950.3478260869565
2026-09-16 23:26:00,27,0.0,0.0,109.5,287.41499999999996,128.53037037037038,72990,27,2703.3333333333335
2026-09-16 23:27:00,39,0.0,0.0,107.19,267.2730000000001,143.11564102564103,148700,39,3812.8205128205127
2026-09-16 23:28:00,34,0.0,0.0,103.94,356.32849999999996,131.07529411764705,101673,34,2990.3823529411766
2026-09-16 23:29:00,17,0.0,0.0,100.09,272.87599999999975,134.8664705882353,54292,17,3193.6470588235293
2026-09-16 23:30:00,26,0.038461538461538464,0.0,121.465,331.38,141.72846153846154,94325,26,3627.8846153846152
2026-09-16 23:31:00,30,0.0,0.0,127.56,358.4474999999996,157.95266666666666,78801,30,2626.7
2026-09-16 23:32:00,30,0.0,0.0,112.66499999999999,284.1049999999998,130.76733333333334,92204,30,3073.4666666666667
2026-09-16 23:33:00,25,0.0,0.0,115.07,329.09199999999987,146.7776,72428,25,2897.12
2026-09-16 23:34:00,42,0.023809523809523808,0.0,123.605,314.42949999999996,151.78214285714287,118264,42,2815.809523809524
2026-09-16 23:35:00,25,0.0,0.0,162.25,354.16599999999994,184.1032,91381,25,3655.24
2026-09-16 23:36:00,37,0.0,0.0,117.55,285.5699999999999,124.74513513513513,92483,37,2499.5405405405404
2026-09-16 23:37:00,28,0.0,0.0,84.625,336.7354999999998,140.16285714285715,81098,28,2896.3571428571427
2026-09-16 23:38:00,39,0.0,0.0,87.58,240.39300000000006,106.87153846153845,130354,39,3342.4102564102564
2026-09-16 23:39:00,19,0.0,0.0,95.19,235.5309999999999,113.73736842105264,71185,19,3746.5789473684213
2026-09-16 23:40:00,36,0.0,0.0,117.5,303.64,135.0961111111111,139035,36,3862.0833333333335
2026-09-16 23:41:00,26,0.038461538461538464,0.0,96.66999999999999,195.425,110.265,90570,26,3483.4615384615386
2026-09-16 23:42:00,25,0.0,0.0,106.44,212.41799999999998,123.2752,78502,25,3140.08
2026-09-16 23:43:00,36,0.0,0.0,137.49,338.1325,152.33499999999998,113353,36,3148.6944444444443
2026-09-16 23:44:00,20,0.05,0.0,91.78999999999999,264.41000000000014,123.273,62852,20,3142.6
2026-09-16 23:45:00,24,0.08333333333333333,0.0,85.055,446.56350000000003,147.99166666666667,70442,23,2935.0833333333335
2026-09-16 23:46:00,23,0.0,0.0,109.11,355.5609999999998,146.77652173913043,73117,23,3179.0
2026-09-16 23:47:00,33,0.030303030303030304,0.0,115.67,228.15599999999992,116.5990909090909,93517,33,2833.848484848485
2026-09-16 23:48:00,22,0.0,0.0,102.305,215.22,123.60954545454545,63917,22,2905.318181818182
2026-09-16 23:49:00,19,0.0,0.0,130.29,346.8839999999995,126.07315789473684,85222,19,4485.368421052632
2026-09-16 23:50:00,30,0.0,0.0,82.755,294.5144999999998,109.12100000000001,124522,30,4150.733333333334
2026-09-16 23:51:00,24,0.0,0.0,132.77499999999998,385.6399999999999,165.8575,71498,24,2979.0833333333335
2026-09-16 23:52:00,35,0.0,0.0,117.24,314.41199999999975,144.20342857142856,92504,35,2642.9714285714285
2026-09-16 23:53:00,21,0.0,0.0,99.63,208.62,109.62095238095237,82558,21,3931.3333333333335
2026-09-16 23:54:00,24,0.0,0.0,99.75999999999999,254.73649999999995,106.1225,76881,24,3203.375
2026-09-16 23:55:00,28,0.0,0.0,113.33,316.1444999999998,131.84892857142856,66180,28,2363.5714285714284
2026-09-16 23:56:00,29,0.0,0.0,100.43,234.59799999999996,108.10241379310344,74869,29,2581.689655172414
2026-09-16 23:57:00,26,0.0,0.0,96.5,251.675,107.04038461538462,77484,26,2980.153846153846
2026-09-16 23:58:00,25,0.0,0.0,113.02,283.92999999999984,138.8312,77232,25,3089.28
2026-09-16 23:59:00,29,0.0,0.0,124.95,273.302,141.21,87383,29,3013.206896551724
