minute,robust_score,robust_flag,iforest_score,iforest_flag
2026-09-14 00:00:00,0.0,0,0.3730618869500111,0
2026-09-14 00:01:00,0.0,0,0.43400435972653467,0
2026-09-14 00:02:00,0.0,0,0.42183521100985333,0
2026-09-14 00:03:00,0.0,0,0.43824468244751147,0
2026-09-14 00:04:00,0.0,0,0.4615081776798281,0
2026-09-14 00:05:00,0.0,0,0.35922943874542484,0
2026-09-14 00:06:00,0.0,0,0.4198190685453069,0
2026-09-14 00:07:00,0.0,0,0.4627953975331278,0
2026-09-14 00:08:00,0.0,0,0.39587469522069396,0
2026-09-14 00:09:00,0.0,0,0.3493926943688004,0
2026-09-14 00:10:00,0.0,0,0.3671725971684887,0
2026-09-14 00:11:00,0.0,0,0.392601840894839,0
2026-09-14 00:12:00,0.0,0,0.4108385071841821,0
2026-09-14 00:13:00,0.0,0,0.4141195713259464,0
2026-09-14 00:14:00,0.0,0,0.3507030832609247,0
2026-09-14 00:15:00,0.0,0,0.3864241416450451,0
2026-09-14 00:16:00,0.0,0,0.3712944953335008,0
2026-09-14 00:17:00,0.0,0,0.4646933290003483,0
2026-09-14 00:18:00,0.0,0,0.3966738179831429,0
2026-09-14 00:19:00,0.0,0,0.3567646735867496,0
2026-09-14 00:20:00,0.0,0,0.37071503377005205,0
2026-09-14 00:21:00,0.0,0,0.35498671511467506,0
2026-09-14 00:22:00,0.0,0,0.34434448386696187,0
2026-09-14 00:23:00,0.0,0,0.4342125918009763,0
2026-09-14 00:24:00,0.0,0,0.3631294876278959,0
2026-09-14 00:25:00,0.0,0,0.3514535726815582,0
2026-09-14 00:26:00,0.0,0,0.43611924703140514,0
2026-09-14 00:27:00,0.0,0,0.3994469286922129,0
2026-09-14 00:28:00,0.0,0,0.3588014403095701,0
2026-09-14 00:29:00,0.0,0,0.3476979265729101,0
2026-09-14 00:30:00,0.0,0,0.347303027596468,0
2026-09-14 00:31:00,0.0,0,0.3618600937493964,0
2026-09-14 00:32:00,0.0,0,0.43349439770322545,0
2026-09-14 00:33:00,0.0,0,0.4656647950130355,0
2026-09-14 00:34:00,0.0,0,0.4885692968128718,0
2026-09-14 00:35:00,0.0,0,0.4132727396221509,0
2026-09-14 00:36:00,0.0,0,0.3652974722182317,0
2026-09-14 00:37:00,0.0,0,0.36759972650784556,0
2026-09-14 00:38:00,0.0,0,0.34671171978503545,0
2026-09-14 00:39:00,0.0,0,0.42393407247243,0
2026-09-14 00:40:00,0.0,0,0.3428424241608206,0
2026-09-14 00:41:00,0.0,0,0.4443719859884978,0
2026-09-14 00:42:00,0.0,0,0.3544344130047774,0
2026-09-14 00:43:00,0.0,0,0.4467707215811387,0
2026-09-14 00:44:00,0.0,0,0.35331413152202595,0
2026-09-14 00:45:00,0.0,0,0.44833333552774773,0
2026-09-14 00:46:00,0.0,0,0.3625039808274081,0
2026-09-14 00:47:00,0.0,0,0.37445324908351113,0
2026-09-14 00:48:00,0.0,0,0.3853278857693725,0
2026-09-14 00:49:00,0.0,0,0.373521810145086,0
2026-09-14 00:50:00,0.0,0,0.37133879935822095,0
2026-09-14 00:51:00,0.0,0,0.3999860836267426,0
2026-09-14 00:52:00,0.0,0,0.38226850705544546,0
2026-09-14 00:53:00,0.0,0,0.3508000496364149,0
2026-09-14 00:54:00,0.0,0,0.35236681455992086,0
2026-09-14 00:55:00,0.0,0,0.42528705738086886,0
2026-09-14 00:56:00,0.0,0,0.37224279671509986,0
2026-09-14 00:57:00,0.0,0,0.3871229988866951,0
2026-09-14 00:58:00,0.0,0,0.38557107221620457,0
2026-09-14 00:59:00,0.0,0,0.3495802088653119,0
2026-09-14 01:00:00,0.0,0,0.35905897643465506,0
2026-09-14 01:01:00,0.0,0,0.3509892238087251,0
2026-09-14 01:02:00,0.0,0,0.3621136347133429,0
2026-09-14 01:03:00,0.0,0,0.44940151653651406,0
2026-09-14 01:04:00,0.0,0,0.4172964825699623,0
2026-09-14 01:05:00,0.0,0,0.38108549485136617,0
2026-09-14 01:06:00,0.0,0,0.36599608094539166,0
2026-09-14 01:07:00,0.0,0,0.3902417075204122,0
2026-09-14 01:08:00,0.0,0,0.39062323779038793,0
2026-09-14 01:09:00,0.0,0,0.3752329502052542,0
2026-09-14 01:10:00,0.0,0,0.4159923373449634,0
2026-09-14 01:11:00,0.0,0,0.35995409769711306,0
2026-09-14 01:12:00,0.0,0,0.37009609904832713,0
2026-09-14 01:13:00,0.0,0,0.4306533524470096,0
2026-09-14 01:14:00,0.0,0,0.3660730822517358,0
2026-09-14 01:15:00,0.0,0,0.4765372417895672,0
2026-09-14 01:16:00,0.0,0,0.3848963817626376,0
2026-09-14 01:17:00,0.0,0,0.3832043283228492,0
2026-09-14 01:18:00,0.0,0,0.3767630798888277,0
2026-09-14 01:19:00,0.0,0,0.360693274310399,0
2026-09-14 01:20:00,0.0,0,0.3702725484384561,0
2026-09-14 01:21:00,0.0,0,0.3693266818482624,0
2026-09-14 01:22:00,0.0,0,0.33742368284461366,0
2026-09-14 01:23:00,0.0,0,0.37085217789727987,0
2026-09-14 01:24:00,0.0,0,0.3963865269562662,0
2026-09-14 01:25:00,0.0,0,0.4167231590906721,0
2026-09-14 01:26:00,0.0,0,0.3672638512534545,0
2026-09-14 01:27:00,0.0,0,0.34988082797557934,0
2026-09-14 01:28:00,0.0,0,0.41357057247688067,0
2026-09-14 01:29:00,0.0,0,0.4124289494145663,0
2026-09-14 01:30:00,0.0,0,0.37136307835260185,0
2026-09-14 01:31:00,0.0,0,0.4832431590081852,0
2026-09-14 01:32:00,0.0,0,0.44756265691480385,0
2026-09-14 01:33:00,0.0,0,0.3579147973326127,0
2026-09-14 01:34:00,0.0,0,0.4262731889720295,0
2026-09-14 01:35:00,0.0,0,0.3656267344671436,0
2026-09-14 01:36:00,0.0,0,0.4074291700376155,0
2026-09-14 01:37:00,0.0,0,0.34530196636933363,0
2026-09-14 01:38:00,0.0,0,0.35785022904260333,0
2026-09-14 01:39:00,0.0,0,0.3714835839689113,0
2026-09-14 01:40:00,0.0,0,0.3803093784664836,0
2026-09-14 01:41:00,0.0,0,0.4161581047035611,0
2026-09-14 01:42:00,0.0,0,0.3563842611671779,0
2026-09-14 01:43:00,0.0,0,0.42441635451641674,0
2026-09-14 01:44:00,0.0,0,0.38011721564370804,0
2026-09-14 01:45:00,0.0,0,0.34209327707540715,0
2026-09-14 01:46:00,0.0,0,0.3699606248339976,0
2026-09-14 01:47:00,0.0,0,0.38760784297719075,0
2026-09-14 01:48:00,0.0,0,0.42510122752883117,0
2026-09-14 01:49:00,0.0,0,0.43327497150063743,0
2026-09-14 01:50:00,0.0,0,0.3993827423679819,0
2026-09-14 01:51:00,0.0,0,0.34213202328587333,0
2026-09-14 01:52:00,0.0,0,0.3726526349730533,0
2026-09-14 01:53:00,0.0,0,0.34258347199900596,0
2026-09-14 01:54:00,0.0,0,0.3841285987258681,0
2026-09-14 01:55:00,0.0,0,0.347611775538801,0
2026-09-14 01:56:00,0.0,0,0.3644678686729033,0
2026-09-14 01:57:00,0.0,0,0.3469141025172151,0
2026-09-14 01:58:00,0.0,0,0.3795555900443903,0
2026-09-14 01:59:00,55555555.55555549,1,0.48187948937771696,0
2026-09-14 02:00:00,0.8993210124332657,0,0.381087942720087,0
2026-09-14 02:01:00,0.7136899834792616,0,0.3526470500899363,0
2026-09-14 02:02:00,0.6744907593249493,0,0.36241213371971037,0
2026-09-14 02:03:00,34482758.6206896,1,0.39248679627976024,0
2026-09-14 02:04:00,52631578.94736839,1,0.3996077269683903,0
2026-09-14 02:05:00,1.4572894852621439,0,0.4101356304727018,0
2026-09-14 02:06:00,0.8993210124332657,0,0.3530776757362912,0
2026-09-14 02:07:00,1.0756119060821032,0,0.38201526305046385,0
2026-09-14 02:08:00,1.33924947294813,0,0.4200551681899707,0
2026-09-14 02:09:00,0.9464213325503045,0,0.36078841711857607,0
2026-09-14 02:10:00,0.7963991949513112,0,0.35152582663436593,0
2026-09-14 02:11:00,28571428.5714285,1,0.3582262139616548,0
2026-09-14 02:12:00,41666666.6666666,1,0.37399470872526075,0
2026-09-14 02:13:00,1.194605642899108,0,0.40253813869957994,0
2026-09-14 02:14:00,0.6744907593249493,0,0.34759663583388284,0
2026-09-14 02:15:00,0.44966050621663284,0,0.3474458504888248,0
2026-09-14 02:16:00,1.124151265541582,0,0.4199250486023824,0
2026-09-14 02:17:00,38461538.4615384,1,0.3908294582502974,0
2026-09-14 02:18:00,0.6744907593249493,0,0.38365330373325945,0
2026-09-14 02:19:00,0.8993210124332657,0,0.34216624516801575,0
2026-09-14 02:20:00,2.4731327841914803,0,0.364913942675479,0
2026-09-14 02:21:00,3.822114302841379,1,0.35964307885753727,0
2026-09-14 02:22:00,0.562075632770791,0,0.37529299153747725,0
2026-09-14 02:23:00,3.822114302841379,1,0.36982763964936266,0
2026-09-14 02:24:00,2.0949317403912087,0,0.3856514504160036,0
2026-09-14 02:25:00,1.0591718674999584,0,0.3652647341729227,0
2026-09-14 02:26:00,1.573811771758215,0,0.34847068642142065,0
2026-09-14 02:27:00,2.0234722779748475,0,0.38368842464898495,0
2026-09-14 02:28:00,2.4731327841914803,0,0.3600401814444885,0
2026-09-14 02:29:00,4.271774809058011,1,0.485109458056394,0
2026-09-14 02:30:00,4.721435315274644,1,0.46419117004070726,0
2026-09-14 02:31:00,3.4688096194968665,0,0.5290455332486651,0
2026-09-14 02:32:00,3.3724537968143036,0,0.47455219724059383,0
2026-09-14 02:33:00,3.2038311069735887,0,0.4472549770459579,0
2026-09-14 02:34:00,3.541076486655019,1,0.4716731815224603,0
2026-09-14 02:35:00,3.541076486655019,1,0.5120318344055761,0
2026-09-14 02:36:00,2.950897072212516,0,0.41835706143937074,0
2026-09-14 02:37:00,3.3724537968143036,0,0.44877292160250687,0
2026-09-14 02:38:00,3.0352084171328735,0,0.4538082603176884,0
2026-09-14 02:39:00,3.3724537968143036,0,0.4550820182885056,0
2026-09-14 02:40:00,2.866585727292158,0,0.4013815293607852,0
2026-09-14 02:41:00,3.0352084171328735,0,0.42520643667701413,0
2026-09-14 02:42:00,3.2038311069735887,0,0.42210905535004994,0
2026-09-14 02:43:00,3.541076486655019,1,0.5432577001752339,0
2026-09-14 02:44:00,2.697963037451443,0,0.4215922469925238,0
2026-09-14 02:45:00,3.0352084171328735,0,0.44525978708253344,0
2026-09-14 02:46:00,3.0352084171328735,0,0.5338299889540595,0
2026-09-14 02:47:00,2.866585727292158,0,0.43477640927953104,0
2026-09-14 02:48:00,2.697963037451443,0,0.42551866296476,0
2026-09-14 02:49:00,249999999.99999997,1,0.5377404574446578,0
2026-09-14 02:50:00,0.4533119566001645,0,0.4876942214779906,0
2026-09-14 02:51:00,0.6744907593628607,0,0.4734800142906766,0
2026-09-14 02:52:00,1.6862268984071518,0,0.4795577030991223,0
2026-09-14 02:53:00,28571428.5714285,1,0.4741205909417897,0
2026-09-14 02:54:00,62499999.99999999,1,0.5744582597131604,0
2026-09-14 02:55:00,1.3489815187257215,0,0.4199121263453024,0
2026-09-14 02:56:00,58823529.411764696,1,0.4889092883041419,0
2026-09-14 02:57:00,0.5151144976335775,0,0.3889632296611146,0
2026-09-14 02:58:00,1.1803588288850062,0,0.37463761357520414,0
2026-09-14 02:59:00,25000000.0,1,0.47127969804750736,0
2026-09-14 03:00:00,2.0234722780885823,0,0.38309572178711904,0
2026-09-14 03:01:00,1.6862268984071518,0,0.38683867202032873,0
2026-09-14 03:02:00,2.3607176577700124,0,0.38828215728894744,0
2026-09-14 03:03:00,29411764.7058823,1,0.39597302779430493,0
2026-09-14 03:04:00,0.6744907593628607,0,0.3829438268468239,0
2026-09-14 03:05:00,0.42155672460178795,0,0.3461393933080973,0
2026-09-14 03:06:00,30303030.303030297,1,0.4316650418480362,0
2026-09-14 03:07:00,4.5528126256993104,1,0.4204574345894885,0
2026-09-14 03:08:00,25000000.0,1,0.3732194316336615,0
2026-09-14 03:09:00,1.0117361390442912,0,0.3482355188883883,0
2026-09-14 03:10:00,1.5176042085664367,0,0.34482087291846264,0
2026-09-14 03:11:00,34482758.6206896,1,0.3901918375141083,0
2026-09-14 03:12:00,3.541076486655019,1,0.3583880335131863,0
2026-09-14 03:13:00,27777777.777777698,1,0.3548977933705109,0
2026-09-14 03:14:00,3.541076486655019,1,0.33575420290755326,0
2026-09-14 03:15:00,0.8993210125006639,0,0.36425647496171526,0
2026-09-14 03:16:00,1.3489815187712153,0,0.3803007896879974,0
2026-09-14 03:17:00,2.5630648856653093,0,0.3350639968610632,0
2026-09-14 03:18:00,2.4281667337881876,0,0.36203595484141177,0
2026-09-14 03:19:00,2.1583704300339446,0,0.37160193320611484,0
2026-09-14 03:20:00,24390243.902439,1,0.39928029957801675,0
2026-09-14 03:21:00,1.6862268984640192,0,0.36877348697742457,0
2026-09-14 03:22:00,2.360717657849627,0,0.3399691955326602,0
2026-09-14 03:23:00,2.8328611894195523,0,0.33169938251463915,0
2026-09-14 03:24:00,32258064.516128995,1,0.3908002020548992,0
2026-09-14 03:25:00,1.839520252892398,0,0.36048764639024306,0
2026-09-14 03:26:00,46511627.9069767,1,0.38106731953834294,0
2026-09-14 03:27:00,1.3130894093375465,0,0.3860695993564918,0
2026-09-14 03:28:00,2.2483025313359075,0,0.3838638630332831,0
2026-09-14 03:29:00,2.473132784469498,0,0.37057056493331275,0
2026-09-14 03:30:00,25641025.641025595,1,0.35490024176838064,0
2026-09-14 03:31:00,1.7424344617853282,0,0.3629392513703455,0
2026-09-14 03:32:00,1.4613966453683398,0,0.3357765659972941,0
2026-09-14 03:33:00,1.0117361391011583,0,0.3878554406926811,0
2026-09-14 03:34:00,1.9110571516355213,0,0.35244729139536457,0
2026-09-14 03:35:00,0.7869058859675676,0,0.3392176396124031,0
2026-09-14 03:36:00,20000000.0,1,0.3622082085669368,0
2026-09-14 03:37:00,20833333.3333333,1,0.41055335704074464,0
2026-09-14 03:38:00,2.0263915338493392,0,0.40167107007764563,0
2026-09-14 03:39:00,23809523.8095238,1,0.3714471398663119,0
2026-09-14 03:40:00,28571428.5714285,1,0.38484623603392526,0
2026-09-14 03:41:00,2.023472278234812,0,0.36029856508219843,0
2026-09-14 03:42:00,23255813.953488298,1,0.34350365544583106,0
2026-09-14 03:43:00,20408163.2653061,1,0.34160679662799287,0
2026-09-14 03:44:00,23255813.953488298,1,0.35046316039681147,0
2026-09-14 03:45:00,1.927116455461726,0,0.33328527190190366,0
2026-09-14 03:46:00,22727272.7272727,1,0.3587348295638509,0
2026-09-14 03:47:00,2.0716501896213555,0,0.36223935586607564,0
2026-09-14 03:48:00,20833333.3333333,1,0.38380534948431366,0
2026-09-14 03:49:00,2.890674683192589,0,0.356236668233378,0
2026-09-14 03:50:00,2.0411733872325084,0,0.41213646748246796,0
2026-09-14 03:51:00,20408163.2653061,1,0.3499110626629795,0
2026-09-14 03:52:00,1.6381555406106127,0,0.3548838951033276,0
2026-09-14 03:53:00,76923076.9230769,1,0.42216984982978495,0
2026-09-14 03:54:00,1.8307606326886396,0,0.3301807505961818,0
2026-09-14 03:55:00,42553191.489361696,1,0.3609390416948311,0
2026-09-14 03:56:00,0.927424794202126,0,0.34904824055641664,0
2026-09-14 03:57:00,2.445029002896514,0,0.34885880034320627,0
2026-09-14 03:58:00,17543859.649122797,1,0.35194250086346157,0
2026-09-14 03:59:00,20000000.0,1,0.40180833491024626,0
2026-09-14 04:00:00,23809523.8095238,1,0.355854924678737,0
2026-09-14 04:01:00,1.4283333728959196,0,0.3384078910948117,0
2026-09-14 04:02:00,1.536340063137106,0,0.3457248248777569,0
2026-09-14 04:03:00,2.360717657991163,0,0.34407728948528093,0
2026-09-14 04:04:00,1.5738117719941087,0,0.3427158413056864,0
2026-09-14 04:05:00,18518518.5185185,1,0.34802521362476785,0
2026-09-14 04:06:00,31249999.999999996,1,0.36474214887032325,0
2026-09-14 04:07:00,28571428.5714285,1,0.3541154743334073,0
2026-09-14 04:08:00,1.490979573473984,0,0.3495608830335054,0
2026-09-14 04:09:00,1.348981518862203,0,0.3481001087837932,0
2026-09-14 04:10:00,1.338793165403648,0,0.35537726707718553,0
2026-09-14 04:11:00,1.1466342910328724,0,0.34285058898107046,0
2026-09-14 04:12:00,1.5513287466915333,0,0.3369560097402207,0
2026-09-14 04:13:00,1.416430594805313,0,0.3590454928620492,0
2026-09-14 04:14:00,0.944287063203542,0,0.3487707927021756,0
2026-09-14 04:15:00,1.1129097530613175,0,0.36005861067751577,0
2026-09-14 04:16:00,40816326.5306122,1,0.3620838237509645,0
2026-09-14 04:17:00,0.735808101202077,0,0.33697983550218574,0
2026-09-14 04:18:00,32786885.245901596,1,0.398108910861416,0
2026-09-14 04:19:00,0.5953177547038838,0,0.3462529904848293,0
2026-09-14 04:20:00,0.981077468269436,0,0.35879705237560644,0
2026-09-14 04:21:00,1.0850503521378396,0,0.3688724182412527,0
2026-09-14 04:22:00,1.066379250684255,0,0.3552775165020131,0
2026-09-14 04:23:00,1.3489815188773673,0,0.3466096919037176,0
2026-09-14 04:24:00,1.6784906081387279,0,0.3660918263938022,0
2026-09-14 04:25:00,35087719.298245594,1,0.4090784421910752,0
2026-09-14 04:26:00,48780487.804878,1,0.4408090877112213,0
2026-09-14 04:27:00,20000000.0,1,0.3362885054253949,0
2026-09-14 04:28:00,1.4051890821639244,0,0.3582327090697043,0
2026-09-14 04:29:00,0.6182831961521267,0,0.3709295328641298,0
2026-09-14 04:30:00,14492753.6231884,1,0.37459310911851096,0
2026-09-14 04:31:00,22727272.7272727,1,0.35298585952510614,0
2026-09-14 04:32:00,0.8809675225331689,0,0.3343694366797522,0
2026-09-14 04:33:00,1.2696296648299554,0,0.34769423758438867,0
2026-09-14 04:34:00,2.882783837746925,0,0.41786984960237084,0
2026-09-14 04:35:00,1.2690206489488334,0,0.3474351909306467,0
2026-09-14 04:36:00,1.4527493280280617,0,0.3348324704264463,0
2026-09-14 04:37:00,1.1155039483072615,0,0.3357381497358484,0
2026-09-14 04:38:00,0.9050600420833376,0,0.36280939549898217,0
2026-09-14 04:39:00,16393442.622950798,1,0.348257203879257,0
2026-09-14 04:40:00,21739130.4347826,1,0.3541453592316758,0
2026-09-14 04:41:00,20408163.2653061,1,0.38564635957607885,0
2026-09-14 04:42:00,0.5814575512458795,0,0.33047492391511313,0
2026-09-14 04:43:00,14925373.1343283,1,0.3554632551187993,0
2026-09-14 04:44:00,16949152.5423728,1,0.334654789691614,0
2026-09-14 04:45:00,0.9892531138545235,0,0.34303573296216433,0
2026-09-14 04:46:00,33333333.333333295,1,0.39690070585393694,0
2026-09-14 04:47:00,16393442.622950798,1,0.3360871783503262,0
2026-09-14 04:48:00,0.5901794145171414,0,0.34428418845859854,0
2026-09-14 04:49:00,1.0538918116377525,0,0.3615948983426003,0
2026-09-14 04:50:00,0.8318814862552042,0,0.3493302565420141,0
2026-09-14 04:51:00,0.9485026304739772,0,0.3693086648921906,0
2026-09-14 04:52:00,1.4543707000600985,0,0.3510578634136026,0
2026-09-14 04:53:00,0.8009577768446919,0,0.3441448894529939,0
2026-09-14 04:54:00,27777777.777777698,1,0.37510510139588377,0
2026-09-14 04:55:00,0.9695804667067323,0,0.3327639566463349,0
2026-09-14 04:56:00,0.4550260111111989,0,0.3457303308400135,0
2026-09-14 04:57:00,1.3247135338376255,0,0.34960068315370185,0
2026-09-14 04:58:00,65573770.49180319,1,0.7054847876464906,1
2026-09-14 04:59:00,9.991312693280154,1,0.5775323528089267,0
2026-09-14 05:00:00,14084507.0422535,1,0.6201237921467595,1
2026-09-14 05:01:00,21.68580491422027,1,0.6424302250437737,1
2026-09-14 05:02:00,47619047.6190476,1,0.6031548791963539,0
2026-09-14 05:03:00,18.64947182007101,1,0.6245597660980721,1
2026-09-14 05:04:00,20833333.3333333,1,0.607586917718162,0
2026-09-14 05:05:00,15151515.151515098,1,0.6052080165740371,0
2026-09-14 05:06:00,36363636.3636363,1,0.651739943164735,1
2026-09-14 05:07:00,40000000.0,1,0.5797910869078043,0
2026-09-14 05:08:00,16.91611107990479,1,0.5747928701791432,0
2026-09-14 05:09:00,61538461.5384615,1,0.646231480831175,1
2026-09-14 05:10:00,17241379.3103448,1,0.5810801138296551,0
2026-09-14 05:11:00,17.429944766315693,1,0.5716018658213994,0
2026-09-14 05:12:00,15.508840632682679,1,0.5597198426924214,0
2026-09-14 05:13:00,14492753.6231884,1,0.4063318000067969,0
2026-09-14 05:14:00,0.47611112431752994,0,0.39427173203893445,0
2026-09-14 05:15:00,0.9543360214607016,0,0.4047295137703612,0
2026-09-14 05:16:00,15624999.999999998,1,0.41427376010279426,0
2026-09-14 05:17:00,0.5425447958414493,0,0.3889227843189143,0
2026-09-14 05:18:00,0.5157870513439908,0,0.38302001097239363,0
2026-09-14 05:19:00,32258064.516128995,1,0.4003151749794025,0
2026-09-14 05:20:00,1.264428557015381,0,0.3866023743557423,0
2026-09-14 05:21:00,1.0752751237612235,0,0.37412014683832395,0
2026-09-14 05:22:00,0.8479312404521813,0,0.3794901044721623,0
2026-09-14 05:23:00,0.6552195948948674,0,0.3636845149409153,0
2026-09-14 05:24:00,14084507.0422535,1,0.37371961603360626,0
2026-09-14 05:25:00,30303030.303030297,1,0.3945238998286023,0
2026-09-14 05:26:00,0.5246039240176941,0,0.3488927994695594,0
2026-09-14 05:27:00,1.0304719936061848,0,0.35369590517370064,0
2026-09-14 05:28:00,1.2725455759274291,0,0.37120490930156047,0
2026-09-14 05:29:00,27027027.027027,1,0.3498054157679885,0
2026-09-14 05:30:00,22988505.747126397,1,0.38108822520430247,0
2026-09-14 05:31:00,41666666.6666666,1,0.3863568170734955,0
2026-09-14 05:32:00,0.8618493037433544,0,0.33450812963161214,0
2026-09-14 05:33:00,10989010.989010898,1,0.3723961719019001,0
2026-09-14 05:34:00,0.8440774606507606,0,0.3456412451315228,0
2026-09-14 05:35:00,0.5433397784468974,0,0.33375031583310716,0
2026-09-14 05:36:00,38461538.4615384,1,0.411592134640569,0
2026-09-14 05:37:00,0.6304392013655336,0,0.35200232628550415,0
2026-09-14 05:38:00,1.163469851538996,0,0.3530851586991134,0
2026-09-14 05:39:00,13888888.888888799,1,0.3471625484918367,0
2026-09-14 05:40:00,12820512.820512798,1,0.36800071711262716,0
2026-09-14 05:41:00,1.2365663923274217,0,0.3321842278907018,0
2026-09-14 05:42:00,0.5568730321180934,0,0.3506056748274197,0
2026-09-14 05:43:00,0.5331421621355383,0,0.3359974485681546,0
2026-09-14 05:44:00,14705882.3529411,1,0.3524768833962389,0
2026-09-14 05:45:00,11764705.882352898,1,0.34191018892332475,0
2026-09-14 05:46:00,1.2365663923274217,0,0.3319806791594452,0
2026-09-14 05:47:00,15624999.999999998,1,0.35820802227539245,0
2026-09-14 05:48:00,1.0117361391769812,0,0.3369324105546982,0
2026-09-14 05:49:00,0.8243775948849478,0,0.34049286143277346,0
2026-09-14 05:50:00,14705882.3529411,1,0.3645626033013588,0
2026-09-14 05:51:00,13698630.1369863,1,0.3570950357511794,0
2026-09-14 05:52:00,14705882.3529411,1,0.36807430989413087,0
2026-09-14 05:53:00,0.8993210126017612,0,0.33036528945098415,0
2026-09-14 05:54:00,14705882.3529411,1,0.34398631285494563,0
2026-09-14 05:55:00,28169014.084507,1,0.38692961326372977,0
2026-09-14 05:56:00,37974683.5443038,1,0.6634710328869968,1
2026-09-14 05:57:00,70588235.2941176,1,0.6840891968518329,1
2026-09-14 05:58:00,42857142.8571428,1,0.6222547154517719,1
2026-09-14 05:59:00,58823529.411764696,1,0.6450374396308166,1
2026-09-14 06:00:00,54794520.5479452,1,0.6098723120020892,1
2026-09-14 06:01:00,50000000.0,1,0.6302785640351011,1
2026-09-14 06:02:00,39473684.210526295,1,0.6635337499633509,1
2026-09-14 06:03:00,11363636.3636363,1,0.6237109731640961,1
2026-09-14 06:04:00,78947368.42105259,1,0.5787186899879597,0
2026-09-14 06:05:00,33333333.333333295,1,0.6366176697495312,1
2026-09-14 06:06:00,70707070.7070707,1,0.6634993670190233,1
2026-09-14 06:07:00,11494252.873563198,1,0.5935432660648926,0
2026-09-14 06:08:00,14705882.3529411,1,0.5601562188026076,0
2026-09-14 06:09:00,70422535.21126759,1,0.6035206508346845,0
2026-09-14 06:10:00,32967032.9670329,1,0.6441064392361687,1
2026-09-14 06:11:00,57142857.1428571,1,0.5774812969138593,0
2026-09-14 06:12:00,93023255.8139534,1,0.658499492744431,1
2026-09-14 06:13:00,46511627.9069767,1,0.6062052867354144,0
2026-09-14 06:14:00,34482758.6206896,1,0.5767778126049085,0
2026-09-14 06:15:00,12987012.987012899,1,0.5676596862175262,0
2026-09-14 06:16:00,14285714.2857142,1,0.5921128680165413,0
2026-09-14 06:17:00,0.8409235442530436,0,0.3957370303966221,0
2026-09-14 06:18:00,0.6147257554513461,0,0.4060242985967091,0
2026-09-14 06:19:00,14084507.0422535,1,0.4218358283282165,0
2026-09-14 06:20:00,13333333.333333299,1,0.43562262694538234,0
2026-09-14 06:21:00,20833333.3333333,1,0.43364508824775255,0
2026-09-14 06:22:00,0.6407662214811559,0,0.3875401468034743,0
2026-09-14 06:23:00,0.5523756496640714,0,0.39874671849218374,0
2026-09-14 06:24:00,12345679.012345599,1,0.3912801463511085,0
2026-09-14 06:25:00,0.5395926075630787,0,0.3850252765476935,0
2026-09-14 06:26:00,12820512.820512798,1,0.3922037514247191,0
2026-09-14 06:27:00,12658227.848101199,1,0.36741288899862146,0
2026-09-14 06:28:00,1.0346555332959069,0,0.3561642296594823,0
2026-09-14 06:29:00,0.9780116012080801,0,0.36463133927758923,0
2026-09-14 06:30:00,0.8768379872900028,0,0.3922461403493647,0
2026-09-14 06:31:00,2.422752236271155,0,0.3517431395779647,0
2026-09-14 06:32:00,1.1910555461165264,0,0.33474220707828045,0
2026-09-14 06:33:00,0.9921728052831892,0,0.3406148234346349,0
2026-09-14 06:34:00,0.8493174903710182,0,0.34348304123028933,0
2026-09-14 06:35:00,1.365040822706409,0,0.3521989226947699,0
2026-09-14 06:36:00,0.8451934036029959,0,0.3489729578572091,0
2026-09-14 06:37:00,0.7547872784376615,0,0.36420089326093097,0
2026-09-14 06:38:00,0.9262761056370418,0,0.35143783856822625,0
2026-09-14 06:39:00,0.6936777340164413,0,0.34249013819937557,0
2026-09-14 06:40:00,0.8190126882307796,0,0.3459597392858264,0
2026-09-14 06:41:00,1.284744303723679,0,0.38559797617943664,0
2026-09-14 06:42:00,2.123420691124558,0,0.42410176317090587,0
2026-09-14 06:43:00,0.6423721518618395,0,0.37255740059030856,0
2026-09-14 06:44:00,1.509574556875323,0,0.36281035515152543,0
2026-09-14 06:45:00,0.7387279746411154,0,0.39060711658742137,0
2026-09-14 06:46:00,0.8350837974203914,0,0.338680720376465,0
2026-09-14 06:47:00,0.9796175315893052,0,0.37931270719948473,0
2026-09-14 06:48:00,1.4453373416891389,0,0.35564899843805525,0
2026-09-14 06:49:00,1.4080612546731424,0,0.3466292510826139,0
2026-09-14 06:50:00,1.2179772408595482,0,0.3788975584013946,0
2026-09-14 06:51:00,0.6584314556583855,0,0.34579661090394154,0
2026-09-14 06:52:00,0.33724537972746577,0,0.3410375754831009,0
2026-09-14 06:53:00,1.0534158397747952,0,0.39732866679087436,0
2026-09-14 06:54:00,0.8672024050134833,0,0.35506329583115925,0
2026-09-14 06:55:00,1.3217001643865272,0,0.3784759289630315,0
2026-09-14 06:56:00,1.416107318985563,0,0.34158650298510335,0
2026-09-14 06:57:00,0.28906746833782776,0,0.3414462876422836,0
2026-09-14 06:58:00,0.49977879146238713,0,0.3505808126479928,0
2026-09-14 06:59:00,2.006152035229544,0,0.34564776791617596,0
2026-09-14 07:00:00,0.5675009577991086,0,0.34009328558976487,0
2026-09-14 07:01:00,1.7016304687883679,0,0.34436269356520927,0
2026-09-14 07:02:00,0.6950819874082768,0,0.3530830891236534,0
2026-09-14 07:03:00,1.432767405091274,0,0.3490803142642265,0
2026-09-14 07:04:00,1.2393481356403455,0,0.33890781903081085,0
2026-09-14 07:05:00,1.0375748750692864,0,0.3526428099031585,0
2026-09-14 07:06:00,1.0139936279086224,0,0.35992886133196095,0
2026-09-14 07:07:00,1.0022030043282906,0,0.33769465875715704,0
2026-09-14 07:08:00,1.0022030043282906,0,0.33525769936203936,0
2026-09-14 07:09:00,0.9097257673802898,0,0.34489640822830225,0
2026-09-14 07:10:00,0.9105625252626952,0,0.34616919216416203,0
2026-09-14 07:11:00,0.7139820314045763,0,0.33122638691649214,0
2026-09-14 07:12:00,0.4829686919548085,0,0.36607778983138867,0
2026-09-14 07:13:00,1.0117361391807724,0,0.3665298970776567,0
2026-09-14 07:14:00,0.7077696790060034,0,0.34590634016673033,0
2026-09-14 07:15:00,1.15251640687901,0,0.3741128617336177,0
2026-09-14 07:16:00,0.7756643733719256,0,0.3435982572731132,0
2026-09-14 07:17:00,0.9326291982575613,0,0.3865452259293212,0
2026-09-14 07:18:00,0.8776506267602942,0,0.3546356109597778,0
2026-09-14 07:19:00,1.0904590984685525,0,0.3733189770899012,0
2026-09-14 07:20:00,1.381100126502955,0,0.3718912226983691,0
2026-09-14 07:21:00,1.335785992460428,0,0.4092714083365032,0
2026-09-14 07:22:00,1.223089168366034,0,0.36714608946803523,0
2026-09-14 07:23:00,1.2508291612236404,0,0.3555599398757431,0
2026-09-14 07:24:00,1.9679948206028088,0,0.43691077387213806,0
2026-09-14 07:25:00,0.729649651527948,0,0.37961566155753196,0
2026-09-14 07:26:00,0.7547872784376615,0,0.3443697649425849,0
2026-09-14 07:27:00,0.8029651898272994,0,0.3440643149109432,0
2026-09-14 07:28:00,0.701838648534281,0,0.34371333102152346,0
2026-09-14 07:29:00,0.6869798433498212,0,0.34667646131612984,0
2026-09-14 07:30:00,0.619344127290076,0,0.35080804823895106,0
2026-09-14 07:31:00,1.12567322152994,0,0.37341143274100874,0
2026-09-14 07:32:00,0.4240750327222741,0,0.34293969851057066,0
2026-09-14 07:33:00,0.32118607593091975,0,0.3349655414724762,0
2026-09-14 07:34:00,0.7202614611313175,0,0.3328236849635503,0
2026-09-14 07:35:00,0.7142257509274323,0,0.3514824833063449,0
2026-09-14 07:36:00,0.8114787576506253,0,0.3666503934142625,0
2026-09-14 07:37:00,0.6102535442687476,0,0.3423845832405729,0
2026-09-14 07:38:00,0.9635582277927592,0,0.37565631993559284,0
2026-09-14 07:39:00,0.7226686708445694,0,0.3531218467940938,0
2026-09-14 07:40:00,0.44966050630328763,0,0.3620389689470449,0
2026-09-14 07:41:00,0.44966050630328763,0,0.35835463960926034,0
2026-09-14 07:42:00,2.182690680753717,0,0.39795078926022553,0
2026-09-14 07:43:00,1.0599140505720352,0,0.35352005964623434,0
2026-09-14 07:44:00,0.7066093670480235,0,0.3455873335346519,0
2026-09-14 07:45:00,0.7708465822342074,0,0.34076900887774303,0
2026-09-14 07:46:00,0.9796175315893052,0,0.3677584585031494,0
2026-09-14 07:47:00,1.6595367271773824,0,0.38528123529399444,0
2026-09-14 07:48:00,0.825395231213808,0,0.38409511216885495,0
2026-09-14 07:49:00,0.9983501040176219,0,0.3457647563060456,0
2026-09-14 07:50:00,0.6102535442687476,0,0.3480597691226914,0
2026-09-14 07:51:00,0.6995397990175621,0,0.333799697872579,0
2026-09-14 07:52:00,1.6274746836539586,0,0.37486138518494216,0
2026-09-14 07:53:00,0.21128626199784858,0,0.33553126660946314,0
2026-09-14 07:54:00,1.4011954681573464,0,0.35734275085514494,0
2026-09-14 07:55:00,0.9159751054315334,0,0.34806914479825335,0
2026-09-14 07:56:00,0.9326291982575613,0,0.34868380985422937,0
2026-09-14 07:57:00,2.0019402958212034,0,0.37079543069590115,0
2026-09-14 07:58:00,0.6984387839265265,0,0.34497891762897637,0
2026-09-14 07:59:00,1.5081999212897141,0,0.3594940575709345,0
2026-09-14 08:00:00,0.9720353695927955,0,0.3485712981227213,0
2026-09-14 08:01:00,1.2808748806226549,0,0.35809271557881206,0
2026-09-14 08:02:00,2.537494558101188,0,0.4384639543751732,0
2026-09-14 08:03:00,0.6549474927681123,0,0.36797596179921677,0
2026-09-14 08:04:00,0.6984387839265265,0,0.3370716989711122,0
2026-09-14 08:05:00,1.045460677153465,0,0.3555029192830475,0
2026-09-14 08:06:00,1.527280030240197,0,0.3541633230646514,0
2026-09-14 08:07:00,0.7267981632371547,0,0.3568118051043294,0
2026-09-14 08:08:00,0.8768379872900028,0,0.36371815607335906,0
2026-09-14 08:09:00,1.1609823414205644,0,0.36814472610486615,0
2026-09-14 08:10:00,1.024039976150809,0,0.38051379165525695,0
2026-09-14 08:11:00,0.9326291982575613,0,0.36290519194956455,0
2026-09-14 08:12:00,0.9385320573674311,0,0.37294986741396363,0
2026-09-14 08:13:00,0.9290610974733472,0,0.3627702674080177,0
2026-09-14 08:14:00,0.678344952354676,0,0.34503549503927466,0
2026-09-14 08:15:00,1.4704199726891911,0,0.34893084380381356,0
2026-09-14 08:16:00,0.7113083599173251,0,0.3496293454829397,0
2026-09-14 08:17:00,0.952674694727595,0,0.35407559733725696,0
2026-09-14 08:18:00,2.075468698225361,0,0.41118437009819403,0
2026-09-14 08:19:00,0.965937383909617,0,0.3832200721932472,0
2026-09-14 08:20:00,0.6902693472079668,0,0.337562909128136,0
2026-09-14 08:21:00,0.5662391560849479,0,0.34478226624655606,0
2026-09-14 08:22:00,1.1803588290442346,0,0.39923956455836446,0
2026-09-14 08:23:00,7.857817347637333,1,0.5575378159243105,0
2026-09-14 08:24:00,5.462542446937144,1,0.4838038984155824,0
2026-09-14 08:25:00,7.810769535407076,1,0.5151519488899142,0
2026-09-14 08:26:00,8.393662784318051,1,0.5086387414704879,0
2026-09-14 08:27:00,4.58328660641487,1,0.48707213389603726,0
2026-09-14 08:28:00,5.2008926030239655,1,0.45709947133013523,0
2026-09-14 08:29:00,5.428044683232544,1,0.48470119184276483,0
2026-09-14 08:30:00,5.2032144300809,1,0.4365054073904133,0
2026-09-14 08:31:00,7.355161138818063,1,0.4693613710150836,0
2026-09-14 08:32:00,0.8722040738022022,0,0.3787827181476054,0
2026-09-14 08:33:00,0.9640352472774305,0,0.37232636663857127,0
2026-09-14 08:34:00,2.321451642763435,0,0.43551260848666684,0
2026-09-14 08:35:00,0.3073189872609943,0,0.3598993138324443,0
2026-09-14 08:36:00,0.6328555273890595,0,0.4142237126873006,0
2026-09-14 08:37:00,0.7124814244331766,0,0.36026794614146285,0
2026-09-14 08:38:00,0.10117361391807725,0,0.3617720540113888,0
2026-09-14 08:39:00,1.1143918071682264,0,0.3846991165105963,0
2026-09-14 08:40:00,0.8506949970910666,0,0.35664310116598485,0
2026-09-14 08:41:00,1.1953000800442841,0,0.40590683730994953,0
2026-09-14 08:42:00,0.9412439624434835,0,0.3672105868119225,0
2026-09-14 08:43:00,0.853785771460203,0,0.35611330387504797,0
2026-09-14 08:44:00,0.6172871190087982,0,0.34538643809659736,0
2026-09-14 08:45:00,0.7142257509274323,0,0.3570774526302641,0
2026-09-14 08:46:00,0.5174061441629846,0,0.36265809463531273,0
2026-09-14 08:47:00,1.092046946980171,0,0.36035026483833044,0
2026-09-14 08:48:00,1.1282833238299748,0,0.3776192935680043,0
2026-09-14 08:49:00,0.5655898241638594,0,0.37962492163701783,0
2026-09-14 08:50:00,0.6744907594526511,0,0.3513313026908533,0
2026-09-14 08:51:00,1.5086267610489696,0,0.3622666776436099,0
2026-09-14 08:52:00,1.0162878070378976,0,0.3771487651817282,0
2026-09-14 08:53:00,0.800004935260332,0,0.3412618628261854,0
2026-09-14 08:54:00,0.8400144057857818,0,0.34914174352733046,0
2026-09-14 08:55:00,0.7167027613863063,0,0.3494141371199898,0
2026-09-14 08:56:00,0.5324927048310403,0,0.36848291710897263,0
2026-09-14 08:57:00,1.2538434215604741,0,0.3748823941618469,0
2026-09-14 08:58:00,0.15332354301482776,0,0.3465780743703054,0
2026-09-14 08:59:00,0.5447027218893993,0,0.34769923130257596,0
2026-09-14 09:00:00,1.966847538727533,0,0.37531992871946596,0
2026-09-14 09:01:00,0.8238513967811909,0,0.33505693674273596,0
2026-09-14 09:02:00,0.7755966094332432,0,0.3584968332172319,0
2026-09-14 09:03:00,1.3166076744028272,0,0.37263015559071083,0
2026-09-14 09:04:00,1.5108593011732234,0,0.3834506771364825,0
2026-09-14 09:05:00,1.5468321416773478,0,0.3789035837260137,0
2026-09-14 09:06:00,0.718747604621605,0,0.3694340425468794,0
2026-09-14 09:07:00,1.6458337602302167,0,0.35944959057640746,0
2026-09-14 09:08:00,0.9110865458417262,0,0.3373113994875266,0
2026-09-14 09:09:00,1.513221075590745,0,0.3540624338988173,0
2026-09-14 09:10:00,0.9110111401200619,0,0.37350075544978556,0
2026-09-14 09:11:00,0.22124753745535475,0,0.3374075322846512,0
2026-09-14 09:12:00,0.93378782699286,0,0.3486656379399542,0
2026-09-14 09:13:00,0.9499869851422041,0,0.357585378794786,0
2026-09-14 09:14:00,0.26833269142388194,0,0.3336668384186103,0
2026-09-14 09:15:00,1.1779838615763332,0,0.39898440527065016,0
2026-09-14 09:16:00,1.1686369098741693,0,0.34475241311285265,0
2026-09-14 09:17:00,0.7789893278166075,0,0.39555836034786085,0
2026-09-14 09:18:00,1.6121722330022346,0,0.3691426119108287,0
2026-09-14 09:19:00,0.9226376580262103,0,0.34665717762961706,0
2026-09-14 09:20:00,0.7384820628142144,0,0.3490502848250542,0
2026-09-14 09:21:00,1.0185863954433871,0,0.34753056769708457,0
2026-09-14 09:22:00,1.2678648773717105,0,0.37594498561696554,0
2026-09-14 09:23:00,1.0064086342152363,0,0.34071548528806006,0
2026-09-14 09:24:00,0.7448482933525765,0,0.3457906797814023,0
2026-09-14 09:25:00,0.47709171881774315,0,0.34385379844913977,0
2026-09-14 09:26:00,1.4332928638273434,0,0.3711633091163012,0
2026-09-14 09:27:00,2.2001417775204404,0,0.40870237401329274,0
2026-09-14 09:28:00,0.6458510686739598,0,0.3472619584104213,0
2026-09-14 09:29:00,1.2014366652670379,0,0.3975620243114652,0
2026-09-14 09:30:00,1.3537778505748128,0,0.3514021048723565,0
2026-09-14 09:31:00,1.5897686400263213,0,0.35901947782364496,0
2026-09-14 09:32:00,0.421556724655101,0,0.34199276206177637,0
2026-09-14 09:33:00,1.5665591832323094,0,0.38991901851924005,0
2026-09-14 09:34:00,1.0656137308383644,0,0.37769384743616674,0
2026-09-14 09:35:00,1.953066249259087,0,0.36272882701995796,0
2026-09-14 09:36:00,1.0471999476286142,0,0.3792386229352732,0
2026-09-14 09:37:00,0.7782893437931243,0,0.39154894592524825,0
2026-09-14 09:38:00,1.5682997093087276,0,0.4095976378700506,0
2026-09-14 09:39:00,0.7982125722355161,0,0.3824454509011619,0
2026-09-14 09:40:00,1.0239006163738844,0,0.34615331324537707,0
2026-09-14 09:41:00,1.0740848525229527,0,0.3529443425746472,0
2026-09-14 09:42:00,0.3372453797220498,0,0.3430115162926254,0
2026-09-14 09:43:00,0.7657479140392838,0,0.3633263223726795,0
2026-09-14 09:44:00,1.036339208800017,0,0.360178822351335,0
2026-09-14 09:45:00,1.3472376531235444,0,0.40475685640390197,0
2026-09-14 09:46:00,15.191488526327149,1,0.6215731598370138,1
2026-09-14 09:47:00,3.757877088331412,1,0.40394301682749817,0
2026-09-14 09:48:00,3.6615212655536835,1,0.3983571898296438,0
2026-09-14 09:49:00,3.8060549997202764,1,0.47024145188795197,0
2026-09-14 09:50:00,3.4206317086093625,0,0.38823333716802155,0
2026-09-14 09:51:00,3.9987666452757336,1,0.472572805590069,0
2026-09-14 09:52:00,3.6615212655536835,1,0.3808754431609244,0
2026-09-14 09:53:00,3.902410822498005,1,0.3975999102012301,0
2026-09-14 09:54:00,3.757877088331412,1,0.37333556284798297,0
2026-09-14 09:55:00,3.709699176942548,1,0.38768163426174007,0
2026-09-14 09:56:00,1.3489815188881993,0,0.44677336004277557,0
2026-09-14 09:57:00,0.3373064749082884,0,0.3958652834692549,0
2026-09-14 09:58:00,0.8226993816016379,0,0.39048281704781007,0
2026-09-14 09:59:00,0.8561479228648198,0,0.4037189927139319,0
2026-09-14 10:00:00,1.5931199609649007,0,0.4421582004706557,0
2026-09-14 10:01:00,0.7442656655947257,0,0.40013765122299355,0
2026-09-14 10:02:00,0.6070416835016395,0,0.4271336678788193,0
2026-09-14 10:03:00,0.16920031699801966,0,0.36512388956298586,0
2026-09-14 10:04:00,0.2790996245980222,0,0.35724097095925655,0
2026-09-14 10:05:00,1.737678604873989,0,0.4040758137750527,0
2026-09-14 10:06:00,1.3489815188881993,0,0.39810225434380636,0
2026-09-14 10:07:00,0.9709742187625405,0,0.3544224864283295,0
2026-09-14 10:08:00,0.8615709726981553,0,0.34232235687716134,0
2026-09-14 10:09:00,0.7897733916399736,0,0.36198403137889934,0
2026-09-14 10:10:00,0.8581595577908726,0,0.3416958915715028,0
2026-09-14 10:11:00,1.2292525615847791,0,0.3579557217695001,0
2026-09-14 10:12:00,1.647857318202281,0,0.38351591498743515,0
2026-09-14 10:13:00,0.648201565001729,0,0.34966282642398916,0
2026-09-14 10:14:00,0.9945335262347851,0,0.39065252258484856,0
2026-09-14 10:15:00,0.559954592744518,0,0.3375339611590019,0
2026-09-14 10:16:00,1.0474179464259552,0,0.3393712931777642,0
2026-09-14 10:17:00,0.8775492619355835,0,0.34003953896910194,0
2026-09-14 10:18:00,1.1933298051659078,0,0.3595141971565799,0
2026-09-14 10:19:00,0.8628747201963135,0,0.34064240152187675,0
2026-09-14 10:20:00,0.8581595577908726,0,0.3518945637688972,0
2026-09-14 10:21:00,0.7890413407457862,0,0.35174873497587716,0
2026-09-14 10:22:00,1.0458372718825188,0,0.3519062405195333,0
2026-09-14 10:23:00,0.8111575403437435,0,0.33820287662785226,0
2026-09-14 10:24:00,0.7372629767392652,0,0.36601298270241783,0
2026-09-14 10:25:00,1.4092183556649316,0,0.35883915438427544,0
2026-09-14 10:26:00,0.802528204808171,0,0.3357251088086051,0
2026-09-14 10:27:00,0.9940390877867027,0,0.34510941646963234,0
2026-09-14 10:28:00,1.3834626971688306,0,0.3677172517325432,0
2026-09-14 10:29:00,0.9758589711016095,0,0.33607971130234515,0
2026-09-14 10:30:00,0.781377665447147,0,0.3540203143007647,0
2026-09-14 10:31:00,0.7016360297874169,0,0.3568633728150303,0
2026-09-14 10:32:00,0.23981893668841112,0,0.3434178685533095,0
2026-09-14 10:33:00,0.47963787337682223,0,0.34207545434650793,0
2026-09-14 10:34:00,1.0853529488140963,0,0.3655564294352504,0
2026-09-14 10:35:00,1.5329335441709937,0,0.403648478751156,0
2026-09-14 10:36:00,1.3190041517862612,0,0.34115458824852624,0
2026-09-14 10:37:00,1.4660655466755388,0,0.392916099239799,0
2026-09-14 10:38:00,1.9614548992973575,0,0.36863053785884864,0
2026-09-14 10:39:00,1.9450431202290732,0,0.3920993689551284,0
2026-09-14 10:40:00,22.587213533207553,1,0.7099454439251619,1
2026-09-14 10:41:00,23.280174871618136,1,0.688355706125329,1
2026-09-14 10:42:00,30.554917827884815,1,0.7139044023549512,1
2026-09-14 10:43:00,27.846033013336356,1,0.7000856923303768,1
2026-09-14 10:44:00,24.292144358510097,1,0.6962255353546919,1
2026-09-14 10:45:00,18.730848191091457,1,0.6486524669528873,1
2026-09-14 10:46:00,25.135103682131074,1,0.7011242777630545,1
2026-09-14 10:47:00,28.554016688123674,1,0.7059438373184872,1
2026-09-14 10:48:00,28.609325384782476,1,0.7034999462841997,1
2026-09-14 10:49:00,27.96652387011299,1,0.7187601915645404,1
2026-09-14 10:50:00,25.053050854873163,1,0.7122249883185985,1
2026-09-14 10:51:00,27.099982013844837,1,0.7032138181878924,1
2026-09-14 10:52:00,23.753096344349533,1,0.6829903286001053,1
2026-09-14 10:53:00,20.075753645952606,1,0.663534884016602,1
2026-09-14 10:54:00,26.71085961811889,1,0.7208898666803958,1
2026-09-14 10:55:00,1.6862268985777535,0,0.4016068012879289,0
2026-09-14 10:56:00,1.1466342910328724,0,0.3703624709797924,0
2026-09-14 10:57:00,1.5045827045463103,0,0.3624153209269816,0
2026-09-14 10:58:00,1.018890814559894,0,0.3710789683081291,0
2026-09-14 10:59:00,0.6389912457745646,0,0.3737565223545743,0
2026-09-14 11:00:00,1.348981518852093,0,0.38544364974071943,0
2026-09-14 11:01:00,0.6340671216181002,0,0.389520796800388,0
2026-09-14 11:02:00,0.7692538719570189,0,0.3751323723134769,0
2026-09-14 11:03:00,1.1990946834240828,0,0.3630678944439559,0
2026-09-14 11:04:00,0.7608805459417134,0,0.36300698861201264,0
2026-09-14 11:05:00,1.3315409553980102,0,0.37964752988096584,0
2026-09-14 11:06:00,1.4239249365660984,0,0.3695670718705834,0
2026-09-14 11:07:00,1.0492078479960725,0,0.370906640578842,0
2026-09-14 11:08:00,1.348981518852093,0,0.371229400909306,0
2026-09-14 11:09:00,1.3667197508083524,0,0.3749218735652982,0
2026-09-14 11:10:00,1.3475109626993849,0,0.3635780629970289,0
2026-09-14 11:11:00,0.7700062643996416,0,0.3321567537554881,0
2026-09-14 11:12:00,0.5995473417120414,0,0.3419929067296206,0
2026-09-14 11:13:00,1.222951125811203,0,0.4001335870399766,0
2026-09-14 11:14:00,1.5738117719941087,0,0.3677771695546385,0
2026-09-14 11:15:00,1.5120056688879517,0,0.3875376514570736,0
2026-09-14 11:16:00,0.7692538719570189,0,0.33853945667868707,0
2026-09-14 11:17:00,1.4798732846660778,0,0.4075671407806241,0
2026-09-14 11:18:00,0.8787074281085225,0,0.3722733839310672,0
2026-09-14 11:19:00,1.723698607422119,0,0.3525705003115749,0
2026-09-14 11:20:00,0.41218879742702846,0,0.36101690794539243,0
2026-09-14 11:21:00,0.7869058859970544,0,0.369046473155885,0
2026-09-14 11:22:00,0.7685571269261201,0,0.3398074456676615,0
2026-09-14 11:23:00,1.086679556853075,0,0.36059074630987775,0
2026-09-14 11:24:00,0.6622721674198999,0,0.34566277350619784,0
2026-09-14 11:25:00,0.7480265978346404,0,0.34127656867618833,0
2026-09-14 11:26:00,0.7414051447110729,0,0.33358685299071295,0
2026-09-14 11:27:00,0.7253897744415577,0,0.347483780994427,0
2026-09-14 11:28:00,0.7214258958926996,0,0.34245686239045714,0
2026-09-14 11:29:00,1.467529772278511,0,0.36206820780054694,0
2026-09-14 11:30:00,0.9950480984379281,0,0.34394341699348757,0
2026-09-14 11:31:00,2.10778362318665,0,0.3682027322140379,0
2026-09-14 11:32:00,1.286903702969339,0,0.3712890424782273,0
2026-09-14 11:33:00,0.9553924527374016,0,0.37385045946018686,0
2026-09-14 11:34:00,0.6969818913005592,0,0.3354210878022295,0
2026-09-14 11:35:00,0.927424794202126,0,0.36157592415378603,0
2026-09-14 11:36:00,0.785207749516883,0,0.3442797140367464,0
2026-09-14 11:37:00,2.2906271873001867,0,0.3756208572785267,0
2026-09-14 11:38:00,1.4084380070697238,0,0.3732465885953742,0
2026-09-14 11:39:00,0.590179414492262,0,0.34772407598129995,0
2026-09-14 11:40:00,0.674451509200652,0,0.34555054802978785,0
2026-09-14 11:41:00,1.476251330554582,0,0.3585264964882666,0
2026-09-14 11:42:00,0.8473298518915292,0,0.3724617903020777,0
2026-09-14 11:43:00,0.674490759419728,0,0.36025560628784714,0
2026-09-14 11:44:00,1.011736139129592,0,0.35777235414544206,0
2026-09-14 11:45:00,0.927424794202126,0,0.3584580827674203,0
2026-09-14 11:46:00,0.6836107684825272,0,0.33933728351559894,0
2026-09-14 11:47:00,0.7678567770590841,0,0.3671371409728863,0
2026-09-14 11:48:00,1.6903747299169087,0,0.37993567549558543,0
2026-09-14 11:49:00,1.011736139129592,0,0.3355085371160247,0
2026-09-14 11:50:00,0.5979468386201251,0,0.38043878682133864,0
2026-09-14 11:51:00,0.6168731921060214,0,0.3456008546428948,0
2026-09-14 11:52:00,0.5941188638139605,0,0.36727236128428103,0
2026-09-14 11:53:00,0.5551393285677894,0,0.3394795082728103,0
2026-09-14 11:54:00,1.1405521072312146,0,0.3444282474606113,0
2026-09-14 11:55:00,1.770538243476786,0,0.3402657472699264,0
2026-09-14 11:56:00,1.9698192738131026,0,0.3959022333213067,0
2026-09-14 11:57:00,0.9195147663950681,0,0.3762183784567481,0
2026-09-14 11:58:00,0.9344926815029403,0,0.35224503753736225,0
2026-09-14 11:59:00,0.8684018207625487,0,0.3631370169322757,0
2026-09-14 12:00:00,0.6745297163391014,0,0.3469263768464924,0
2026-09-14 12:01:00,0.548023742028529,0,0.33608374854198636,0
2026-09-14 12:02:00,2.149939295650383,0,0.35058604699887713,0
2026-09-14 12:03:00,0.697645392426089,0,0.3552887631363265,0
2026-09-14 12:04:00,0.8634473597513946,0,0.3513794775688124,0
2026-09-14 12:05:00,0.885269121738393,0,0.3629911699132431,0
2026-09-14 12:06:00,0.7006400085460531,0,0.3417580856916684,0
2026-09-14 12:07:00,0.6935734266690332,0,0.3366267240874432,0
2026-09-14 12:08:00,0.7423374490000121,0,0.344225064150442,0
2026-09-14 12:09:00,0.6359595330909877,0,0.352640252047987,0
2026-09-14 12:10:00,2.276406313041582,0,0.38408892257233446,0
2026-09-14 12:11:00,1.770538243476786,0,0.3444589598652082,0
2026-09-14 12:12:00,1.3300094931181976,0,0.36203418168301793,0
2026-09-14 12:13:00,0.6763285664173647,0,0.3626884751884616,0
2026-09-14 12:14:00,1.9760870563173663,0,0.3824548454807612,0
2026-09-14 12:15:00,0.9373936705471286,0,0.3464559474057344,0
2026-09-14 12:16:00,0.7539856477091543,0,0.3509805923866303,0
2026-09-14 12:17:00,1.854849588404252,0,0.340286891378479,0
2026-09-14 12:18:00,2.065627950722917,0,0.3579699346772298,0
2026-09-14 12:19:00,1.644071226085587,0,0.3428028055913855,0
2026-09-14 12:20:00,0.800957776810927,0,0.3359982656445112,0
2026-09-14 12:21:00,1.2646701739119899,0,0.3607477910699092,0
2026-09-14 12:22:00,0.5916988020354077,0,0.3852425644530291,0
2026-09-14 12:23:00,2.360717657969048,0,0.35677212825073695,0
2026-09-14 12:24:00,0.55974858430292,0,0.3452647153552535,0
2026-09-14 12:25:00,0.8431134492746599,0,0.361221512117463,0
2026-09-14 12:26:00,0.6556166143410653,0,0.3421646037372515,0
2026-09-14 12:27:00,0.9660133271490509,0,0.370780118107306,0
2026-09-14 12:28:00,1.433292863766922,0,0.37139259344098086,0
2026-09-14 12:29:00,1.958138253561719,0,0.3970202766898732,0
2026-09-14 12:30:00,0.6836799638784236,0,0.3400972501781059,0
2026-09-14 12:31:00,0.42155672463732996,0,0.36405469107026994,0
2026-09-14 12:32:00,1.1631756041985637,0,0.3747640520140618,0
2026-09-14 12:33:00,1.33407421196259,0,0.3757315078615989,0
2026-09-14 12:34:00,0.3315964584390387,0,0.3390369985809335,0
2026-09-14 12:35:00,1.348981518839456,0,0.3438386256504648,0
2026-09-14 12:36:00,2.360717657969048,0,0.4256791386503547,0
2026-09-14 12:37:00,2.755308639887909,0,0.44463859809967626,0
2026-09-14 12:38:00,0.8431134492746599,0,0.34162654087499256,0
2026-09-14 12:39:00,0.678156427586772,0,0.3355441696294937,0
2026-09-14 12:40:00,2.782274382606378,0,0.3736150883203889,0
2026-09-14 12:41:00,1.245743059258124,0,0.36362608580295375,0
2026-09-14 12:42:00,2.023472278259184,0,0.35152192052631087,0
2026-09-14 12:43:00,1.348981518839456,0,0.35040676972907725,0
2026-09-14 12:44:00,0.6781172209968982,0,0.3387259056527816,0
2026-09-14 12:45:00,0.8431134492746599,0,0.3601603128777002,0
2026-09-14 12:46:00,1.3453157239153795,0,0.3730110000200432,0
2026-09-14 12:47:00,1.201152561067153,0,0.3546076129217532,0
2026-09-14 12:48:00,0.678156427586772,0,0.3442824940699393,0
2026-09-14 12:49:00,1.994763719821716,0,0.3560570846512445,0
2026-09-14 12:50:00,4.219802385906195,1,0.42716422958993244,0
2026-09-14 12:51:00,1.863006423026211,0,0.38380012248582,0
2026-09-14 12:52:00,1.2646701739119899,0,0.35520209319113877,0
2026-09-14 12:53:00,1.517604208694388,0,0.3437887037307698,0
2026-09-14 12:54:00,3.4653965164477465,0,0.41937903447393726,0
2026-09-14 12:55:00,1.6406333122661647,0,0.3713192279754829,0
2026-09-14 12:56:00,1.433292863766922,0,0.33769330031333,0
2026-09-14 12:57:00,1.096047484057058,0,0.33355205657214515,0
2026-09-14 12:58:00,0.22356870162637243,0,0.34814774723287306,0
2026-09-14 12:59:00,0.252934034782398,0,0.34950954936176826,0
2026-09-14 13:00:00,1.770538243476786,0,0.3347113253482285,0
2026-09-14 13:01:00,1.6862268985493198,0,0.3417637774487694,0
2026-09-14 13:02:00,1.981316605795451,0,0.38381802064106585,0
2026-09-14 13:03:00,0.7383705283679202,0,0.38959464588287335,0
2026-09-14 13:04:00,0.8431134492746599,0,0.33176888376056735,0
2026-09-14 13:05:00,1.8328040302538942,0,0.37061102991781963,0
2026-09-14 13:06:00,0.6969737410729633,0,0.34848889616507306,0
2026-09-14 13:07:00,0.6969737410729633,0,0.3352145237447992,0
2026-09-14 13:08:00,2.445029002896514,0,0.3759441578544431,0
2026-09-14 13:09:00,2.5293403478239798,0,0.3574408838183426,0
2026-09-14 13:10:00,1.053891811593325,0,0.3399615717297575,0
2026-09-14 13:11:00,1.8856828665132896,0,0.3576886196031386,0
2026-09-14 13:12:00,1.180358828984524,0,0.35030996761370853,0
2026-09-14 13:13:00,0.674490759419728,0,0.3331628515701847,0
2026-09-14 13:14:00,0.927424794202126,0,0.3611607542448227,0
2026-09-14 13:15:00,0.6969737410729633,0,0.33880963880784837,0
2026-09-14 13:16:00,1.3153752320110939,0,0.3391921635331753,0
2026-09-14 13:17:00,1.517604208694388,0,0.3718491504539757,0
2026-09-14 13:18:00,0.9733749090064706,0,0.35229115392672494,0
2026-09-14 13:19:00,31.582922073107,1,0.6662956617273935,1
2026-09-14 13:20:00,30.89766663605859,1,0.6883366361386252,1
2026-09-14 13:21:00,21.121968380183674,1,0.6208130410958546,1
2026-09-14 13:22:00,24.157292351303873,1,0.613287105594838,1
2026-09-14 13:23:00,24.356335557466156,1,0.6007896509939119,0
2026-09-14 13:24:00,25.54603171041796,1,0.6104525805067096,1
2026-09-14 13:25:00,21.070824859531285,1,0.5643065275813812,0
2026-09-14 13:26:00,26.75233890564726,1,0.6131254541919469,1
2026-09-14 13:27:00,30.164432362138708,1,0.6274846552787955,1
2026-09-14 13:28:00,20.8093646955934,1,0.5617455652767142,0
2026-09-14 13:29:00,27.41770737014908,1,0.5976700786014653,0
2026-09-14 13:30:00,15.387055611659544,1,0.5388601343892074,0
2026-09-14 13:31:00,0.8670341170047777,0,0.43958681385934983,0
2026-09-14 13:32:00,1.1801156990844486,0,0.39429261288787154,0
2026-09-14 13:33:00,1.6487551897081139,0,0.411560268389531,0
2026-09-14 13:34:00,0.7512561193579053,0,0.39563102128898414,0
2026-09-14 13:35:00,0.8243775948540569,0,0.40025966027055326,0
2026-09-14 13:36:00,1.5560495156555307,0,0.3861191337899738,0
2026-09-14 13:37:00,1.536340063137106,0,0.4460694970775864,0
2026-09-14 13:38:00,2.0234722782781396,0,0.3887108874361824,0
2026-09-14 13:39:00,2.02166609074622,0,0.40843937583124024,0
2026-09-14 13:40:00,1.5833184658879886,0,0.448062726380063,0
2026-09-14 13:41:00,1.1241512657100776,0,0.3690222202353469,0
2026-09-14 13:42:00,2.531939364819392,0,0.4525993802240313,0
2026-09-14 13:43:00,1.0492078479960725,0,0.3544446502183832,0
2026-09-14 13:44:00,1.5738117719941087,0,0.3687023888413009,0
2026-09-14 13:45:00,0.8607200989554691,0,0.3398250595229216,0
2026-09-14 13:46:00,0.7464802305664388,0,0.34469457964723405,0
2026-09-14 13:47:00,0.8605038883542155,0,0.3880380780105062,0
2026-09-14 13:48:00,0.41362020137723343,0,0.33851945093979224,0
2026-09-14 13:49:00,1.271782302383538,0,0.3436758029650063,0
2026-09-14 13:50:00,1.6487551897081139,0,0.33555839785334063,0
2026-09-14 13:51:00,2.098415695992145,0,0.34366484887037374,0
2026-09-14 13:52:00,1.9564470826540448,0,0.40681350458236176,0
2026-09-14 13:53:00,0.9742644302820672,0,0.3551282424295777,0
2026-09-14 13:54:00,1.9008374756535384,0,0.4061480501785338,0
2026-09-14 13:55:00,1.822947998452467,0,0.33661810005072756,0
2026-09-14 13:56:00,1.3296258461145458,0,0.3447753197297015,0
2026-09-14 13:57:00,2.098415695992145,0,0.3498659424141539,0
2026-09-14 13:58:00,1.3125225588857763,0,0.35687485301028204,0
2026-09-14 13:59:00,0.7169106858607069,0,0.3407776708755566,0
2026-09-14 14:00:00,0.652398205784272,0,0.36821114861724197,0
2026-09-14 14:01:00,0.5833433595047894,0,0.34090029876844835,0
2026-09-14 14:02:00,1.8033384426172412,0,0.35655065302595684,0
2026-09-14 14:03:00,1.7986420251361241,0,0.345621017519649,0
2026-09-14 14:04:00,1.933552836529434,0,0.38609825302034817,0
2026-09-14 14:05:00,1.3125225588857763,0,0.34633392731802237,0
2026-09-14 14:06:00,0.7251992213650095,0,0.3423588075882834,0
2026-09-14 14:07:00,1.1818429073245473,0,0.3362347248480791,0
2026-09-14 14:08:00,1.002513442245515,0,0.3488816398336545,0
2026-09-14 14:09:00,1.0389532179653898,0,0.34958181948770883,0
2026-09-14 14:10:00,1.9018386015961106,0,0.3706989742046699,0
2026-09-14 14:11:00,1.9485288605641344,0,0.34300865487201754,0
2026-09-14 14:12:00,0.7903035046555786,0,0.36420884164989875,0
2026-09-14 14:13:00,1.2396046389476776,0,0.3456331090474399,0
2026-09-14 14:14:00,0.9167954436690894,0,0.3353652352070649,0
2026-09-14 14:15:00,1.4527493280029367,0,0.38557248435253255,0
2026-09-14 14:16:00,2.4425421793598274,0,0.36501462084971154,0
2026-09-14 14:17:00,0.72127922581841,0,0.35360154930300874,0
2026-09-14 14:18:00,0.8093889113173217,0,0.3344811576453344,0
2026-09-14 14:19:00,1.06125130021738,0,0.34782780029306426,0
2026-09-14 14:20:00,0.72127922581841,0,0.3428060070267998,0
2026-09-14 14:21:00,1.821125050463974,0,0.35398262564253,0
2026-09-14 14:22:00,1.6122261365117039,0,0.35105095494492145,0
2026-09-14 14:23:00,1.1466342910328724,0,0.3505490808660021,0
2026-09-14 14:24:00,2.5630648858381857,0,0.38699597925746554,0
2026-09-14 14:25:00,1.6663130859174893,0,0.34583768318793223,0
2026-09-14 14:26:00,1.5026310140398675,0,0.3658440434068471,0
2026-09-14 14:27:00,0.9780116011750971,0,0.33299652709236827,0
2026-09-14 14:28:00,0.9531397723117936,0,0.3356395394120111,0
2026-09-14 14:29:00,1.2140833669759825,0,0.3494164495142028,0
2026-09-14 14:30:00,2.3246374465031328,0,0.3700696761176015,0
2026-09-14 14:31:00,0.451145989543296,0,0.3546090763371048,0
2026-09-14 14:32:00,1.3152569808906478,0,0.33438710140135613,0
2026-09-14 14:33:00,0.7471952757228342,0,0.3347766810216534,0
2026-09-14 14:34:00,0.7841986421130936,0,0.35650297127335756,0
2026-09-14 14:35:00,0.9039099257956217,0,0.3417164209293858,0
2026-09-14 14:36:00,0.6744907594311015,0,0.35980651952085885,0
2026-09-14 14:37:00,1.3072384938296073,0,0.3389614840809593,0
2026-09-14 14:38:00,1.7602543176936338,0,0.3567628310957281,0
2026-09-14 14:39:00,1.262027959897174,0,0.35135338380128306,0
2026-09-14 14:40:00,1.0791852150897623,0,0.34026798569505223,0
2026-09-14 14:41:00,0.20703559724677548,0,0.3357424331604893,0
2026-09-14 14:42:00,0.7476282653163063,0,0.34084981340050635,0
2026-09-14 14:43:00,0.46062783570980265,0,0.3388393293978573,0
2026-09-14 14:44:00,0.7476282653163063,0,0.3388555021930997,0
2026-09-14 14:45:00,0.9212556714196053,0,0.34121309679057293,0
2026-09-14 14:46:00,0.9038005456593822,0,0.3414848857069222,0
2026-09-14 14:47:00,2.2304972784388597,0,0.38961087737687355,0
2026-09-14 14:48:00,1.2594917680770465,0,0.34045715842320795,0
2026-09-14 14:49:00,0.8554516948896335,0,0.3405388552412456,0
2026-09-14 14:50:00,0.8225497066246475,0,0.33424649558820635,0
2026-09-14 14:51:00,0.7058623798592715,0,0.33015429668014484,0
2026-09-14 14:52:00,0.7018056995152547,0,0.3415908585952434,0
2026-09-14 14:53:00,0.7018056995152547,0,0.33117503270866944,0
2026-09-14 14:54:00,1.032599005281821,0,0.3725617986395404,0
2026-09-14 14:55:00,2.8005580096590212,0,0.41520623382879324,0
2026-09-14 14:56:00,0.8784065704260331,0,0.36323099953187765,0
2026-09-14 14:57:00,1.2045409453076363,0,0.3556737390543112,0
2026-09-14 14:58:00,1.5355251014824969,0,0.36735859035247503,0
2026-09-14 14:59:00,1.5072487874177318,0,0.3630987591960851,0
2026-09-14 15:00:00,1.9766667471078523,0,0.4032932423429783,0
2026-09-14 15:01:00,1.2813388864427726,0,0.34202292094526043,0
2026-09-14 15:02:00,0.9132183781972151,0,0.34413461754055324,0
2026-09-14 15:03:00,1.2365663923042534,0,0.3937142969723743,0
2026-09-14 15:04:00,1.111489814965836,0,0.3805909867603602,0
2026-09-14 15:05:00,1.1630469944914799,0,0.3705999909118768,0
2026-09-14 15:06:00,0.5058680695790128,0,0.3465779176353375,0
2026-09-14 15:07:00,1.52057279162824,0,0.3680742290417368,0
2026-09-14 15:08:00,1.1629670175724633,0,0.34753362847896935,0
2026-09-14 15:09:00,0.28103781643278486,0,0.33377634170790416,0
2026-09-14 15:10:00,23.033717528769802,1,0.7144546365616111,1
2026-09-14 15:11:00,23.617821179618996,1,0.715111264576833,1
2026-09-14 15:12:00,20.367226665749154,1,0.7115580727268662,1
2026-09-14 15:13:00,19.607634377523834,1,0.6715797233721744,1
2026-09-14 15:14:00,20.279398828687626,1,0.6721460562718046,1
2026-09-14 15:15:00,22.294662470420967,1,0.696799117641691,1
2026-09-14 15:16:00,23.4232060820829,1,0.695063778396679,1
2026-09-14 15:17:00,17.988243597660016,1,0.6911476648881192,1
2026-09-14 15:18:00,18.654241535956544,1,0.6670609112924651,1
2026-09-14 15:19:00,19.250499739771403,1,0.6712965153527147,1
2026-09-14 15:20:00,25.82861215808244,1,0.7255291474427354,1
2026-09-14 15:21:00,22.68590549538608,1,0.7032030773089372,1
2026-09-14 15:22:00,23.037191274284037,1,0.7085449125571373,1
2026-09-14 15:23:00,17.997541405538698,1,0.6730206286967336,1
2026-09-14 15:24:00,19.69091900638014,1,0.6967530443402555,1
2026-09-14 15:25:00,21.66877423871764,1,0.6888430664496235,1
2026-09-14 15:26:00,17.97941377294413,1,0.6662403214059541,1
2026-09-14 15:27:00,23.258182819615904,1,0.7012748463942076,1
2026-09-14 15:28:00,23.353443684276684,1,0.7192071318161457,1
2026-09-14 15:29:00,24.175794798821542,1,0.7021320334644028,1
2026-09-14 15:30:00,1.4801107179883024,0,0.3875584665892086,0
2026-09-14 15:31:00,1.4946605823030692,0,0.3973935971167685,0
2026-09-14 15:32:00,0.7479679217402113,0,0.3742116935272713,0
2026-09-14 15:33:00,0.7432339475519807,0,0.3567513914072923,0
2026-09-14 15:34:00,0.8038926456022188,0,0.3647699674806136,0
2026-09-14 15:35:00,1.1352030952384746,0,0.4007669367545854,0
2026-09-14 15:36:00,0.9930838431087271,0,0.3637294226246914,0
2026-09-14 15:37:00,1.4042019412761368,0,0.37395110475342414,0
2026-09-14 15:38:00,1.502274873287574,0,0.3700125041995826,0
2026-09-14 15:39:00,0.7384999733637503,0,0.34653192662052784,0
2026-09-14 15:40:00,0.5098999612072926,0,0.39540989333377013,0
2026-09-14 15:41:00,0.5529469130318321,0,0.34225415339875376,0
2026-09-14 15:42:00,1.1129265569882603,0,0.3510353139391017,0
2026-09-14 15:43:00,0.3679040506010385,0,0.3363701163364264,0
2026-09-14 15:44:00,1.3235912971945056,0,0.3791198512286145,0
2026-09-14 15:45:00,0.9179394243622845,0,0.3475058479689521,0
2026-09-14 15:46:00,1.1804869317057862,0,0.37230097087638403,0
2026-09-14 15:47:00,0.7479679217402113,0,0.3327338133420507,0
2026-09-14 15:48:00,1.340721213682657,0,0.34739099917825395,0
2026-09-14 15:49:00,1.2861693820281508,0,0.3785839840675554,0
2026-09-14 15:50:00,0.7479679217402113,0,0.36988613323037633,0
2026-09-14 15:51:00,0.5457069620701012,0,0.344851418369909,0
2026-09-14 15:52:00,0.5328196105450066,0,0.34354958616379827,0
2026-09-14 15:53:00,0.43920328521301655,0,0.3675783721042106,0
2026-09-14 15:54:00,1.7526561248983823,0,0.38563398478720295,0
2026-09-14 15:55:00,0.8892774153787733,0,0.3409119352823106,0
2026-09-14 15:56:00,1.027795442945932,0,0.3537774585715236,0
2026-09-14 15:57:00,1.539933956523968,0,0.3995400999355949,0
2026-09-14 15:58:00,0.7528248562969639,0,0.3442683347639167,0
2026-09-14 15:59:00,0.7528248562969639,0,0.35830407336447273,0
2026-09-14 16:00:00,0.9635582277618111,0,0.34615758983263156,0
2026-09-14 16:01:00,0.7576817908537167,0,0.34003589654485306,0
2026-09-14 16:02:00,0.760128261697555,0,0.3805043688662801,0
2026-09-14 16:03:00,1.2140833669759825,0,0.34399197097690754,0
2026-09-14 16:04:00,1.4519492900831723,0,0.4273881543288134,0
2026-09-14 16:05:00,0.7506553323416261,0,0.34059398619162823,0
2026-09-14 16:06:00,0.8225497066246475,0,0.3435837861847769,0
2026-09-14 16:07:00,1.8760334575070834,0,0.4246154249183696,0
2026-09-14 16:08:00,1.1397756529933234,0,0.359012539855729,0
2026-09-14 16:09:00,0.7396924153374849,0,0.3350020354546335,0
2026-09-14 16:10:00,0.7349202062062773,0,0.34116941297178555,0
2026-09-14 16:11:00,1.0532380703811133,0,0.3584220609078503,0
2026-09-14 16:12:00,0.6744907594311015,0,0.33551076284197034,0
2026-09-14 16:13:00,0.737445063395016,0,0.3319208985004658,0
2026-09-14 16:14:00,0.7352113260098904,0,0.4106788161185414,0
2026-09-14 16:15:00,1.1466342910328724,0,0.38620532639343363,0
2026-09-14 16:16:00,0.726713549011955,0,0.3436314626157918,0
2026-09-14 16:17:00,0.7082152974026565,0,0.33845272338394305,0
2026-09-14 16:18:00,0.9103794417636485,0,0.36128517519517395,0
2026-09-14 16:19:00,0.829347760231426,0,0.3370979820753361,0
2026-09-14 16:20:00,1.348981518862203,0,0.3372351908874345,0
2026-09-14 16:21:00,0.7174552955496554,0,0.3328599406385787,0
2026-09-14 16:22:00,0.864618933589664,0,0.379440182919622,0
2026-09-14 16:23:00,0.7915107622629244,0,0.337115683369896,0
2026-09-14 16:24:00,1.4838796707484232,0,0.3671023906407551,0
2026-09-14 16:25:00,0.7084299821183785,0,0.3449571020416525,0
2026-09-14 16:26:00,0.92419590268068,0,0.3540376634139618,0
2026-09-14 16:27:00,0.5101092991679143,0,0.3533676203539144,0
2026-09-14 16:28:00,0.5833433595047894,0,0.36427709554020893,0
2026-09-14 16:29:00,0.5481096164871831,0,0.33817781095584365,0
2026-09-14 16:30:00,0.3747170885700259,0,0.3334349427516596,0
2026-09-14 16:31:00,1.458461400945059,0,0.36073937488097496,0
2026-09-14 16:32:00,1.2059110276546328,0,0.3486571252639651,0
2026-09-14 16:33:00,0.8050971893945799,0,0.33747798726361267,0
2026-09-14 16:34:00,0.7119624682830492,0,0.3433530199707742,0
2026-09-14 16:35:00,0.69962892635792,0,0.337294663914651,0
2026-09-14 16:36:00,0.5769778089401942,0,0.3347234654285204,0
2026-09-14 16:37:00,0.7849507579253183,0,0.3762735669265963,0
2026-09-14 16:38:00,1.6018253086320886,0,0.36528199396512423,0
2026-09-14 16:39:00,0.7893262777692667,0,0.342097483895731,0
2026-09-14 16:40:00,0.8993210125680621,0,0.3404149365069298,0
2026-09-14 16:41:00,1.0307095176523369,0,0.33532817135694,0
2026-09-14 16:42:00,1.1056413583281268,0,0.3617136497208548,0
2026-09-14 16:43:00,1.0625612296828115,0,0.34495171319066814,0
2026-09-14 16:44:00,0.8243775948540569,0,0.3432991811757029,0
2026-09-14 16:45:00,0.3747170885700259,0,0.3744560737497576,0
2026-09-14 16:46:00,0.9058638732930433,0,0.34680010137279754,0
2026-09-14 16:47:00,0.5995473417120414,0,0.36110500372897875,0
2026-09-14 16:48:00,0.6806291519062303,0,0.33469304084556245,0
2026-09-14 16:49:00,0.3747170885700259,0,0.3779106743001305,0
2026-09-14 16:50:00,0.6869305159670324,0,0.34244222557431014,0
2026-09-14 16:51:00,0.9455017075593843,0,0.34388584361396385,0
2026-09-14 16:52:00,0.6869305159670324,0,0.3376294087826073,0
2026-09-14 16:53:00,1.0708568394329419,0,0.3462423280677699,0
2026-09-14 16:54:00,0.44966050628403104,0,0.3393313284607737,0
2026-09-14 16:55:00,0.8764723606048426,0,0.37510884208077283,0
2026-09-14 16:56:00,0.6765408456060971,0,0.3530823119335297,0
2026-09-14 16:57:00,0.6744907219456088,0,0.3365684348591873,0
2026-09-14 16:58:00,1.6605282529980734,0,0.3579927168863908,0
2026-09-14 16:59:00,0.6744907219456088,0,0.34148453808559975,0
2026-09-14 17:00:00,2.0631482052941057,0,0.33909715555759745,0
2026-09-14 17:01:00,0.8728703945475064,0,0.3893889655915441,0
2026-09-14 17:02:00,0.7815931219927378,0,0.3495554496516548,0
2026-09-14 17:03:00,0.6786794783931553,0,0.34520060738846753,0
2026-09-14 17:04:00,0.4821107392292026,0,0.3419389914182315,0
2026-09-14 17:05:00,1.0315741026470528,0,0.3711383916510664,0
2026-09-14 17:06:00,1.5540897903762423,0,0.36400237374750616,0
2026-09-14 17:07:00,0.8457983476132611,0,0.34460394725518473,0
2026-09-14 17:08:00,1.0065694890841677,0,0.38057201345372116,0
2026-09-14 17:09:00,0.8728703945475064,0,0.372115512928526,0
2026-09-14 17:10:00,1.9119015580862309,0,0.3636185928973454,0
2026-09-14 17:11:00,1.1039100397485142,0,0.3859011244478009,0
2026-09-14 17:12:00,0.3174074161990932,0,0.34585335791928346,0
2026-09-14 17:13:00,1.7457407890950127,0,0.34862129051542595,0
2026-09-14 17:14:00,1.047607987531881,0,0.3688528109657725,0
2026-09-14 17:15:00,0.6999451790528651,0,0.3316487402625938,0
2026-09-14 17:16:00,1.408576221154379,0,0.3536174158229973,0
2026-09-14 17:17:00,0.8175645568744864,0,0.33228507577744976,0
2026-09-14 17:18:00,1.4085029445729005,0,0.3965068010578646,0
2026-09-14 17:19:00,1.2263468353117295,0,0.34961554259790273,0
2026-09-14 17:20:00,0.7947380060828739,0,0.3492470920739582,0
2026-09-14 17:21:00,1.0628339239368323,0,0.3682685437614438,0
2026-09-14 17:22:00,0.7088623971056264,0,0.3466861498273358,0
2026-09-14 17:23:00,4.721435315938096,1,0.42908996630502655,0
2026-09-14 17:24:00,4.552812626083164,1,0.41624123096682203,0
2026-09-14 17:25:00,5.0586806956479595,1,0.4779957781930419,0
2026-09-14 17:26:00,4.890058005793028,1,0.4383005204727668,0
2026-09-14 17:27:00,4.8057466608655615,1,0.43594571968797424,0
2026-09-14 17:28:00,4.63712397101063,1,0.4185744631591055,0
2026-09-14 17:29:00,4.8057466608655615,1,0.4243192183375096,0
2026-09-14 17:30:00,5.227303385502892,1,0.47880685291782343,0
2026-09-14 17:31:00,5.311614730430358,1,0.4776186234085965,0
2026-09-14 17:32:00,4.82363088555947,1,0.4001349146278364,0
2026-09-14 17:33:00,5.150656708309264,1,0.5843413932957626,0
2026-09-14 17:34:00,4.3643519727375315,1,0.43770745778188797,0
2026-09-14 17:35:00,2.168841689133348,0,0.4905981126532155,0
2026-09-14 17:36:00,1.0315741026470528,0,0.43067900525038577,0
2026-09-14 17:37:00,0.9918981756221663,0,0.4833792697393711,0
2026-09-14 17:38:00,0.6430234153711882,0,0.4376102850317667,0
2026-09-14 17:39:00,1.0488662482468276,0,0.39140735885753536,0
2026-09-14 17:40:00,0.6430234153711882,0,0.4058454115886905,0
2026-09-14 17:41:00,2.373340969460951,0,0.4115144983155256,0
2026-09-14 17:42:00,0.2635341866275418,0,0.4302081866271001,0
2026-09-14 17:43:00,1.3281945840188198,0,0.4285248123571198,0
2026-09-14 17:44:00,0.7141666864479598,0,0.37589813700714414,0
2026-09-14 17:45:00,0.3174074161990932,0,0.3579350372115256,0
2026-09-14 17:46:00,0.7141666864479598,0,0.3807772283444725,0
2026-09-14 17:47:00,0.9317473503534522,0,0.3536110986813891,0
2026-09-14 17:48:00,0.6666523077588312,0,0.3402160294153247,0
2026-09-14 17:49:00,0.9349355536088905,0,0.3444867997509422,0
2026-09-14 17:50:00,0.6666523077588312,0,0.3378136195378226,0
2026-09-14 17:51:00,0.6666523077588312,0,0.33860613472719103,0
2026-09-14 17:52:00,1.6862268985493198,0,0.3527092827908955,0
2026-09-14 17:53:00,0.758802104347194,0,0.3348236838353479,0
2026-09-14 17:54:00,1.391137191303189,0,0.3444537685151951,0
2026-09-14 17:55:00,1.144590379624281,0,0.3460691509245466,0
2026-09-14 17:56:00,0.9810774682493837,0,0.3445857808671029,0
2026-09-14 17:57:00,0.9564714957839778,0,0.34518230766768154,0
2026-09-14 17:58:00,1.203625251734099,0,0.35781421474975184,0
2026-09-14 17:59:00,1.517604208694388,0,0.345206096715378,0
2026-09-14 18:00:00,1.011736139129592,0,0.41925871432209605,0
2026-09-14 18:01:00,1.096047484057058,0,0.3431546861624848,0
2026-09-14 18:02:00,2.10778362318665,0,0.35055214726345163,0
2026-09-14 18:03:00,1.9429387938013152,0,0.36050044952202,0
2026-09-14 18:04:00,1.2230607722553555,0,0.36226472642963276,0
2026-09-14 18:05:00,0.8431134492746599,0,0.33276840269280883,0
2026-09-14 18:06:00,0.8438554756081909,0,0.3446938935998454,0
2026-09-14 18:07:00,0.9869340596161047,0,0.33616058791350045,0
2026-09-14 18:08:00,0.8507694418757277,0,0.3540871454224388,0
2026-09-14 18:09:00,1.6862268985493198,0,0.34577520695390146,0
2026-09-14 18:10:00,1.81311520399746,0,0.3738481574588637,0
2026-09-14 18:11:00,0.505868069564796,0,0.33922555058181403,0
2026-09-14 18:12:00,1.6862268985493198,0,0.3676553909504739,0
2026-09-14 18:13:00,0.8640627144050406,0,0.3348675984249951,0
2026-09-14 18:14:00,1.601915553621854,0,0.3380183732545933,0
2026-09-14 18:15:00,0.252934034782398,0,0.34036223048039094,0
2026-09-14 18:16:00,1.939160933331718,0,0.37065815107967753,0
2026-09-14 18:17:00,1.222514501448257,0,0.34998468747426853,0
2026-09-14 18:18:00,1.0770370515445153,0,0.39551357196214065,0
2026-09-14 18:19:00,1.180358828984524,0,0.333613616881677,0
2026-09-14 18:20:00,1.0667537623900996,0,0.34110764211974365,0
2026-09-14 18:21:00,1.1094239128857053,0,0.3557477991155233,0
2026-09-14 18:22:00,0.9093638630210689,0,0.3490958458786575,0
2026-09-14 18:23:00,1.4668189980706685,0,0.34742472532725394,0
2026-09-14 18:24:00,0.7949062949890553,0,0.3427866846330559,0
2026-09-14 18:25:00,0.993632868736322,0,0.34085851691069974,0
2026-09-14 18:26:00,3.0679094012561734,0,0.4092497272634342,0
2026-09-14 18:27:00,0.49897467907830717,0,0.3442414412110977,0
2026-09-14 18:28:00,0.856052933065137,0,0.35022460282567897,0
2026-09-14 18:29:00,0.883229216654507,0,0.34066537400551655,0
2026-09-14 18:30:00,0.943109163546338,0,0.341659159241107,0
2026-09-14 18:31:00,0.9520867595556377,0,0.342373075539984,0
2026-09-14 18:32:00,0.8431134492746599,0,0.3367351500899803,0
2026-09-14 18:33:00,1.180358828984524,0,0.3589613136908296,0
2026-09-14 18:34:00,1.517604208694388,0,0.36888395693253,0
2026-09-14 18:35:00,1.5643706477416572,0,0.4170759699558896,0
2026-09-14 18:36:00,1.096047484057058,0,0.344497674107362,0
2026-09-14 18:37:00,0.9762007131444593,0,0.34486176406686553,0
2026-09-14 18:38:00,0.8455473309425078,0,0.33951092000827826,0
2026-09-14 18:39:00,1.180358828984524,0,0.3396946327970912,0
2026-09-14 18:40:00,1.2861044657189633,0,0.3627945678066405,0
2026-09-14 18:41:00,1.7121058661302795,0,0.3478914022052672,0
2026-09-14 18:42:00,1.6609982283353484,0,0.3782383375688801,0
2026-09-14 18:43:00,1.011736139129592,0,0.34258029800220247,0
2026-09-14 18:44:00,2.6082862804328535,0,0.3958042402546522,0
2026-09-14 18:45:00,0.943109163546338,0,0.374324409000691,0
2026-09-14 18:46:00,0.4960567000041796,0,0.33456578005579135,0
2026-09-14 18:47:00,0.969580466665859,0,0.34311930965458437,0
2026-09-14 18:48:00,0.758802104347194,0,0.34066049276310817,0
2026-09-14 18:49:00,0.42155672463732996,0,0.3305031516437391,0
2026-09-14 18:50:00,0.943109163546338,0,0.3695023308539857,0
2026-09-14 18:51:00,0.758802104347194,0,0.3333166790427084,0
2026-09-14 18:52:00,0.46496099699098364,0,0.34054321969494866,0
2026-09-14 18:53:00,1.5249539654393065,0,0.37602322024631263,0
2026-09-14 18:54:00,0.674490759419728,0,0.3345935339641623,0
2026-09-14 18:55:00,1.9524014262889187,0,0.3727607892524688,0
2026-09-14 18:56:00,1.0492920756789765,0,0.34158708399950644,0
2026-09-14 18:57:00,0.252934034782398,0,0.33244842459208923,0
2026-09-14 18:58:00,0.8694287601442845,0,0.334653361503359,0
2026-09-14 18:59:00,0.4628679012315386,0,0.3343867879928654,0
2026-09-14 19:00:00,1.0363769631954889,0,0.35754349563303456,0
2026-09-14 19:01:00,0.758802104347194,0,0.34937639702784573,0
2026-09-14 19:02:00,1.9187393327322109,0,0.3810446861816922,0
2026-09-14 19:03:00,1.517604208694388,0,0.34173867259115154,0
2026-09-14 19:04:00,0.590179414492262,0,0.33415454845281606,0
2026-09-14 19:05:00,1.0498762386647915,0,0.33933950505141625,0
2026-09-14 19:06:00,1.1678474906226868,0,0.3494836776936517,0
2026-09-14 19:07:00,1.096047484057058,0,0.3350272884069428,0
2026-09-14 19:08:00,2.4326184490156493,0,0.4359912995671711,0
2026-09-14 19:09:00,0.8976710310961963,0,0.34529350423654837,0
2026-09-14 19:10:00,1.5185776632169878,0,0.3904890863838562,0
2026-09-14 19:11:00,1.3343466700425344,0,0.3888754830802582,0
2026-09-14 19:12:00,1.0425007497764005,0,0.3445581807493592,0
2026-09-14 19:13:00,0.7918448925893558,0,0.3403648409621827,0
2026-09-14 19:14:00,0.9706233302061177,0,0.33624557937321264,0
2026-09-14 19:15:00,0.8431134492746599,0,0.33530309081809423,0
2026-09-14 19:16:00,3.0364552459104597,0,0.387898703883615,0
2026-09-14 19:17:00,0.42155672463732996,0,0.3418357970923213,0
2026-09-14 19:18:00,0.981582882936139,0,0.33989747266012943,0
2026-09-14 19:19:00,1.119004486547199,0,0.3442303646919417,0
2026-09-14 19:20:00,0.590179414492262,0,0.33876548809541596,0
2026-09-14 19:21:00,1.6069557217279067,0,0.4108155021917564,0
2026-09-14 19:22:00,3.6833787689640207,1,0.43373799262493473,0
2026-09-14 19:23:00,1.141841312803263,0,0.35733358563690815,0
2026-09-14 19:24:00,1.3674128942608559,0,0.35385847529716247,0
2026-09-14 19:25:00,2.283682625606526,0,0.4173947564226663,0
2026-09-14 19:26:00,1.7837885051074478,0,0.37023590573628573,0
2026-09-14 19:27:00,1.0759658524492282,0,0.38109362525260754,0
2026-09-14 19:28:00,1.939160933331718,0,0.38420256689293875,0
2026-09-14 19:29:00,1.0983965033836443,0,0.33716348028592696,0
2026-09-14 19:30:00,1.0386948138838352,0,0.3414090160283473,0
2026-09-14 19:31:00,1.433292863766922,0,0.34099994946627643,0
2026-09-14 19:32:00,0.42155672463732996,0,0.3340269406767301,0
2026-09-14 19:33:00,1.0556646099501827,0,0.35596165360133414,0
2026-09-14 19:34:00,1.6355677214421,0,0.3618028457147454,0
2026-09-14 19:35:00,0.6809155407387223,0,0.3498300942145752,0
2026-09-14 19:36:00,2.4326184490156493,0,0.3955732263922267,0
2026-09-14 19:37:00,1.222514501448257,0,0.3405496768858158,0
2026-09-14 19:38:00,0.758802104347194,0,0.3328610813772038,0
2026-09-14 19:39:00,1.297807347400241,0,0.34164306980877845,0
2026-09-14 19:40:00,1.348981518839456,0,0.340656614471538,0
2026-09-14 19:41:00,1.1833485065579439,0,0.3485000325528747,0
2026-09-14 19:42:00,0.8431134492746599,0,0.3406075470627072,0
2026-09-14 19:43:00,1.011736139129592,0,0.3375547331675233,0
2026-09-14 19:44:00,0.5679182337377037,0,0.33848628037480366,0
2026-09-14 19:45:00,1.433292863766922,0,0.39429209368646434,0
2026-09-14 19:46:00,1.1307251845993094,0,0.33507405824854786,0
2026-09-14 19:47:00,3.2740568830748056,0,0.39293189216157404,0
2026-09-14 19:48:00,0.590179414492262,0,0.3332240227453178,0
2026-09-14 19:49:00,1.9548130310021923,0,0.3620957887405589,0
2026-09-14 19:50:00,1.0507293400160322,0,0.3515702959668029,0
2026-09-14 19:51:00,2.3537544659006007,0,0.3582150254493866,0
2026-09-14 19:52:00,1.0626338400865865,0,0.345246899556146,0
2026-09-14 19:53:00,2.2614503691986187,0,0.3574598905997462,0
2026-09-14 19:54:00,0.758802104347194,0,0.337015180415415,0
2026-09-14 19:55:00,1.348981518839456,0,0.34563516877526,0
2026-09-14 19:56:00,1.854849588404252,0,0.3713028622274242,0
2026-09-14 19:57:00,1.2605295121137274,0,0.36463647152731726,0
2026-09-14 19:58:00,0.8028931758662794,0,0.3601048243037807,0
2026-09-14 19:59:00,1.195619663826169,0,0.344605742247581,0
2026-09-14 20:00:00,1.7474843761989325,0,0.37987256343616504,0
2026-09-14 20:01:00,1.1089804695108594,0,0.34414058536676334,0
2026-09-14 20:02:00,1.1307251845993094,0,0.38669171091426574,0
2026-09-14 20:03:00,1.3353217588577118,0,0.36010030063356935,0
2026-09-14 20:04:00,1.0297675788315106,0,0.3480338846747888,0
2026-09-14 20:05:00,1.0679071187882356,0,0.3877178968812997,0
2026-09-14 20:06:00,3.2641689291263045,0,0.46543459075987836,0
2026-09-14 20:07:00,1.854849588404252,0,0.351506223344966,0
2026-09-14 20:08:00,1.021955696093108,0,0.35152442758645674,0
2026-09-14 20:09:00,0.8872742649049498,0,0.3429326079859974,0
2026-09-14 20:10:00,1.2672250631554538,0,0.34385252315047576,0
2026-09-14 20:11:00,2.883349220728239,0,0.3834800710775783,0
2026-09-14 20:12:00,0.3083386328798182,0,0.3319504361041364,0
2026-09-14 20:13:00,0.4093907468070731,0,0.34324014962899146,0
2026-09-14 20:14:00,1.3717477363488062,0,0.3515524833006426,0
2026-09-14 20:15:00,1.9621549364987674,0,0.3868403635704133,0
2026-09-14 20:16:00,0.9474487386825079,0,0.3444348594750787,0
2026-09-14 20:17:00,1.3770498999054555,0,0.38115698844831475,0
2026-09-14 20:18:00,1.204918662417272,0,0.3471794782920215,0
2026-09-14 20:19:00,1.2263468353117295,0,0.3365831219524215,0
2026-09-14 20:20:00,1.9648384026275174,0,0.3698177121112413,0
2026-09-14 20:21:00,0.8864735695294773,0,0.34820498082879064,0
2026-09-14 20:22:00,2.4381019472422247,0,0.3801984186885268,0
2026-09-14 20:23:00,1.1354076902215342,0,0.3490440427716188,0
2026-09-14 20:24:00,1.388992046239892,0,0.400268273593786,0
2026-09-14 20:25:00,1.6204907206132033,0,0.4036689361308139,0
2026-09-14 20:26:00,1.630120286887941,0,0.3963585556980793,0
2026-09-14 20:27:00,3.1533873482202934,0,0.43357558572679433,0
2026-09-14 20:28:00,1.7692459981439492,0,0.36726477697142296,0
2026-09-14 20:29:00,0.18735854428501295,0,0.33619378729423105,0
2026-09-14 20:30:00,0.5236735084425367,0,0.3393414040171448,0
2026-09-14 20:31:00,1.2982370302269006,0,0.3510553621008306,0
2026-09-14 20:32:00,0.26850453665298135,0,0.3435517417827195,0
2026-09-14 20:33:00,3.957011985857672,1,0.356353380039655,0
2026-09-14 20:34:00,1.0056688057355108,0,0.3575625465758891,0
2026-09-14 20:35:00,1.1357061976708984,0,0.3512367479444469,0
2026-09-14 20:36:00,0.782896788634652,0,0.3587288633898123,0
2026-09-14 20:37:00,2.746258836025818,0,0.38317261705598804,0
2026-09-14 20:38:00,0.2667759398595816,0,0.33734923145065465,0
2026-09-14 20:39:00,0.492231696552947,0,0.33753991902429104,0
2026-09-14 20:40:00,0.969580466665859,0,0.33413643073343685,0
2026-09-14 20:41:00,20408163.2653061,1,0.34901036732719676,0
2026-09-14 20:42:00,17241379.3103448,1,0.37798975036939286,0
2026-09-14 20:43:00,1.5616364348604737,0,0.3642146785419177,0
2026-09-14 20:44:00,1.5288457213427902,0,0.34991375673739816,0
2026-09-14 20:45:00,1.1691173163209572,0,0.34818074941916755,0
2026-09-14 20:46:00,0.943603848442124,0,0.33631873289304065,0
2026-09-14 20:47:00,0.3147623543941039,0,0.3330558433789756,0
2026-09-14 20:48:00,0.719456810043666,0,0.3816902668599978,0
2026-09-14 20:49:00,1.006438306795532,0,0.34106039912196506,0
2026-09-14 20:50:00,0.8431134492746599,0,0.3468052510179168,0
2026-09-14 20:51:00,0.7511525766984064,0,0.33646897682955035,0
2026-09-14 20:52:00,18518518.5185185,1,0.35435196023724297,0
2026-09-14 20:53:00,25641025.641025595,1,0.4180831450508343,0
2026-09-14 20:54:00,1.7490029089203363,0,0.36629642511331667,0
2026-09-14 20:55:00,1.0428598262390554,0,0.37037472315952646,0
2026-09-14 20:56:00,0.617479850484422,0,0.35693304360598493,0
2026-09-14 20:57:00,22222222.222222198,1,0.3636826053122913,0
2026-09-14 20:58:00,0.963558227730863,0,0.34319073444417747,0
2026-09-14 20:59:00,1.9735895427019263,0,0.3592423985708385,0
2026-09-14 21:00:00,1.4453373415962945,0,0.3396800613417252,0
2026-09-14 21:01:00,1.638048987142467,0,0.38986160317198665,0
2026-09-14 21:02:00,45454545.4545454,1,0.36412454800990857,0
2026-09-14 21:03:00,19607843.1372549,1,0.4091451081346226,0
2026-09-14 21:04:00,0.963558227730863,0,0.36934569519872107,0
2026-09-14 21:05:00,22727272.7272727,1,0.3536145867142391,0
2026-09-14 21:06:00,2.408895569327157,0,0.3524996487821597,0
2026-09-14 21:07:00,1.927116455461726,0,0.3567770382813507,0
2026-09-14 21:08:00,22222222.222222198,1,0.3451826634984503,0
2026-09-14 21:09:00,1.6983810344184462,0,0.36254663465646286,0
2026-09-14 21:10:00,20000000.0,1,0.39795745518198533,0
2026-09-14 21:11:00,0.6169002820441968,0,0.34140508866120023,0
2026-09-14 21:12:00,2.023472278234812,0,0.4167990827042522,0
2026-09-14 21:13:00,55555555.55555549,1,0.4774600363338755,0
2026-09-14 21:14:00,1.638048987142467,0,0.3892402973732811,0
2026-09-14 21:15:00,1.7344048099155533,0,0.3678886913421385,0
2026-09-14 21:16:00,1.638048987142467,0,0.34631271070564296,0
2026-09-14 21:17:00,22222222.222222198,1,0.34503327263156136,0
2026-09-14 21:18:00,1.5416931643693808,0,0.3455278041713003,0
2026-09-14 21:19:00,0.7708465821846904,0,0.3452587613412439,0
2026-09-14 21:20:00,2.023472278234812,0,0.3431889305642225,0
2026-09-14 21:21:00,0.6624068408811773,0,0.35694413319555957,0
2026-09-14 21:22:00,21739130.4347826,1,0.39746986931676764,0
2026-09-14 21:23:00,0.9280073730559756,0,0.33998446776403973,0
2026-09-14 21:24:00,2.5534293034867868,0,0.35816977016229196,0
2026-09-14 21:25:00,3.55183387234808,1,0.41302405401851794,0
2026-09-14 21:26:00,31249999.999999996,1,0.3931798183599193,0
2026-09-14 21:27:00,2.1198281010078985,0,0.37301395125608616,0
2026-09-14 21:28:00,1.0237056495393,0,0.35827226711634186,0
2026-09-14 21:29:00,3.6872161514737885,1,0.450288076626427,0
2026-09-14 21:30:00,3.709699176808504,1,0.4149767264318546,0
2026-09-14 21:31:00,3.709699176808504,1,0.5292412963655947,0
2026-09-14 21:32:00,3.751854849272237,1,0.4156898955640323,0
2026-09-14 21:33:00,3.288142452171174,0,0.4141484462590476,0
2026-09-14 21:34:00,166666666.6666666,1,0.48998486473904124,0
2026-09-14 21:35:00,3.962633211590902,1,0.5272151307356495,0
2026-09-14 21:36:00,3.6253878318810377,1,0.4664326142101865,0
2026-09-14 21:37:00,3.878321866663436,1,0.5848735010489827,0
2026-09-14 21:38:00,3.6253878318810377,1,0.38010291439156085,0
2026-09-14 21:39:00,6.325838190918054,1,0.557050510863006,0
2026-09-14 21:40:00,3.541076486953572,1,0.4719358542012716,0
2026-09-14 21:41:00,3.456765142026106,0,0.44354785343975517,0
2026-09-14 21:42:00,3.5155275945602913,1,0.45168107307441885,0
2026-09-14 21:43:00,3.3724537971153654,0,0.4682587361964265,0
2026-09-14 21:44:00,3.332777870090479,0,0.4886046641186628,0
2026-09-14 21:45:00,3.1604709870181367,0,0.3870855325386676,0
2026-09-14 21:46:00,3.372453797130233,0,0.47432293860813074,0
2026-09-14 21:47:00,3.2225669617022223,0,0.4535827444352071,0
2026-09-14 21:48:00,3.2600386705592252,0,0.4211232159331889,0
2026-09-14 21:49:00,3.2975103794162277,0,0.4667073572757825,0
2026-09-14 21:50:00,2.997736708560207,0,0.39608736140036566,0
2026-09-14 21:51:00,3.1476235439882174,0,0.3822043745000577,0
2026-09-14 21:52:00,0.8243775948540569,0,0.47973639921986516,0
2026-09-14 21:53:00,1.1070110345692996,0,0.48767155909683263,0
2026-09-14 21:54:00,31249999.999999996,1,0.4590133527992873,0
2026-09-14 21:55:00,0.7494341771400518,0,0.45580169901260403,0
2026-09-14 21:56:00,1.3489815188548255,0,0.3781173190312031,0
2026-09-14 21:57:00,50000000.0,1,0.43853711489287195,0
2026-09-14 21:58:00,0.6226068548584015,0,0.41134158440442914,0
2026-09-14 21:59:00,26315789.473684195,1,0.44810052028914826,0
2026-09-14 22:00:00,0.7099062940111008,0,0.39658175239104204,0
2026-09-14 22:01:00,1.0393393114734424,0,0.37218080747063137,0
2026-09-14 22:02:00,1.245213709716803,0,0.34465378089356147,0
2026-09-14 22:03:00,1.1270098960207444,0,0.3683296419053542,0
2026-09-14 22:04:00,0.8301424731445353,0,0.3525565949404346,0
2026-09-14 22:05:00,0.9867872011707983,0,0.3702679645836304,0
2026-09-14 22:06:00,1.1466342910328724,0,0.3498347689825484,0
2026-09-14 22:07:00,0.472143531601771,0,0.3386312339626309,0
2026-09-14 22:08:00,0.2183372290311035,0,0.34277812998548596,0
2026-09-14 22:09:00,1.3646290922062412,0,0.4001023243620524,0
2026-09-14 22:10:00,0.8196028553829817,0,0.3441624134764186,0
2026-09-14 22:11:00,25641025.641025595,1,0.3461964344714985,0
2026-09-14 22:12:00,0.41507123657226763,0,0.3338180899538236,0
2026-09-14 22:13:00,0.7412879913908439,0,0.35028959695833645,0
2026-09-14 22:14:00,0.5188390457153346,0,0.33865321967708284,0
2026-09-14 22:15:00,0.6917853942871127,0,0.35397387220850735,0
2026-09-14 22:16:00,1.3835707885742254,0,0.40864095466524253,0
2026-09-14 22:17:00,1.4838796707484232,0,0.35855700284588393,0
2026-09-14 22:18:00,1.0791852150897623,0,0.37520465918804496,0
2026-09-14 22:19:00,48780487.804878,1,0.422864010247105,0
2026-09-14 22:20:00,0.6070416834879913,0,0.3370159196163123,0
2026-09-14 22:21:00,1.2140833669759825,0,0.34918863334870187,0
2026-09-14 22:22:00,1.3582439046781105,0,0.3594427228601071,0
2026-09-14 22:23:00,0.5058680695733261,0,0.33783947325752167,0
2026-09-14 22:24:00,31249999.999999996,1,0.44239477240141956,0
2026-09-14 22:25:00,1.0791852150897623,0,0.3492400775415981,0
2026-09-14 22:26:00,29411764.7058823,1,0.4943994707915592,0
2026-09-14 22:27:00,1.5247366216805653,0,0.4221090468350087,0
2026-09-14 22:28:00,57142857.1428571,1,0.44975186327931715,0
2026-09-14 22:29:00,0.8768379872604318,0,0.3418253982810161,0
2026-09-14 22:30:00,1.382706056833758,0,0.362376239073643,0
2026-09-14 22:31:00,33333333.333333295,1,0.3551936479848044,0
2026-09-14 22:32:00,1.2815324429190929,0,0.3672634205783567,0
2026-09-14 22:33:00,21739130.4347826,1,0.6366235250023133,1
2026-09-14 22:34:00,58823529.411764696,1,0.6983943780037902,1
2026-09-14 22:35:00,30303030.303030297,1,0.6361254444067274,1
2026-09-14 22:36:00,7.671933736159865,1,0.5454859637516162,0
2026-09-14 22:37:00,13.54707160333374,1,0.5932842191780259,0
2026-09-14 22:38:00,57142857.1428571,1,0.5881024431206229,0
2026-09-14 22:39:00,24.716379905089326,1,0.6530775301370504,1
2026-09-14 22:40:00,25641025.641025595,1,0.6174011462616688,1
2026-09-14 22:41:00,21.810007145154927,1,0.63701705303734,1
2026-09-14 22:42:00,35714285.714285694,1,0.618437833301516,1
2026-09-14 22:43:00,27777777.777777698,1,0.5719359821422317,0
2026-09-14 22:44:00,15.261651943354595,1,0.5919292815308674,0
2026-09-14 22:45:00,13.174748801132619,1,0.5884408031285778,0
2026-09-14 22:46:00,28571428.5714285,1,0.6214137334957464,1
2026-09-14 22:47:00,80000000.0,1,0.6376848807146662,1
2026-09-14 22:48:00,17.9701297954149,1,0.6226264767432452,1
2026-09-14 22:49:00,26.429479106990197,1,0.6440484974861834,1
2026-09-14 22:50:00,37037037.037037,1,0.5999243010428906,0
2026-09-14 22:51:00,15.548098386742987,1,0.6260457515794237,1
2026-09-14 22:52:00,64516129.03225799,1,0.6219365551198656,1
2026-09-14 22:53:00,9.176111307317903,1,0.5467354830703655,0
2026-09-14 22:54:00,0.472143531601771,0,0.4000669876824835,0
2026-09-14 22:55:00,31249999.999999996,1,0.4955046798291755,0
2026-09-14 22:56:00,0.2307868676715721,0,0.39945148055122176,0
2026-09-14 22:57:00,0.845219619306379,0,0.4081070155310227,0
2026-09-14 22:58:00,0.8093889113173217,0,0.40463689349759485,0
2026-09-14 22:59:00,83333333.3333333,1,0.5607762069061045,0
2026-09-14 23:00:00,0.7082152974026565,0,0.39557286177193096,0
2026-09-14 23:01:00,45454545.4545454,1,0.41990437901294453,0
2026-09-14 23:02:00,1.0117361391466522,0,0.4272649950370574,0
2026-09-14 23:03:00,0.5395926075448811,0,0.39543043470687966,0
2026-09-14 23:04:00,0.7419398353742116,0,0.377187394790521,0
2026-09-14 23:05:00,0.40469445565866086,0,0.4084342243274405,0
2026-09-14 23:06:00,0.472143531601771,0,0.36951801989227107,0
2026-09-14 23:07:00,1.69051138683382,0,0.3857468028883465,0
2026-09-14 23:08:00,38461538.4615384,1,0.3695928408973083,0
2026-09-14 23:09:00,0.7419398353742116,0,0.36760680802925644,0
2026-09-14 23:10:00,0.29257952286953337,0,0.3434946074240608,0
2026-09-14 23:11:00,66666666.66666659,1,0.5186883466392037,0
2026-09-14 23:12:00,0.8286904840465091,0,0.3673546252380651,0
2026-09-14 23:13:00,38461538.4615384,1,0.3945208904750402,0
2026-09-14 23:14:00,0.5395926075448811,0,0.3426288711794,0
2026-09-14 23:15:00,0.33968630510237796,0,0.35135311441740275,0
2026-09-14 23:16:00,1.1466342910328724,0,0.3757521668382094,0
2026-09-14 23:17:00,0.5931722907233643,0,0.41053411497259246,0
2026-09-14 23:18:00,0.8768379872604318,0,0.33935673997585225,0
2026-09-14 23:19:00,0.8093889113173217,0,0.36573995299698686,0
2026-09-14 23:20:00,0.4751605091804147,0,0.37727264262575777,0
2026-09-14 23:21:00,37037037.037037,1,0.35910409286110545,0
2026-09-14 23:22:00,40000000.0,1,0.3743252900123154,0
2026-09-14 23:23:00,45454545.4545454,1,0.3981298701080606,0
2026-09-14 23:24:00,45454545.4545454,1,0.4408347896856338,0
2026-09-14 23:25:00,2.4342780460559523,0,0.4209464283632957,0
2026-09-14 23:26:00,41666666.6666666,1,0.3668175072081387,0
2026-09-14 23:27:00,1.690921115298189,0,0.3916195600671541,0
2026-09-14 23:28:00,0.8768379872604318,0,0.3471861663917036,0
2026-09-14 23:29:00,0.8093889113173217,0,0.3527833579757734,0
2026-09-14 23:30:00,0.2520960341262627,0,0.3487956468311102,0
2026-09-14 23:31:00,1.3602843731235028,0,0.38354867724702846,0
2026-09-14 23:32:00,100000000.0,1,0.48457402369929975,0
2026-09-14 23:33:00,40000000.0,1,0.3930939308593939,0
2026-09-14 23:34:00,0.6134385238813461,0,0.35904571628437165,0
2026-09-14 23:35:00,0.33724537971555074,0,0.3515291507374575,0
2026-09-14 23:36:00,0.6089836551557691,0,0.35767351866237646,0
2026-09-14 23:37:00,0.3709699176871058,0,0.34459934984897916,0
2026-09-14 23:38:00,0.4384189936302159,0,0.3723674881796273,0
2026-09-14 23:39:00,0.5477846578851846,0,0.3528169906553514,0
2026-09-14 23:40:00,0.38435235788221517,0,0.35899956258760063,0
2026-09-14 23:41:00,0.681560660217281,0,0.34384116733670067,0
2026-09-14 23:42:00,0.4608449554530354,0,0.35284879652609585,0
2026-09-14 23:43:00,0.32378496271154095,0,0.34422991581666584,0
2026-09-14 23:44:00,1.580396743348405,0,0.40999148582027656,0
2026-09-14 23:45:00,0.6071438600777268,0,0.35320458507352986,0
2026-09-14 23:46:00,0.7025086470754702,0,0.3458774770112411,0
2026-09-14 23:47:00,1.1359844369325591,0,0.3756824868717798,0
2026-09-14 23:48:00,0.41507123657226763,0,0.4017956390605183,0
2026-09-14 23:49:00,1.2040458351283394,0,0.37028630540810825,0
2026-09-14 23:50:00,0.8785428975486506,0,0.3741735838373185,0
2026-09-14 23:51:00,0.2384432970352749,0,0.3621521083245043,0
2026-09-14 23:52:00,3.4185239376579486,0,0.4489725106535399,0
2026-09-14 23:53:00,52631578.94736839,1,0.39835188581901904,0
2026-09-14 23:54:00,0.5104254395666907,0,0.34468609979214726,0
2026-09-14 23:55:00,55555555.55555549,1,0.4447428870862682,0
2026-09-14 23:56:00,2.628954502612529,0,0.418296460204998,0
2026-09-14 23:57:00,1.044436255003821,0,0.3611802453055233,0
2026-09-14 23:58:00,0.3747170885700259,0,0.34983543754666185,0
2026-09-14 23:59:00,1.77097641458037,0,0.4363756600015164,0
2026-09-15 00:00:00,0.2549838242482918,0,0.3756771928495175,0
2026-09-15 00:01:00,0.8438752027445979,0,0.4010669507107025,0
2026-09-15 00:02:00,0.44966050628403104,0,0.42568915522236683,0
2026-09-15 00:03:00,0.8993210125680621,0,0.4007312738535358,0
2026-09-15 00:04:00,0.3747170885700259,0,0.3433244358008918,0
2026-09-15 00:05:00,1.4379240516145675,0,0.39061325384811896,0
2026-09-15 00:06:00,0.34911632835189804,0,0.3387206687406757,0
2026-09-15 00:07:00,1.5853176263274853,0,0.37875696031270606,0
2026-09-15 00:08:00,0.7933783169577642,0,0.3601609201838587,0
2026-09-15 00:09:00,2.1084276606264094,0,0.48156751491565397,0
2026-09-15 00:10:00,1.3027028981137174,0,0.37038626649894474,0
2026-09-15 00:11:00,0.5995473417120414,0,0.34932282316338287,0
2026-09-15 00:12:00,0.46320318183210285,0,0.35221017165884827,0
2026-09-15 00:13:00,50000000.0,1,0.3946784064054497,0
2026-09-15 00:14:00,0.4912729870523,0,0.3613225241534413,0
2026-09-15 00:15:00,50000000.0,1,0.39748244587843007,0
2026-09-15 00:16:00,0.23805556214931992,0,0.3490093804507295,0
2026-09-15 00:17:00,0.7164012783068796,0,0.37281675909714185,0
2026-09-15 00:18:00,35714285.714285694,1,0.38788475983505805,0
2026-09-15 00:19:00,0.2902707304878865,0,0.3601190447589109,0
2026-09-15 00:20:00,1.8465033322774065,0,0.41543911803598377,0
2026-09-15 00:21:00,0.3232147499355728,0,0.3407599648766433,0
2026-09-15 00:22:00,0.8311683202349077,0,0.40282340000174677,0
2026-09-15 00:23:00,0.7736763167630049,0,0.3713978645874357,0
2026-09-15 00:24:00,0.5299628890095107,0,0.34811210874721876,0
2026-09-15 00:25:00,1.149711427174725,0,0.4334726795499242,0
2026-09-15 00:26:00,0.337245379709864,0,0.35578682654090027,0
2026-09-15 00:27:00,40000000.0,1,0.37382922162845855,0
2026-09-15 00:28:00,0.4073371609595255,0,0.3537620326635224,0
2026-09-15 00:29:00,0.505868069564796,0,0.354415643725306,0
2026-09-15 00:30:00,43478260.8695652,1,0.40936572880937167,0
2026-09-15 00:31:00,52631578.94736839,1,0.39262234901476484,0
2026-09-15 00:32:00,0.2890674683192589,0,0.34612646690186993,0
2026-09-15 00:33:00,0.6744907594116041,0,0.3532159353615388,0
2026-09-15 00:34:00,0.515285711094756,0,0.38159883694090174,0
2026-09-15 00:35:00,0.7573617644270164,0,0.34641209965390457,0
2026-09-15 00:36:00,52631578.94736839,1,0.4218040757344407,0
2026-09-15 00:37:00,71428571.42857139,1,0.4476201817682098,0
2026-09-15 00:38:00,0.963558227730863,0,0.3682828481996401,0
2026-09-15 00:39:00,0.2890674683192589,0,0.34920700317131315,0
2026-09-15 00:40:00,0.7708465821846904,0,0.380642203489009,0
2026-09-15 00:41:00,1.3843855812634047,0,0.3645136758349607,0
2026-09-15 00:42:00,0.9653197774247243,0,0.35745630662129624,0
2026-09-15 00:43:00,1.3489815188232082,0,0.40473988919203197,0
2026-09-15 00:44:00,0.5542110118890866,0,0.34207138447348984,0
2026-09-15 00:45:00,0.8953095526498316,0,0.37754428848529875,0
2026-09-15 00:46:00,1.7044861787193806,0,0.40614283570690257,0
2026-09-15 00:47:00,0.16187778225691324,0,0.3593138336974802,0
2026-09-15 00:48:00,0.44549067741391274,0,0.4182638741923342,0
2026-09-15 00:49:00,0.3372453797003861,0,0.3416456275934597,0
2026-09-15 00:50:00,32258064.516128995,1,0.37179017131988773,0
2026-09-15 00:51:00,0.7869058859675676,0,0.3404623519690478,0
2026-09-15 00:52:00,1.163805560983127,0,0.38487020276051265,0
2026-09-15 00:53:00,0.14729670249968274,0,0.34887103944943765,0
2026-09-15 00:54:00,0.8835160317146115,0,0.3460809921760789,0
2026-09-15 00:55:00,0.3372453797003861,0,0.3516483111052086,0
2026-09-15 00:56:00,0.4449269931762086,0,0.34102057202043784,0
2026-09-15 00:57:00,52631578.94736839,1,0.43031743317660337,0
2026-09-15 00:58:00,1.7024998026574025,0,0.4632261261530561,0
2026-09-15 00:59:00,1.3489815188015444,0,0.4103098365583663,0
2026-09-15 01:00:00,1.740681667606106,0,0.38893016514882306,0
2026-09-15 01:01:00,1.251967741145925,0,0.3960031008547454,0
2026-09-15 01:02:00,1.1001660666532063,0,0.4430171129162292,0
2026-09-15 01:03:00,43478260.8695652,1,0.39619337116905995,0
2026-09-15 01:04:00,45454545.4545454,1,0.48704299635095544,0
2026-09-15 01:05:00,55555555.55555549,1,0.5332623275650918,0
2026-09-15 01:06:00,2.8858161090375933,0,0.4295896964974731,0
2026-09-15 01:07:00,0.8993210125343629,0,0.3587579681895293,0
2026-09-15 01:08:00,0.8619039783964415,0,0.3496088300952391,0
2026-09-15 01:09:00,0.6587232190629561,0,0.3515536075319432,0
2026-09-15 01:10:00,1.3591697313863782,0,0.38451581109707367,0
2026-09-15 01:11:00,45454545.4545454,1,0.4631942659275434,0
2026-09-15 01:12:00,1.0117361391011583,0,0.36881696511866124,0
2026-09-15 01:13:00,0.5635934697131139,0,0.3978223941083425,0
2026-09-15 01:14:00,1.521500697054683,0,0.38713809030108975,0
2026-09-15 01:15:00,0.40803764845751817,0,0.35840053055608156,0
2026-09-15 01:16:00,0.3312009762862786,0,0.35063016115169315,0
2026-09-15 01:17:00,50000000.0,1,0.5039552162292424,0
2026-09-15 01:18:00,0.44966050626718146,0,0.342577268191602,0
2026-09-15 01:19:00,1.6080722590657857,0,0.38038225287769056,0
2026-09-15 01:20:00,1.01356800540684,0,0.3717582587101053,0
2026-09-15 01:21:00,38461538.4615384,1,0.3806896473415724,0
2026-09-15 01:22:00,0.6744907594007722,0,0.3616703228737493,0
2026-09-15 01:23:00,0.8561857067145506,0,0.34721219313902335,0
2026-09-15 01:24:00,34482758.6206896,1,0.46264810508751397,0
2026-09-15 01:25:00,74074074.074074,1,0.4173241141862576,0
2026-09-15 01:26:00,1.0503342470196362,0,0.4323229686775277,0
2026-09-15 01:27:00,0.12263468352615986,0,0.370061712718085,0
2026-09-15 01:28:00,0.9648448607491135,0,0.3749397287025417,0
2026-09-15 01:29:00,28571428.5714285,1,0.36758818729316983,0
2026-09-15 01:30:00,1.9621549364185578,0,0.35902761998916044,0
2026-09-15 01:31:00,2.842041203870127,0,0.438696945679393,0
2026-09-15 01:32:00,0.3854232910799659,0,0.3400565002247073,0
2026-09-15 01:33:00,1.8804329592614577,0,0.401564808339279,0
2026-09-15 01:34:00,0.8255581740857825,0,0.3451334576874144,0
2026-09-15 01:35:00,1.270947865519393,0,0.38204938626261753,0
2026-09-15 01:36:00,1.2140833668940938,0,0.35583133201195427,0
2026-09-15 01:37:00,32258064.516128995,1,0.4617637257909462,0
2026-09-15 01:38:00,1.3489815187712153,0,0.34111170583984046,0
2026-09-15 01:39:00,0.9082226218415811,0,0.35282785724812693,0
2026-09-15 01:40:00,0.7044912257704393,0,0.3506885148459478,0
2026-09-15 01:41:00,0.7510252741870325,0,0.35853091735619425,0
2026-09-15 01:42:00,43478260.8695652,1,0.38010883262455547,0
2026-09-15 01:43:00,0.5395926075084861,0,0.34378566167165536,0
2026-09-15 01:44:00,1.0208010681050945,0,0.3740077947459624,0
2026-09-15 01:45:00,0.7644526963450327,0,0.3804671240961099,0
2026-09-15 01:46:00,0.2915506224955826,0,0.34190077214565745,0
2026-09-15 01:47:00,0.26979630375424307,0,0.34585254324256504,0
2026-09-15 01:48:00,1.4838796706483368,0,0.4191723646524071,0
2026-09-15 01:49:00,0.30581114721663555,0,0.343613734324156,0
2026-09-15 01:50:00,86956521.7391304,1,0.5276051160709526,0
2026-09-15 01:51:00,0.7317077304254546,0,0.34445824015347254,0
2026-09-15 01:52:00,1.6187778225254583,0,0.34496230451553583,0
2026-09-15 01:53:00,1.4236389490243264,0,0.3773832122917681,0
2026-09-15 01:54:00,3.171022404714106,0,0.4578003845565144,0
2026-09-15 01:55:00,35714285.714285694,1,0.37107943425376616,0
2026-09-15 01:56:00,52631578.94736839,1,0.4327979690921269,0
2026-09-15 01:57:00,0.33508894088887475,0,0.3723966089925574,0
2026-09-15 01:58:00,62499999.99999999,1,0.4545603104465972,0
2026-09-15 01:59:00,15384615.3846153,1,0.42161505660543397,0
2026-09-15 02:00:00,5.800620530716226,1,0.3920712299050462,0
2026-09-15 02:01:00,14925373.1343283,1,0.37868428694724754,0
2026-09-15 02:02:00,24390243.902439,1,0.45167356179972196,0
2026-09-15 02:03:00,6.475111290101833,1,0.3703139070157166,0
2026-09-15 02:04:00,4.181842708190768,1,0.37105592750380123,0
2026-09-15 02:05:00,24390243.902439,1,0.3828506171940419,0
2026-09-15 02:06:00,9.847565087029873,1,0.3857846565879224,0
2026-09-15 02:07:00,6.6100094419789555,1,0.3460991313274726,0
2026-09-15 02:08:00,11363636.3636363,1,0.3638636021651223,0
2026-09-15 02:09:00,5.058680695392058,1,0.34556973405031094,0
2026-09-15 02:10:00,22222222.222222198,1,0.3799179290811489,0
2026-09-15 02:11:00,16949152.5423728,1,0.38071688459935243,0
2026-09-15 02:12:00,7.1496020494874415,1,0.33462663175107077,0
2026-09-15 02:13:00,7.014703897610319,1,0.3437111972115471,0
2026-09-15 02:14:00,30612244.8979591,1,0.3661947257019609,0
2026-09-15 02:15:00,13888888.888888799,1,0.36122486443666013,0
2026-09-15 02:16:00,13333333.333333299,1,0.3814896949665777,0
2026-09-15 02:17:00,11.736139213309574,1,0.3608143405111561,0
2026-09-15 02:18:00,1.8511492368631262,0,0.4010743759139911,0
2026-09-15 02:19:00,0.6559834740709317,0,0.37776707298730106,0
2026-09-15 02:20:00,1.2140833668940938,0,0.3665361436921769,0
2026-09-15 02:21:00,3.1026574931737954,0,0.3779423187228537,0
2026-09-15 02:22:00,0.5317610207582769,0,0.37685771496328824,0
2026-09-15 02:23:00,0.6677370884921395,0,0.36951470543828846,0
2026-09-15 02:24:00,1.613744597615019,0,0.39171550664773913,0
2026-09-15 02:25:00,41666666.6666666,1,0.49215962890735365,0
2026-09-15 02:26:00,30303030.303030297,1,0.3876153196804892,0
2026-09-15 02:27:00,25000000.0,1,0.40379735305187153,0
2026-09-15 02:28:00,0.8093889112627292,0,0.34188491972155105,0
2026-09-15 02:29:00,1.7597047995369675,0,0.3885534243861249,0
2026-09-15 02:30:00,40000000.0,1,0.40858074252884957,0
2026-09-15 02:31:00,0.19988477391957082,0,0.3670902473794743,0
2026-09-15 02:32:00,31249999.999999996,1,0.43654597434707215,0
2026-09-15 02:33:00,41666666.6666666,1,0.43873551771695907,0
2026-09-15 02:34:00,29411764.7058823,1,0.3554501465609517,0
2026-09-15 02:35:00,33333333.333333295,1,0.3728251150896967,0
2026-09-15 02:36:00,1.2296042761395711,0,0.3644014141517147,0
2026-09-15 02:37:00,1.8885741262797016,0,0.3520062387740254,0
2026-09-15 02:38:00,38461538.4615384,1,0.38454418137666885,0
2026-09-15 02:39:00,71428571.42857139,1,0.43636628706728064,0
2026-09-15 02:40:00,41666666.6666666,1,0.37241763926910654,0
2026-09-15 02:41:00,31249999.999999996,1,0.35563625949094935,0
2026-09-15 02:42:00,37037037.037037,1,0.46701198848917463,0
2026-09-15 02:43:00,2.3585754159105066,0,0.4362297377256831,0
2026-09-15 02:44:00,0.5645576310264335,0,0.34195959850533,0
2026-09-15 02:45:00,29411764.7058823,1,0.3779877489205979,0
2026-09-15 02:46:00,1.2852825706193296,0,0.3509414214722646,0
2026-09-15 02:47:00,1.2140833668940938,0,0.35211974855629136,0
2026-09-15 02:48:00,25641025.641025595,1,0.3657459773288962,0
2026-09-15 02:49:00,1.5513287465868977,0,0.3525511982265708,0
2026-09-15 02:50:00,32258064.516128995,1,0.371555808348525,0
2026-09-15 02:51:00,1.275440570749134,0,0.36852819641013945,0
2026-09-15 02:52:00,0.26979630375424307,0,0.3847083870038637,0
2026-09-15 02:53:00,22727272.7272727,1,0.40111593711859267,0
2026-09-15 02:54:00,0.8093889112627292,0,0.34581521104758084,0
2026-09-15 02:55:00,1.2596608025956677,0,0.35461894101216374,0
2026-09-15 02:56:00,2.023472278156823,0,0.35572186723000004,0
2026-09-15 02:57:00,35714285.714285694,1,0.3660022606712343,0
2026-09-15 02:58:00,1.643182724076568,0,0.384852535919938,0
2026-09-15 02:59:00,1.5513287465868977,0,0.3377548258862153,0
2026-09-15 03:00:00,2.4662024021246545,0,0.42544821533330035,0
2026-09-15 03:01:00,27027027.027027,1,0.4122332695122913,0
2026-09-15 03:02:00,0.9442870631398508,0,0.35427828399719435,0
2026-09-15 03:03:00,37037037.037037,1,0.4028046052805196,0
2026-09-15 03:04:00,58823529.411764696,1,0.490109227856551,0
2026-09-15 03:05:00,1.6963849560100135,0,0.37922712809210024,0
2026-09-15 03:06:00,0.2674636484738115,0,0.3453145521237947,0
2026-09-15 03:07:00,10989010.989010898,1,0.40640743182904204,0
2026-09-15 03:08:00,28037383.177569997,1,0.4365371065698247,0
2026-09-15 03:09:00,10.252259542661237,1,0.4024980711569258,0
2026-09-15 03:10:00,9.577768783275628,1,0.381259173594624,0
2026-09-15 03:11:00,18691588.7850467,1,0.3859762565542165,0
2026-09-15 03:12:00,15.715634693684658,1,0.4455381753667691,0
2026-09-15 03:13:00,10101010.101010099,1,0.35694235338490177,0
2026-09-15 03:14:00,30927835.051546298,1,0.39161015987739545,0
2026-09-15 03:15:00,34482758.6206896,1,0.3796431062455889,0
2026-09-15 03:16:00,25862068.965517197,1,0.3794698079983902,0
2026-09-15 03:17:00,13.489815187712153,1,0.4418699308150144,0
2026-09-15 03:18:00,14.029407795220639,1,0.37901606726831505,0
2026-09-15 03:19:00,8695652.173913,1,0.3736156732321544,0
2026-09-15 03:20:00,20000000.0,1,0.35560511927773353,0
2026-09-15 03:21:00,22727272.7272727,1,0.3773127015106713,0
2026-09-15 03:22:00,1.798642025039841,0,0.36388454348563204,0
2026-09-15 03:23:00,1.103712151735439,0,0.37321824021072625,0
2026-09-15 03:24:00,2.6979630375899024,0,0.3633266080114013,0
2026-09-15 03:25:00,1.3489815188015444,0,0.35618875685372076,0
2026-09-15 03:26:00,30303030.303030297,1,0.38845677175211013,0
2026-09-15 03:27:00,1.2018356223381923,0,0.36669611147985637,0
2026-09-15 03:28:00,0.8743584861228751,0,0.36964297751330866,0
2026-09-15 03:29:00,1.9110571516355213,0,0.3465285375804241,0
2026-09-15 03:30:00,0.34701771776160395,0,0.3635474421520606,0
2026-09-15 03:31:00,1.1241512656679538,0,0.35836764606837007,0
2026-09-15 03:32:00,23809523.8095238,1,0.455792582516746,0
2026-09-15 03:33:00,20000000.0,1,0.40072167847330636,0
2026-09-15 03:34:00,2.3607176579027027,0,0.33700809608614885,0
2026-09-15 03:35:00,2.1920949680525097,0,0.37324540573251147,0
2026-09-15 03:36:00,0.7869058859675676,0,0.4113706934324459,0
2026-09-15 03:37:00,1.4613966453683398,0,0.34588685614156806,0
2026-09-15 03:38:00,22222222.222222198,1,0.4151638402780988,0
2026-09-15 03:39:00,0.2966790483609492,0,0.3439596652619813,0
2026-09-15 03:40:00,2.1920949680525097,0,0.3372588839296833,0
2026-09-15 03:41:00,1.6862268985019304,0,0.34169593715555807,0
2026-09-15 03:42:00,0.403021690674788,0,0.35073103746859896,0
2026-09-15 03:43:00,1.6862268985019304,0,0.3628404785228802,0
2026-09-15 03:44:00,22222222.222222198,1,0.3485466889707585,0
2026-09-15 03:45:00,29411764.7058823,1,0.3572001563239402,0
2026-09-15 03:46:00,1.8152955397045318,0,0.36789423853067776,0
2026-09-15 03:47:00,17857142.8571428,1,0.3508159583904893,0
2026-09-15 03:48:00,2.5052513921002437,0,0.35012729430752776,0
2026-09-15 03:49:00,0.6744907594116041,0,0.36143891401343103,0
2026-09-15 03:50:00,17241379.3103448,1,0.3497828585019353,0
2026-09-15 03:51:00,2.60160721487333,0,0.3879123660603361,0
2026-09-15 03:52:00,37037037.037037,1,0.44297372269892604,0
2026-09-15 03:53:00,1.7344048099155533,0,0.34813546946654783,0
2026-09-15 03:54:00,23255813.953488298,1,0.41072059151881035,0
2026-09-15 03:55:00,1.691906261290003,0,0.3734769824309248,0
2026-09-15 03:56:00,90909090.90909089,1,0.46243701998469716,0
2026-09-15 03:57:00,25000000.0,1,0.3824168565097922,0
2026-09-15 03:58:00,0.8083416306061378,0,0.35126086347460184,0
2026-09-15 03:59:00,1.433292863766922,0,0.33860623884634217,0
2026-09-15 04:00:00,2.192094968114116,0,0.3411858854195662,0
2026-09-15 04:01:00,17241379.3103448,1,0.3883872863228774,0
2026-09-15 04:02:00,50847457.627118595,1,0.38007826105539066,0
2026-09-15 04:03:00,17241379.3103448,1,0.3375937423380727,0
2026-09-15 04:04:00,1.1109259566968261,0,0.3488961214207843,0
2026-09-15 04:05:00,0.7494341771400518,0,0.3401387038234009,0
2026-09-15 04:06:00,0.7494341771400518,0,0.3434693071265109,0
2026-09-15 04:07:00,15151515.151515098,1,0.376162329378688,0
2026-09-15 04:08:00,1.5738117719941087,0,0.33505722648057085,0
2026-09-15 04:09:00,21739130.4347826,1,0.35366917330591585,0
2026-09-15 04:10:00,0.9367927214250646,0,0.33431443104602343,0
2026-09-15 04:11:00,30303030.303030297,1,0.4101353788507832,0
2026-09-15 04:12:00,0.7099902730828495,0,0.33148121088791865,0
2026-09-15 04:13:00,2.225819506122635,0,0.3358780584903753,0
2026-09-15 04:14:00,39215686.2745098,1,0.39094825377025927,0
2026-09-15 04:15:00,0.33724537971555074,0,0.33988630603206416,0
2026-09-15 04:16:00,27027027.027027,1,0.35856066602516634,0
2026-09-15 04:17:00,0.8768379872604318,0,0.33489616486910223,0
2026-09-15 04:18:00,20408163.2653061,1,0.3402378153830609,0
2026-09-15 04:19:00,1.888574126407084,0,0.33976288011751044,0
2026-09-15 04:20:00,1.0791852150897623,0,0.34182313619686727,0
2026-09-15 04:21:00,21739130.4347826,1,0.4451975064218973,0
2026-09-15 04:22:00,1.451287325941401,0,0.36312822562978053,0
2026-09-15 04:23:00,1.1293798762620426,0,0.338056611018993,0
2026-09-15 04:24:00,0.48335360469480665,0,0.34354831696424176,0
2026-09-15 04:25:00,17857142.8571428,1,0.39860225674724487,0
2026-09-15 04:26:00,35087719.298245594,1,0.40030916780003795,0
2026-09-15 04:27:00,44444444.444444396,1,0.36682496602951004,0
2026-09-15 04:28:00,1.343339772508095,0,0.34260410606219177,0
2026-09-15 04:29:00,56603773.584905595,1,0.395184870509292,0
2026-09-15 04:30:00,1.2876641771036348,0,0.36561188857694743,0
2026-09-15 04:31:00,1.5598647020938619,0,0.35127262700415784,0
2026-09-15 04:32:00,0.18395202530051924,0,0.3475020672836273,0
2026-09-15 04:33:00,45454545.4545454,1,0.38564605148578923,0
2026-09-15 04:34:00,19607843.1372549,1,0.3605675433478785,0
2026-09-15 04:35:00,18867924.528301798,1,0.34399794218114477,0
2026-09-15 04:36:00,22727272.7272727,1,0.35352626972626944,0
2026-09-15 04:37:00,40000000.0,1,0.38321399270970724,0
2026-09-15 04:38:00,16393442.622950798,1,0.34677533349384426,0
2026-09-15 04:39:00,22222222.222222198,1,0.4293072275831753,0
2026-09-15 04:40:00,1.2903301484882417,0,0.3410631596849659,0
2026-09-15 04:41:00,29411764.7058823,1,0.38476814563159883,0
2026-09-15 04:42:00,0.17499645044651874,0,0.3352989108199078,0
2026-09-15 04:43:00,16129032.258064497,1,0.3564994285953521,0
2026-09-15 04:44:00,0.4592277511066397,0,0.3368625678333451,0
2026-09-15 04:45:00,0.8036485644366196,0,0.35630670376329737,0
2026-09-15 04:46:00,16949152.5423728,1,0.3378801357282756,0
2026-09-15 04:47:00,29411764.7058823,1,0.3804705692878006,0
2026-09-15 04:48:00,16666666.666666599,1,0.3354447644564538,0
2026-09-15 04:49:00,1.2113303434831073,0,0.34044443083302106,0
2026-09-15 04:50:00,1.6187778226564804,0,0.34541325008400203,0
2026-09-15 04:51:00,1.5341358450028626,0,0.3660971079508073,0
2026-09-15 04:52:00,15624999.999999998,1,0.34425401899779484,0
2026-09-15 04:53:00,37974683.5443038,1,0.38680125397448384,0
2026-09-15 04:54:00,0.7755233902500039,0,0.35079132172184446,0
2026-09-15 04:55:00,1.084003006249446,0,0.3561940168614528,0
2026-09-15 04:56:00,17241379.3103448,1,0.3581289195345279,0
2026-09-15 04:57:00,0.7708465822218281,0,0.34202221798574745,0
2026-09-15 04:58:00,2.6230877505115124,0,0.38620546745705703,0
2026-09-15 04:59:00,2.7648199035721372,0,0.3837730292988265,0
2026-09-15 05:00:00,1.2767146518049028,0,0.3369346548281916,0
2026-09-15 05:01:00,1.3730704745826314,0,0.3529405566996634,0
2026-09-15 05:02:00,18518518.5185185,1,0.3619750382815338,0
2026-09-15 05:03:00,0.7467576265273961,0,0.3384072940680368,0
2026-09-15 05:04:00,14084507.0422535,1,0.3445324064513425,0
2026-09-15 05:05:00,0.682598953169679,0,0.3440034950504101,0
2026-09-15 05:06:00,0.36790405060555026,0,0.34171595427671186,0
2026-09-15 05:07:00,3.189061500943598,0,0.3944707559045401,0
2026-09-15 05:08:00,15624999.999999998,1,0.36029163966095756,0
2026-09-15 05:09:00,0.6108595557212924,0,0.3456523088304795,0
2026-09-15 05:10:00,16129032.258064497,1,0.39457421906120704,0
2026-09-15 05:11:00,12500000.0,1,0.3518629745444217,0
2026-09-15 05:12:00,1.5046332326004923,0,0.34404285960712017,0
2026-09-15 05:13:00,1.3051747828717715,0,0.34192124379123856,0
2026-09-15 05:14:00,16949152.5423728,1,0.34477275628458187,0
2026-09-15 05:15:00,1.815199599889335,0,0.38208729998391944,0
2026-09-15 05:16:00,1.7806556049221285,0,0.34081645560757223,0
2026-09-15 05:17:00,17857142.8571428,1,0.3864773651242206,0
2026-09-15 05:18:00,0.9173074328386722,0,0.33345039623284833,0
2026-09-15 05:19:00,37037037.037037,1,0.3647332414389908,0
2026-09-15 05:20:00,14492753.6231884,1,0.34066872882256655,0
2026-09-15 05:21:00,0.7141666864668499,0,0.32840924384456927,0
2026-09-15 05:22:00,1.6083291141088893,0,0.35010850611771194,0
2026-09-15 05:23:00,21052631.5789473,1,0.3706720969204549,0
2026-09-15 05:24:00,1.2975349907839262,0,0.3436738152461842,0
2026-09-15 05:25:00,31249999.999999996,1,0.3656116686638864,0
2026-09-15 05:26:00,0.8575306928930421,0,0.34272360050630774,0
2026-09-15 05:27:00,25974025.974025898,1,0.3676004823043344,0
2026-09-15 05:28:00,1.3493969973546347,0,0.3547393551392214,0
2026-09-15 05:29:00,13513513.5135135,1,0.3589909385882475,0
2026-09-15 05:30:00,28571428.5714285,1,0.3471641352337422,0
2026-09-15 05:31:00,28169014.084507,1,0.3776224068061636,0
2026-09-15 05:32:00,1.2526256961104707,0,0.33686035924904645,0
2026-09-15 05:33:00,17241379.3103448,1,0.41143851834688694,0
2026-09-15 05:34:00,1.108091961943878,0,0.33599853845277045,0
2026-09-15 05:35:00,16129032.258064497,1,0.3593768657208939,0
2026-09-15 05:36:00,0.9635582277772852,0,0.33169253885946715,0
2026-09-15 05:37:00,13333333.333333299,1,0.34438398502757034,0
2026-09-15 05:38:00,11494252.873563198,1,0.36763024021192,0
2026-09-15 05:39:00,50632911.392404996,1,0.3935541283464647,0
2026-09-15 05:40:00,11764705.882352898,1,0.361395641305085,0
2026-09-15 05:41:00,1.090507771738608,0,0.3422002412815281,0
2026-09-15 05:42:00,15544041.4507772,1,0.48185049387021306,0
2026-09-15 05:43:00,15544041.4507772,1,0.4925489899637599,0
2026-09-15 05:44:00,12765957.446808498,1,0.49132152887395386,0
2026-09-15 05:45:00,10000000.0,1,0.44319462222823464,0
2026-09-15 05:46:00,24096385.5421686,1,0.41691752593417675,0
2026-09-15 05:47:00,13245033.112582698,1,0.39878013342714974,0
2026-09-15 05:48:00,5291005.291005199,1,0.4358389147354587,0
2026-09-15 05:49:00,20942408.3769633,1,0.45570974999957453,0
2026-09-15 05:50:00,8658008.6580086,1,0.46298628954864596,0
2026-09-15 05:51:00,23166023.166023098,1,0.47301970654402375,0
2026-09-15 05:52:00,17241379.3103448,1,0.4517763556655587,0
2026-09-15 05:53:00,0.3221448403340584,0,0.36377536393622223,0
2026-09-15 05:54:00,0.7056211021923805,0,0.36039332761503934,0
2026-09-15 05:55:00,12658227.848101199,1,0.3651211473769403,0
2026-09-15 05:56:00,53333333.3333333,1,0.40158951580996205,0
2026-09-15 05:57:00,13888888.888888799,1,0.3911576899473359,0
2026-09-15 05:58:00,1.0377029355842224,0,0.365080276108399,0
2026-09-15 05:59:00,0.714166686476295,0,0.3533068437597511,0
2026-09-15 06:00:00,1.7408656533406022,0,0.3721506511456388,0
2026-09-15 06:01:00,39473684.210526295,1,0.3736356371786007,0
2026-09-15 06:02:00,0.7948738641686853,0,0.3646898564623767,0
2026-09-15 06:03:00,10869565.2173913,1,0.3703386992008216,0
2026-09-15 06:04:00,14492753.6231884,1,0.3722529831539281,0
2026-09-15 06:05:00,0.7935185405292167,0,0.34049263964326426,0
2026-09-15 06:06:00,13513513.5135135,1,0.34465692082780086,0
2026-09-15 06:07:00,1.4149628406085974,0,0.34706828543918605,0
2026-09-15 06:08:00,10752688.172043,1,0.39134012316576994,0
2026-09-15 06:09:00,42253521.1267605,1,0.4185930186974856,0
2026-09-15 06:10:00,3.188500959138975,0,0.34874908376372904,0
2026-09-15 06:11:00,1.2696296648467467,0,0.35870785874408184,0
2026-09-15 06:12:00,1.377991639979983,0,0.35787054389069045,0
2026-09-15 06:13:00,1.0374116382829048,0,0.352874305686184,0
2026-09-15 06:14:00,2.1026841834405756,0,0.378608713845091,0
2026-09-15 06:15:00,0.6744907594498342,0,0.347736643842411,0
2026-09-15 06:16:00,3.186968025985544,0,0.37835848095029256,0
2026-09-15 06:17:00,3.6950353924470063,1,0.34197033853514436,0
2026-09-15 06:18:00,1.0067026260439325,0,0.33734063180669294,0
2026-09-15 06:19:00,2.0694561474313695,0,0.3510751794530979,0
2026-09-15 06:20:00,1.0067026260439325,0,0.3561187879087924,0
2026-09-15 06:21:00,0.6442896806681168,0,0.3352696982295934,0
2026-09-15 06:22:00,0.8993210125986977,0,0.3587971422015363,0
2026-09-15 06:23:00,6.218474197044958,1,0.34601588770447933,0
2026-09-15 06:24:00,2.2344027951954786,0,0.38927247532306286,0
2026-09-15 06:25:00,3.2273093934030657,0,0.3668848390440927,0
2026-09-15 06:26:00,1.2696296648467467,0,0.3456157105297466,0
2026-09-15 06:27:00,7.390070784894013,1,0.3461567627284212,0
2026-09-15 06:28:00,3.7301798247084963,1,0.3597447116990456,0
2026-09-15 06:29:00,2.8260523939431152,0,0.37037726475434846,0
2026-09-15 06:30:00,0.5554629783704517,0,0.336744110383391,0
2026-09-15 06:31:00,1.1704398472805946,0,0.36168068526817526,0
2026-09-15 06:32:00,0.8616074817750858,0,0.3346114405491048,0
2026-09-15 06:33:00,0.7340046499895254,0,0.3475694546185903,0
2026-09-15 06:34:00,1.3333201699226485,0,0.3705071267037927,0
2026-09-15 06:35:00,1.0770093306438069,0,0.33909491405363323,0
2026-09-15 06:36:00,0.5951389053969125,0,0.3360520080564779,0
2026-09-15 06:37:00,0.9323842851218295,0,0.35318596406037317,0
2026-09-15 06:38:00,1.686096621526007,0,0.3647652119460013,0
2026-09-15 06:39:00,1.0946979095931013,0,0.36474750103931486,0
2026-09-15 06:40:00,1.476305700622358,0,0.3900861207825302,0
2026-09-15 06:41:00,0.6546527959366037,0,0.33560053457686356,0
2026-09-15 06:42:00,0.7421373646410296,0,0.3481655130682511,0
2026-09-15 06:43:00,1.0210025358400183,0,0.3617770406641176,0
2026-09-15 06:44:00,1.073360083560402,0,0.3407596800404559,0
2026-09-15 06:45:00,1.0135253532537791,0,0.33628953910054044,0
2026-09-15 06:46:00,0.8829109951666878,0,0.3643221986531069,0
2026-09-15 06:47:00,1.5870370810584333,0,0.36466935533304395,0
2026-09-15 06:48:00,0.565118503089551,0,0.3365730903178411,0
2026-09-15 06:49:00,1.527523190518742,0,0.3655056793404089,0
2026-09-15 06:50:00,0.8285776628897169,0,0.3427112578827752,0
2026-09-15 06:51:00,0.7515006709929956,0,0.3778974574543989,0
2026-09-15 06:52:00,0.8485660871427007,0,0.3679049653487168,0
2026-09-15 06:53:00,0.8220266284644047,0,0.33163605938256546,0
2026-09-15 06:54:00,0.8530324310689078,0,0.3437721609262308,0
2026-09-15 06:55:00,1.44410495854877,0,0.3510782848648032,0
2026-09-15 06:56:00,1.1500240983369552,0,0.34767699778148176,0
2026-09-15 06:57:00,0.797554588057075,0,0.34851909234438117,0
2026-09-15 06:58:00,1.7543014400645025,0,0.3540284097087643,0
2026-09-15 06:59:00,0.7838988213564533,0,0.33097096881063987,0
2026-09-15 07:00:00,1.3331349584822403,0,0.3904297102949415,0
2026-09-15 07:01:00,0.7972273235137619,0,0.3328811721318297,0
2026-09-15 07:02:00,0.6212992817830469,0,0.38162041431371163,0
2026-09-15 07:03:00,1.9441204242965806,0,0.40810065246922106,0
2026-09-15 07:04:00,0.5554629783704517,0,0.359162837618512,0
2026-09-15 07:05:00,0.8492873640106464,0,0.3392686312687424,0
2026-09-15 07:06:00,0.7993337453759601,0,0.3472814402730333,0
2026-09-15 07:07:00,1.0828551865555425,0,0.35462844023016443,0
2026-09-15 07:08:00,1.3288474663779908,0,0.36643513891253665,0
2026-09-15 07:09:00,1.931048005474366,0,0.37279842964550747,0
2026-09-15 07:10:00,1.5301879915867773,0,0.36183060143817214,0
2026-09-15 07:11:00,1.3956545032608305,0,0.35208550295615065,0
2026-09-15 07:12:00,0.7538426135027558,0,0.3409942969273477,0
2026-09-15 07:13:00,0.7946864561586564,0,0.3440737392898424,0
2026-09-15 07:14:00,0.7884033778610007,0,0.3343173100142142,0
2026-09-15 07:15:00,1.2096180092376119,0,0.35674837813782756,0
2026-09-15 07:16:00,0.6909478009217622,0,0.3352731121734756,0
2026-09-15 07:17:00,1.146910124738097,0,0.38519812747181403,0
2026-09-15 07:18:00,0.15870370810584333,0,0.34884925533497113,0
2026-09-15 07:19:00,1.772484317151863,0,0.3859027143672977,0
2026-09-15 07:20:00,1.1095633564819087,0,0.36884996410952586,0
2026-09-15 07:21:00,1.1109259567409033,0,0.3548300281858177,0
2026-09-15 07:22:00,0.8927083580953686,0,0.358828570946949,0
2026-09-15 07:23:00,0.9522222486350599,0,0.40118309146966297,0
2026-09-15 07:24:00,0.5951389053969125,0,0.34913071044506244,0
2026-09-15 07:25:00,1.1506018837673642,0,0.3643382800190776,0
2026-09-15 07:26:00,0.9926013081018198,0,0.35203292455955293,0
2026-09-15 07:27:00,1.5076852270055117,0,0.41098568054056844,0
2026-09-15 07:28:00,0.8213130959040466,0,0.33926924517476215,0
2026-09-15 07:29:00,0.7858384300877612,0,0.3568696757766735,0
2026-09-15 07:30:00,1.017136700026855,0,0.37695557280983544,0
2026-09-15 07:31:00,0.7930139239303649,0,0.34298378536854723,0
2026-09-15 07:32:00,1.1506018837673642,0,0.3476772723578432,0
2026-09-15 07:33:00,0.39675927026460833,0,0.3369115967308626,0
2026-09-15 07:34:00,1.3886574459261292,0,0.3759083701707429,0
2026-09-15 07:35:00,0.08592022878245507,0,0.3563909419522696,0
2026-09-15 07:36:00,1.1506018837673642,0,0.36827243869087734,0
2026-09-15 07:37:00,0.6546527959366037,0,0.34318742142242475,0
2026-09-15 07:38:00,0.8947270586491767,0,0.3473447519520056,0
2026-09-15 07:39:00,0.7167125202526111,0,0.34120810567361687,0
2026-09-15 07:40:00,0.31004636281918474,0,0.3596693249960921,0
2026-09-15 07:41:00,2.674301548507984,0,0.3819359070239152,0
2026-09-15 07:42:00,1.2299537378202858,0,0.3705629122219233,0
2026-09-15 07:43:00,0.9204197672523187,0,0.3366153706449346,0
2026-09-15 07:44:00,1.5857535778401541,0,0.3619307707497909,0
2026-09-15 07:45:00,1.2851538987746,0,0.37595840103608336,0
2026-09-15 07:46:00,1.0406428860094952,0,0.35122897411018467,0
2026-09-15 07:47:00,1.0117361391769812,0,0.3553451520247935,0
2026-09-15 07:48:00,0.9049917787726609,0,0.3743612194594303,0
2026-09-15 07:49:00,0.7656735725883849,0,0.3480264388586654,0
2026-09-15 07:50:00,1.3489815189026417,0,0.35973978015057656,0
2026-09-15 07:51:00,1.4925751580284825,0,0.35562683233986164,0
2026-09-15 07:52:00,1.1616229746106081,0,0.3559370243604999,0
2026-09-15 07:53:00,1.0835264190952294,0,0.3502266399016451,0
2026-09-15 07:54:00,0.786905886026541,0,0.34744626146716784,0
2026-09-15 07:55:00,0.8243775948849478,0,0.34342891181861657,0
2026-09-15 07:56:00,0.7119624683097276,0,0.3496913715484734,0
2026-09-15 07:57:00,0.7389721508911156,0,0.346562748428459,0
2026-09-15 07:58:00,1.277083667114717,0,0.3624855026701821,0
2026-09-15 07:59:00,1.4835160816745372,0,0.36366775739289736,0
2026-09-15 08:00:00,0.6744907594513209,0,0.3509552606525548,0
2026-09-15 08:01:00,0.5669438256638267,0,0.3450864739738762,0
2026-09-15 08:02:00,16.169187484660235,1,0.6320341484476765,1
2026-09-15 08:03:00,23.707568861479345,1,0.6793596217333782,1
2026-09-15 08:04:00,24.15730119653156,1,0.6776057886722665,1
2026-09-15 08:05:00,24.07009377169334,1,0.6790168188486323,1
2026-09-15 08:06:00,23.961017818302427,1,0.635636048759177,1
2026-09-15 08:07:00,24.146432477028053,1,0.6329282414793835,1
2026-09-15 08:08:00,22.523944223400054,1,0.5977840198516253,0
2026-09-15 08:09:00,20.537939374676398,1,0.5919965753547521,0
2026-09-15 08:10:00,19.27926049609609,1,0.5979751757516013,0
2026-09-15 08:11:00,25.56473247485786,1,0.6005997798575208,0
2026-09-15 08:12:00,22.08227862627544,1,0.6073317761821023,0
2026-09-15 08:13:00,25.30576314364046,1,0.5901490981757205,0
2026-09-15 08:14:00,23.698993179216693,1,0.5798227474843207,0
2026-09-15 08:15:00,31.341979398571148,1,0.6077441932175465,0
2026-09-15 08:16:00,22.797139835793164,1,0.6372065183543676,1
2026-09-15 08:17:00,22.362549418522377,1,0.6411844876251391,1
2026-09-15 08:18:00,0.925249327451516,0,0.41252799207243424,0
2026-09-15 08:19:00,0.5642737694091814,0,0.4118903195027094,0
2026-09-15 08:20:00,0.5395926075618654,0,0.4029012260151411,0
2026-09-15 08:21:00,0.9261849839978694,0,0.4142624673835964,0
2026-09-15 08:22:00,0.5358967677835164,0,0.3994933023211311,0
2026-09-15 08:23:00,0.8202517325097429,0,0.3908271571101948,0
2026-09-15 08:24:00,1.367717373331845,0,0.4228874199063664,0
2026-09-15 08:25:00,0.7854987119589335,0,0.4151978920762314,0
2026-09-15 08:26:00,0.7119624683097276,0,0.3966349278411953,0
2026-09-15 08:27:00,0.7809582569765142,0,0.3835799417143965,0
2026-09-15 08:28:00,0.7863810295751292,0,0.39366755753798655,0
2026-09-15 08:29:00,0.7765209941527825,0,0.38002681259733806,0
2026-09-15 08:30:00,0.2997736708672537,0,0.368719407071282,0
2026-09-15 08:31:00,1.031064051145808,0,0.38174405963309654,0
2026-09-15 08:32:00,0.2992339054420477,0,0.3531168531525688,0
2026-09-15 08:33:00,0.8044233232697013,0,0.34020423957854784,0
2026-09-15 08:34:00,0.7157262499894477,0,0.34985890841110673,0
2026-09-15 08:35:00,0.5808114873053041,0,0.36130938015454933,0
2026-09-15 08:36:00,0.8958534662806996,0,0.3513412154326559,0
2026-09-15 08:37:00,1.5255854438663454,0,0.36013844729445404,0
2026-09-15 08:38:00,0.6284899989036522,0,0.3620783153531074,0
2026-09-15 08:39:00,0.7070890738149104,0,0.3557600850465833,0
2026-09-15 08:40:00,1.1109259567409033,0,0.3700559410297093,0
2026-09-15 08:41:00,1.5513732645473806,0,0.3585852508431988,0
2026-09-15 08:42:00,1.3051222291887048,0,0.36493212401774344,0
2026-09-15 08:43:00,1.0931819623768761,0,0.35856336226056923,0
2026-09-15 08:44:00,1.1624434148509546,0,0.3587636400990348,0
2026-09-15 08:45:00,0.4075791457238562,0,0.3900254399687956,0
2026-09-15 08:46:00,1.6821843364488147,0,0.4093924528476669,0
2026-09-15 08:47:00,1.2299537378202858,0,0.3658837317910324,0
2026-09-15 08:48:00,1.3318189465910748,0,0.35668330830622336,0
2026-09-15 08:49:00,1.8222696755636338,0,0.3599012492069576,0
2026-09-15 08:50:00,1.2579470710534526,0,0.35374783631248347,0
2026-09-15 08:51:00,0.9465147704461726,0,0.3502871858836335,0
2026-09-15 08:52:00,0.9413706684328818,0,0.3615905319006246,0
2026-09-15 08:53:00,1.0438388154333345,0,0.36231734842599045,0
2026-09-15 08:54:00,0.9728990219557376,0,0.3823045974418074,0
2026-09-15 08:55:00,1.0791852151177583,0,0.3577285382739262,0
2026-09-15 08:56:00,1.2914210626716882,0,0.3477194664494277,0
2026-09-15 08:57:00,0.776433262404312,0,0.34686451609301283,0
2026-09-15 08:58:00,0.37640737155632725,0,0.36459615348161173,0
2026-09-15 08:59:00,1.6676364269727848,0,0.37903034027060434,0
2026-09-15 09:00:00,1.0117361391722424,0,0.36030920300699715,0
2026-09-15 09:01:00,0.7864113994935182,0,0.36647147917751416,0
2026-09-15 09:02:00,0.9043163879767864,0,0.35695577591432665,0
2026-09-15 09:03:00,0.6883982787008184,0,0.350499657102868,0
2026-09-15 09:04:00,0.5673449413701304,0,0.3406267364199068,0
2026-09-15 09:05:00,0.8084129136146034,0,0.3688532933064431,0
2026-09-15 09:06:00,4.022817475368212,1,0.42123441026282094,0
2026-09-15 09:07:00,0.5138977214839697,0,0.3540644626599947,0
2026-09-15 09:08:00,0.5599595210930324,0,0.3447775784239392,0
2026-09-15 09:09:00,0.9924934836084826,0,0.3873235191595944,0
2026-09-15 09:10:00,0.9194152703653306,0,0.34818486036702095,0
2026-09-15 09:11:00,0.8098005881244468,0,0.35454567483920746,0
2026-09-15 09:12:00,0.9194152703653306,0,0.35508105452154126,0
2026-09-15 09:13:00,1.546065991181728,0,0.37543620380273046,0
2026-09-15 09:14:00,0.5311024187932124,0,0.3616845038887993,0
2026-09-15 09:15:00,0.8101706346604014,0,0.35509446213536927,0
2026-09-15 09:16:00,0.8921630460919914,0,0.3478187286430611,0
2026-09-15 09:17:00,0.8825174734684017,0,0.33742626292619665,0
2026-09-15 09:18:00,1.6187778226710385,0,0.39068347165742967,0
2026-09-15 09:19:00,0.8543549619652704,0,0.37622482685151015,0
2026-09-15 09:20:00,0.747748409626191,0,0.3468538382907254,0
2026-09-15 09:21:00,0.9954906206442653,0,0.35117244085475613,0
2026-09-15 09:22:00,1.6778742936485957,0,0.37414214769272486,0
2026-09-15 09:23:00,0.8547846877564118,0,0.3519771632992811,0
2026-09-15 09:24:00,0.9512959517334257,0,0.3652600780338495,0
2026-09-15 09:25:00,0.6841268284504104,0,0.3598496651968298,0
2026-09-15 09:26:00,1.2159760176345273,0,0.35168672675154106,0
2026-09-15 09:27:00,1.5882729255093542,0,0.42596844955721014,0
2026-09-15 09:28:00,0.8372988737940664,0,0.3543084731830951,0
2026-09-15 09:29:00,1.4885313311894515,0,0.369332144655783,0
2026-09-15 09:30:00,0.7724570782644824,0,0.3806308826722746,0
2026-09-15 09:31:00,1.420961939853864,0,0.3733519511502609,0
2026-09-15 09:32:00,2.4428300818360498,0,0.3913790534609796,0
2026-09-15 09:33:00,0.8411199296657673,0,0.3521661630986729,0
2026-09-15 09:34:00,0.8318385736509615,0,0.33693203545066996,0
2026-09-15 09:35:00,0.7809573236193382,0,0.3578473327296623,0
2026-09-15 09:36:00,0.7933986100675245,0,0.3553657520139695,0
2026-09-15 09:37:00,1.3730704745826314,0,0.3729613419668141,0
2026-09-15 09:38:00,0.8190244936106924,0,0.3896359478810814,0
2026-09-15 09:39:00,0.5438430021709869,0,0.3715527018350564,0
2026-09-15 09:40:00,0.623686536540432,0,0.3447380853002237,0
2026-09-15 09:41:00,2.504271916465013,0,0.41715334177720925,0
2026-09-15 09:42:00,0.6867542277970272,0,0.35718848178066215,0
2026-09-15 09:43:00,0.6491812487905351,0,0.3629558662630818,0
2026-09-15 09:44:00,0.9153803163884209,0,0.3613378813605309,0
2026-09-15 09:45:00,2.0652034441350025,0,0.40844946614344657,0
2026-09-15 09:46:00,0.8230823781388417,0,0.346112066757391,0
2026-09-15 09:47:00,1.7838351183386396,0,0.36684008429166864,0
2026-09-15 09:48:00,0.8145086033665633,0,0.3483617591435901,0
2026-09-15 09:49:00,1.5007793121431356,0,0.34920445879529144,0
2026-09-15 09:50:00,0.8145086033665633,0,0.3628091937890615,0
2026-09-15 09:51:00,1.3977168163080116,0,0.39667684074628395,0
2026-09-15 09:52:00,21.449605868545415,1,0.6381665417138829,1
2026-09-15 09:53:00,31.591973010381405,1,0.6664559025836972,1
2026-09-15 09:54:00,21.164880979484494,1,0.6167277639551186,1
2026-09-15 09:55:00,26.979583901898632,1,0.6725779146698696,1
2026-09-15 09:56:00,33.07043298511775,1,0.6928731970719987,1
2026-09-15 09:57:00,33.963200805857454,1,0.67908678883908,1
2026-09-15 09:58:00,26.95653734855858,1,0.6059113287231147,0
2026-09-15 09:59:00,0.8972992832063583,0,0.3902016787592798,0
2026-09-15 10:00:00,1.5565171371729232,0,0.4199563276878551,0
2026-09-15 10:01:00,1.191043649864467,0,0.4269665961144445,0
2026-09-15 10:02:00,0.6079828334117444,0,0.4041807529586626,0
2026-09-15 10:03:00,0.992924760387462,0,0.4112694491682252,0
2026-09-15 10:04:00,1.9258831674660948,0,0.4098425941591885,0
2026-09-15 10:05:00,2.1272400874696618,0,0.44200546366270066,0
2026-09-15 10:06:00,1.329165305325624,0,0.40550113489691797,0
2026-09-15 10:07:00,1.0853183810553884,0,0.4091996789890694,0
2026-09-15 10:08:00,0.3891292842932308,0,0.3964855210028229,0
2026-09-15 10:09:00,0.8457233071638484,0,0.3818281651849156,0
2026-09-15 10:10:00,1.8711612000005928,0,0.43897454626679616,0
2026-09-15 10:11:00,0.7598037076721512,0,0.3764905709210693,0
2026-09-15 10:12:00,0.46687114779528316,0,0.3619085587502611,0
2026-09-15 10:13:00,0.7284715960155774,0,0.3546694212824579,0
2026-09-15 10:14:00,0.9555285758714686,0,0.35491261762395804,0
2026-09-15 10:15:00,0.8442263418579569,0,0.3643331128149222,0
2026-09-15 10:16:00,2.304510094748836,0,0.4011705460792992,0
2026-09-15 10:17:00,1.302520641723699,0,0.3568432572048229,0
2026-09-15 10:18:00,0.7587944406269691,0,0.3520667134349571,0
2026-09-15 10:19:00,1.2497465203331577,0,0.3739137864366567,0
2026-09-15 10:20:00,1.3427834170271649,0,0.35917008400870887,0
2026-09-15 10:21:00,0.8431134492983546,0,0.3850637599868071,0
2026-09-15 10:22:00,1.4027558468582697,0,0.35733944371511095,0
2026-09-15 10:23:00,0.722674466121303,0,0.3540416088616772,0
2026-09-15 10:24:00,0.7306983227252407,0,0.36696451276355135,0
2026-09-15 10:25:00,0.90107209029841,0,0.36367806323775986,0
2026-09-15 10:26:00,1.0117361391580255,0,0.3514815048860449,0
2026-09-15 10:27:00,1.6436272201496278,0,0.35439843347232236,0
2026-09-15 10:28:00,0.6818204763276731,0,0.34876270573788853,0
2026-09-15 10:29:00,1.1361007862774561,0,0.3491154599846937,0
2026-09-15 10:30:00,1.4558883770921243,0,0.3519285406779996,0
2026-09-15 10:31:00,0.5019689999835566,0,0.36172176023997804,0
2026-09-15 10:32:00,0.7036027773107538,0,0.34264256637296125,0
2026-09-15 10:33:00,0.7306983227252407,0,0.3318077189304293,0
2026-09-15 10:34:00,2.1729687588680004,0,0.3960928411277538,0
2026-09-15 10:35:00,0.39345294300589884,0,0.34950483535140536,0
2026-09-15 10:36:00,1.3110441435701727,0,0.3426781086185869,0
2026-09-15 10:37:00,0.350962319995607,0,0.34740407109326954,0
2026-09-15 10:38:00,1.196547605223596,0,0.40780305818013257,0
2026-09-15 10:39:00,1.0582438031917156,0,0.36710088314371364,0
2026-09-15 10:40:00,0.981077468269436,0,0.36966041458744864,0
2026-09-15 10:41:00,1.554261315224473,0,0.3631601603964566,0
2026-09-15 10:42:00,1.202353092909498,0,0.3376582198416178,0
2026-09-15 10:43:00,0.6728233844701884,0,0.3530106588418655,0
2026-09-15 10:44:00,0.6744907155762805,0,0.3467106498850033,0
2026-09-15 10:45:00,1.6630757731014651,0,0.3608129986153643,0
2026-09-15 10:46:00,0.6744907594352373,0,0.3542415007150831,0
2026-09-15 10:47:00,0.6065345828477375,0,0.3391797197626715,0
2026-09-15 10:48:00,0.43073382591585346,0,0.34474902492825005,0
2026-09-15 10:49:00,1.1773758408752992,0,0.35290261339328083,0
2026-09-15 10:50:00,1.7187837136050816,0,0.3805010364576014,0
2026-09-15 10:51:00,0.6131734176683975,0,0.3583389924821949,0
2026-09-15 10:52:00,1.2548665291800474,0,0.3493500079808627,0
2026-09-15 10:53:00,1.5105565457816732,0,0.40201163680554924,0
2026-09-15 10:54:00,2.5663550846689005,0,0.38989787236547074,0
2026-09-15 10:55:00,0.7896477183596616,0,0.35041848743411885,0
2026-09-15 10:56:00,1.516312476299604,0,0.3516106451005788,0
2026-09-15 10:57:00,2.69883924168206,0,0.41602301593764196,0
2026-09-15 10:58:00,0.6779854861233077,0,0.3455665942838399,0
2026-09-15 10:59:00,1.0698675642917885,0,0.347527725640403,0
2026-09-15 11:00:00,1.6128941139578648,0,0.3471579737308607,0
2026-09-15 11:01:00,0.7098681486673901,0,0.3694574654410068,0
2026-09-15 11:02:00,1.888574126407084,0,0.380343952222119,0
2026-09-15 11:03:00,2.0763396541727053,0,0.37515174832098996,0
2026-09-15 11:04:00,1.0638139612496529,0,0.38806360232256565,0
2026-09-15 11:05:00,0.8768379872604318,0,0.35735985554914795,0
2026-09-15 11:06:00,0.6641490476309956,0,0.3489329435628859,0
2026-09-15 11:07:00,1.584729233381772,0,0.3563663591052489,0
2026-09-15 11:08:00,1.2946228652298737,0,0.3782087952777089,0
2026-09-15 11:09:00,0.30135494912339406,0,0.34620822528221346,0
2026-09-15 11:10:00,0.8750150392571842,0,0.3642454115042262,0
2026-09-15 11:11:00,1.4153645409525104,0,0.34735598454134237,0
2026-09-15 11:12:00,0.7656381593500361,0,0.33732780392786194,0
2026-09-15 11:13:00,1.6771121585762696,0,0.35331396288437106,0
2026-09-15 11:14:00,1.4583583987619735,0,0.34066120228816005,0
2026-09-15 11:15:00,2.1875375981429603,0,0.34213401894725753,0
2026-09-15 11:16:00,0.6562612794428881,0,0.3383024877298606,0
2026-09-15 11:17:00,2.6050574699143025,0,0.3966414690073792,0
2026-09-15 11:18:00,1.723698607422119,0,0.37826598459884947,0
2026-09-15 11:19:00,1.348981518852093,0,0.33316120751115236,0
2026-09-15 11:20:00,0.5104254395666907,0,0.3605219180853154,0
2026-09-15 11:21:00,0.6593016695999484,0,0.3425939140813175,0
2026-09-15 11:22:00,1.975793359706451,0,0.3597158961574066,0
2026-09-15 11:23:00,1.274038101138088,0,0.33662907258630625,0
2026-09-15 11:24:00,0.7713470735415167,0,0.3444923129766162,0
2026-09-15 11:25:00,0.6610009005948454,0,0.3404409976915482,0
2026-09-15 11:26:00,1.6487551897081139,0,0.3698973903677703,0
2026-09-15 11:27:00,2.130298943752581,0,0.4360959919685002,0
2026-09-15 11:28:00,1.2642444409435387,0,0.35898274639112865,0
2026-09-15 11:29:00,0.8993210125680621,0,0.347104200162276,0
2026-09-15 11:30:00,1.4372087830785372,0,0.35157458827720695,0
2026-09-15 11:31:00,2.007853137781654,0,0.36179795355079636,0
2026-09-15 11:32:00,2.098415695992145,0,0.35110122383491454,0
2026-09-15 11:33:00,2.081127674844899,0,0.3830675158814412,0
2026-09-15 11:34:00,1.503167355944867,0,0.3527699585604159,0
2026-09-15 11:35:00,1.6112834808511112,0,0.3440160861397513,0
2026-09-15 11:36:00,0.2526629421432078,0,0.3507677162358689,0
2026-09-15 11:37:00,1.6487551897081139,0,0.337453720726002,0
2026-09-15 11:38:00,1.2480095646585865,0,0.35032873473856935,0
2026-09-15 11:39:00,1.348981518852093,0,0.3609643344513181,0
2026-09-15 11:40:00,1.4393983192497324,0,0.3695361426384388,0
2026-09-15 11:41:00,1.3939309356546612,0,0.34880746943526975,0
2026-09-15 11:42:00,1.723698607422119,0,0.37213320136411077,0
2026-09-15 11:43:00,2.300668459514711,0,0.4027827083392765,0
2026-09-15 11:44:00,1.2308453827908215,0,0.3636446616142741,0
2026-09-15 11:45:00,1.9553349597802019,0,0.35428502935000916,0
2026-09-15 11:46:00,1.7505828035492217,0,0.354159398095375,0
2026-09-15 11:47:00,0.4809200771339696,0,0.3409793748192688,0
2026-09-15 11:48:00,0.6580202945519292,0,0.3406595674797454,0
2026-09-15 11:49:00,1.258447151331957,0,0.3596611960371,0
2026-09-15 11:50:00,0.7231876056984147,0,0.3409409778031281,0
2026-09-15 11:51:00,1.5048565477064826,0,0.3954840592816477,0
2026-09-15 11:52:00,0.20612284147808976,0,0.3401131067758466,0
2026-09-15 11:53:00,0.7494341771400518,0,0.3617428116905938,0
2026-09-15 11:54:00,1.0990826498934099,0,0.3488328048454899,0
2026-09-15 11:55:00,0.6697107887629463,0,0.33759875070782147,0
2026-09-15 11:56:00,1.0492078479960725,0,0.3430051731419359,0
2026-09-15 11:57:00,1.388975835157551,0,0.34930168577769866,0
2026-09-15 11:58:00,0.6744907139828199,0,0.3603974445952125,0
2026-09-15 11:59:00,0.7869058859970544,0,0.33499061760902044,0
2026-09-15 12:00:00,1.911057151707132,0,0.34743658686412937,0
2026-09-15 12:01:00,0.6744907139828199,0,0.36640802100268877,0
2026-09-15 12:02:00,0.6480400977481995,0,0.34568559641984087,0
2026-09-15 12:03:00,1.889852493447359,0,0.3454541275605069,0
2026-09-15 12:04:00,1.0975736779880365,0,0.3461410471068687,0
2026-09-15 12:05:00,0.7639349744530471,0,0.347669142923431,0
2026-09-15 12:06:00,1.137502386753654,0,0.3477554371326714,0
2026-09-15 12:07:00,2.0234722782781396,0,0.3668956225305692,0
2026-09-15 12:08:00,0.618167624978638,0,0.34097066611891574,0
2026-09-15 12:09:00,2.5251635834828208,0,0.38679152734936334,0
2026-09-15 12:10:00,1.6487551897081139,0,0.3504931186187098,0
2026-09-15 12:11:00,0.5995473417120414,0,0.3673137610821316,0
2026-09-15 12:12:00,1.839053058735077,0,0.3735357516851133,0
2026-09-15 12:13:00,0.8584427268872235,0,0.3814292603446094,0
2026-09-15 12:14:00,1.5738117719941087,0,0.3348273848041755,0
2026-09-15 12:15:00,1.5738117719941087,0,0.34507092715026694,0
2026-09-15 12:16:00,0.2623019619990181,0,0.362039819530201,0
2026-09-15 12:17:00,2.435661075705168,0,0.3915714103816285,0
2026-09-15 12:18:00,0.6744907139828199,0,0.35037038537908655,0
2026-09-15 12:19:00,0.7119624682830492,0,0.3775501673288684,0
2026-09-15 12:20:00,0.8243775393123338,0,0.34673011690137595,0
2026-09-15 12:21:00,0.6744907139828199,0,0.346958926880054,0
2026-09-15 12:22:00,2.0234722782781396,0,0.3503477603694038,0
2026-09-15 12:23:00,0.8336580332264112,0,0.342868204788666,0
2026-09-15 12:24:00,1.1167647044142248,0,0.3428170112585827,0
2026-09-15 12:25:00,1.1241512657100776,0,0.3399432741507665,0
2026-09-15 12:26:00,2.2108308225631528,0,0.34622318510319844,0
2026-09-15 12:27:00,0.9125462600943977,0,0.36408851517809887,0
2026-09-15 12:28:00,0.5995473417120414,0,0.33525459547272873,0
2026-09-15 12:29:00,2.17335911370615,0,0.33858901595841223,0
2026-09-15 12:30:00,1.1990946834240828,0,0.3344542894945072,0
2026-09-15 12:31:00,0.6480400977481995,0,0.3482514735248279,0
2026-09-15 12:32:00,1.5738117719941087,0,0.34119389014976903,0
2026-09-15 12:33:00,1.7500300785143683,0,0.3400377619678362,0
2026-09-15 12:34:00,0.6744907139828199,0,0.3378312651211857,0
2026-09-15 12:35:00,0.6744907139828199,0,0.3431766402338291,0
2026-09-15 12:36:00,0.6744907139828199,0,0.3575581840282546,0
2026-09-15 12:37:00,1.604194238638171,0,0.34513308209629023,0
2026-09-15 12:38:00,0.7153445933149977,0,0.34358884079056695,0
2026-09-15 12:39:00,1.4239249365660984,0,0.34383665317254575,0
2026-09-15 12:40:00,1.348981518852093,0,0.33675258281605497,0
2026-09-15 12:41:00,0.36458959969049337,0,0.34782471963305867,0
2026-09-15 12:42:00,1.0937687990714802,0,0.3598795443853567,0
2026-09-15 12:43:00,1.1666867190095789,0,0.3413785105552489,0
2026-09-15 12:44:00,1.5911064068603593,0,0.38859984326859986,0
2026-09-15 12:45:00,3.4735672731548535,0,0.3961809535293996,0
2026-09-15 12:46:00,0.5604557019109505,0,0.3683033005476691,0
2026-09-15 12:47:00,1.5911064068603593,0,0.3811193816507199,0
2026-09-15 12:48:00,1.3909515392108942,0,0.3773576124831968,0
2026-09-15 12:49:00,2.642011145370399,0,0.3930375308846664,0
2026-09-15 12:50:00,0.5492142788112129,0,0.3629746515174977,0
2026-09-15 12:51:00,1.385440478823875,0,0.3324503124297223,0
2026-09-15 12:52:00,1.6771121585762696,0,0.340709439699187,0
2026-09-15 12:53:00,1.0937687990714802,0,0.3375035608926139,0
2026-09-15 12:54:00,1.0035648384665676,0,0.3617699101649991,0
2026-09-15 12:55:00,1.995027318027696,0,0.369136163247233,0
2026-09-15 12:56:00,2.9677593414968464,0,0.3593898023594917,0
2026-09-15 12:57:00,0.6577279434632947,0,0.35150145304507446,0
2026-09-15 12:58:00,2.169409697257191,0,0.4010082279371467,0
2026-09-15 12:59:00,0.9925407066790625,0,0.33564808851521594,0
2026-09-15 13:00:00,1.0211850331584655,0,0.3580159197827758,0
2026-09-15 13:01:00,0.6778972327403088,0,0.3640427601321854,0
2026-09-15 13:02:00,1.746839064994028,0,0.3665297075261461,0
2026-09-15 13:03:00,1.2677490575947454,0,0.37283892126456836,0
2026-09-15 13:04:00,2.147521373998104,0,0.379811987830379,0
2026-09-15 13:05:00,0.7419398353742116,0,0.34847552298241063,0
2026-09-15 13:06:00,0.6744907139828199,0,0.3371058303307216,0
2026-09-15 13:07:00,1.7536759745208637,0,0.3581847870597722,0
2026-09-15 13:08:00,2.0064870734997964,0,0.3550928162258033,0
2026-09-15 13:09:00,2.8754604122425462,0,0.4271159790119677,0
2026-09-15 13:10:00,0.6744907139828199,0,0.34641860406344116,0
2026-09-15 13:11:00,1.0462250294432442,0,0.3353402524584925,0
2026-09-15 13:12:00,2.3048480339037285,0,0.41002972257134007,0
2026-09-15 13:13:00,1.0330807138217852,0,0.3481840343844943,0
2026-09-15 13:14:00,1.5360405346603023,0,0.3435568811433473,0
2026-09-15 13:15:00,1.2010821116085684,0,0.3460537504923521,0
2026-09-15 13:16:00,1.18874903045047,0,0.3433254778497092,0
2026-09-15 13:17:00,1.1466342910328724,0,0.3333468139355692,0
2026-09-15 13:18:00,1.554422628848132,0,0.3734797410051281,0
2026-09-15 13:19:00,0.6744907139828199,0,0.3567025203939572,0
2026-09-15 13:20:00,1.2815324429190929,0,0.33690165406679234,0
2026-09-15 13:21:00,0.6744907139828199,0,0.335935732250511,0
2026-09-15 13:22:00,1.0117361391466522,0,0.3316613689968319,0
2026-09-15 13:23:00,0.6881167890127756,0,0.3558889588828825,0
2026-09-15 13:24:00,0.31585547902217836,0,0.3516626529023193,0
2026-09-15 13:25:00,1.9560232023501942,0,0.37310573243886674,0
2026-09-15 13:26:00,0.944287063203542,0,0.33940641699961166,0
2026-09-15 13:27:00,0.944287063203542,0,0.3337825156974089,0
2026-09-15 13:28:00,1.5605046401523754,0,0.3763004837714702,0
2026-09-15 13:29:00,0.7082152974026565,0,0.33170349908638197,0
2026-09-15 13:30:00,0.40502902916311256,0,0.3760659174159368,0
2026-09-15 13:31:00,1.0571921229204986,0,0.35214223166056974,0
2026-09-15 13:32:00,0.6813037514977978,0,0.3421311877918335,0
2026-09-15 13:33:00,0.8175645017973558,0,0.3466976308991591,0
2026-09-15 13:34:00,0.7419398353742116,0,0.3459050392298901,0
2026-09-15 13:35:00,0.8768379872604318,0,0.33151097295715337,0
2026-09-15 13:36:00,2.1714975620089816,0,0.36107808594700813,0
2026-09-15 13:37:00,1.348981518862203,0,0.3542575719956622,0
2026-09-15 13:38:00,1.5730806109729432,0,0.34287207143663484,0
2026-09-15 13:39:00,0.9507881148914398,0,0.3654912191063096,0
2026-09-15 13:40:00,0.6744907139828199,0,0.3347067796453242,0
2026-09-15 13:41:00,1.0117361391466522,0,0.3639859393228346,0
2026-09-15 13:42:00,0.40469445565866086,0,0.3534830539453864,0
2026-09-15 13:43:00,1.8539209491978041,0,0.35189410057364956,0
2026-09-15 13:44:00,0.6778972327403088,0,0.33500839690556067,0
2026-09-15 13:45:00,2.3084414537426134,0,0.38816225187743836,0
2026-09-15 13:46:00,1.4838796707484232,0,0.34102917628104557,0
2026-09-15 13:47:00,1.838564422657828,0,0.3691866386764853,0
2026-09-15 13:48:00,1.5850532846630885,0,0.3449313092082416,0
2026-09-15 13:49:00,2.0909213542364147,0,0.3482550646703131,0
2026-09-15 13:50:00,1.1734290503536726,0,0.38429932390715027,0
2026-09-15 13:51:00,0.9091397413369088,0,0.3579487649161392,0
2026-09-15 13:52:00,1.262283646337814,0,0.3657586718199169,0
2026-09-15 13:53:00,1.3686194359135555,0,0.39650817833148033,0
2026-09-15 13:54:00,0.7238437418296898,0,0.33147819373547044,0
2026-09-15 13:55:00,1.9083153193691824,0,0.37882654345984085,0
2026-09-15 13:56:00,1.187302312875029,0,0.37618952424455104,0
2026-09-15 13:57:00,1.306621480217423,0,0.3523641584350989,0
2026-09-15 13:58:00,1.4476874836593796,0,0.4046716740117273,0
2026-09-15 13:59:00,1.6198487469097416,0,0.35184285923341757,0
2026-09-15 14:00:00,0.8156632439670307,0,0.35550372510444794,0
2026-09-15 14:01:00,0.31371663229501184,0,0.3409312226953724,0
2026-09-15 14:02:00,2.638067333425281,0,0.36838646679530607,0
2026-09-15 14:03:00,1.5126332571839587,0,0.3456997431129268,0
2026-09-15 14:04:00,0.8955651825158973,0,0.3378337895103883,0
2026-09-15 14:05:00,1.0261144890657194,0,0.34095378454616015,0
2026-09-15 14:06:00,0.8431134492888768,0,0.33664193584930374,0
2026-09-15 14:07:00,0.7281417501265305,0,0.3451623123367451,0
2026-09-15 14:08:00,1.1844715775394925,0,0.3424146644913477,0
2026-09-15 14:09:00,1.7568131408520662,0,0.33615895151657643,0
2026-09-15 14:10:00,1.734385040679919,0,0.3583285336429199,0
2026-09-15 14:11:00,0.8518689051190528,0,0.34414758680026003,0
2026-09-15 14:12:00,1.134471496956895,0,0.3441301050528987,0
2026-09-15 14:13:00,0.9176563142448481,0,0.3405038996903844,0
2026-09-15 14:14:00,1.3489815188685508,0,0.3359695052866852,0
2026-09-15 14:15:00,0.9097782336555342,0,0.33118227035061265,0
2026-09-15 14:16:00,1.2862381924095485,0,0.3464966562301151,0
2026-09-15 14:17:00,1.3736595994998635,0,0.3660067144366468,0
2026-09-15 14:18:00,1.3286253253203713,0,0.3575738830458075,0
2026-09-15 14:19:00,1.5329335441709937,0,0.356862410642317,0
2026-09-15 14:20:00,1.014217260027197,0,0.3401776007840303,0
2026-09-15 14:21:00,1.778790918509838,0,0.34775963313788744,0
2026-09-15 14:22:00,1.1808154888511486,0,0.37580012324263107,0
2026-09-15 14:23:00,0.7273480721609619,0,0.3570091010046386,0
2026-09-15 14:24:00,1.1695913162749367,0,0.3345078296913962,0
2026-09-15 14:25:00,0.9496741402337153,0,0.34521505680736625,0
2026-09-15 14:26:00,0.981077468269436,0,0.342806482371977,0
2026-09-15 14:27:00,0.7971254429689167,0,0.33581325486556274,0
2026-09-15 14:28:00,1.0423948100362757,0,0.3407912987002587,0
2026-09-15 14:29:00,1.3317660678200187,0,0.3390670037386566,0
2026-09-15 14:30:00,1.226346835336795,0,0.3603490582715296,0
2026-09-15 14:31:00,1.4396031227671389,0,0.3534224213143811,0
2026-09-15 14:32:00,1.9008375947720322,0,0.35225023279821494,0
2026-09-15 14:33:00,2.110348941129703,0,0.3764347554407722,0
2026-09-15 14:34:00,0.7175433127476789,0,0.331089579185968,0
2026-09-15 14:35:00,0.8293213067075357,0,0.3743098370208414,0
2026-09-15 14:36:00,1.3041749074678144,0,0.33998902751754134,0
2026-09-15 14:37:00,1.6494700770912512,0,0.39302283297923346,0
2026-09-15 14:38:00,0.7175433127476789,0,0.3382496378188195,0
2026-09-15 14:39:00,1.1303764515888137,0,0.38210782555465983,0
2026-09-15 14:40:00,0.8393378255831795,0,0.3341548858663686,0
2026-09-15 14:41:00,0.42478047543918834,0,0.3399624092300429,0
2026-09-15 14:42:00,2.312539746628347,0,0.3566816389615356,0
2026-09-15 14:43:00,1.2526256960903543,0,0.3654007810135581,0
2026-09-15 14:44:00,1.7692110119084947,0,0.3489059618084118,0
2026-09-15 14:45:00,0.37645995875401417,0,0.35047818813097076,0
2026-09-15 14:46:00,1.800388459481708,0,0.35024127391585586,0
2026-09-15 14:47:00,1.0920326581300526,0,0.33203698659702546,0
2026-09-15 14:48:00,0.9077549571012142,0,0.35478535797672284,0
2026-09-15 14:49:00,0.7495266608032268,0,0.33310313881363235,0
2026-09-15 14:50:00,0.4557583408029657,0,0.3390800479225812,0
2026-09-15 14:51:00,0.8660546186962266,0,0.3358015345318374,0
2026-09-15 14:52:00,0.9243201006859115,0,0.34514625216265055,0
2026-09-15 14:53:00,0.847034907196532,0,0.3711459854071235,0
2026-09-15 14:54:00,1.7423496009284243,0,0.3519283872632068,0
2026-09-15 14:55:00,0.5656287383479759,0,0.350938210221881,0
2026-09-15 14:56:00,0.4136551145566071,0,0.3691632301634176,0
2026-09-15 14:57:00,1.156579779909314,0,0.34389484857909347,0
2026-09-15 14:58:00,0.8765218731364665,0,0.3419807243740425,0
2026-09-15 14:59:00,0.9632475192479052,0,0.33608762913359863,0
2026-09-15 15:00:00,0.9504187973860161,0,0.3474263977104788,0
2026-09-15 15:01:00,1.0535744906190483,0,0.34273556699553537,0
2026-09-15 15:02:00,0.9362087140000971,0,0.3496332036106297,0
2026-09-15 15:03:00,1.5984266908726232,0,0.3630155274071797,0
2026-09-15 15:04:00,1.6249095568212535,0,0.3499994197697623,0
2026-09-15 15:05:00,0.9171578475656293,0,0.34807036568247784,0
2026-09-15 15:06:00,0.7371703336052048,0,0.3391790217095554,0
2026-09-15 15:07:00,1.6852627746520694,0,0.3532896348392369,0
2026-09-15 15:08:00,1.2466258839913207,0,0.3514926485972921,0
2026-09-15 15:09:00,0.3679040506010385,0,0.34710407881651095,0
2026-09-15 15:10:00,1.962154936538872,0,0.3501030386863678,0
2026-09-15 15:11:00,1.2943845936901666,0,0.3485879591604616,0
2026-09-15 15:12:00,2.949881820850216,0,0.3868873453649256,0
2026-09-15 15:13:00,0.735808101202077,0,0.33891549691134704,0
2026-09-15 15:14:00,1.6990137148722715,0,0.3817355290285636,0
2026-09-15 15:15:00,0.5518560759015577,0,0.33430801096943635,0
2026-09-15 15:16:00,1.4360658397170891,0,0.39296704854745557,0
2026-09-15 15:17:00,1.275284586501852,0,0.35852168821510294,0
2026-09-15 15:18:00,0.784291527886994,0,0.3310340791833506,0
2026-09-15 15:19:00,1.3796401897538944,0,0.36996680550285166,0
2026-09-15 15:20:00,1.1343708226865354,0,0.35444136411120303,0
2026-09-15 15:21:00,1.7079460491555072,0,0.39552724796983835,0
2026-09-15 15:22:00,1.3234919533093181,0,0.355672241849746,0
2026-09-15 15:23:00,0.8035409274359395,0,0.36191768913586164,0
2026-09-15 15:24:00,1.1650294935699552,0,0.37223179718645216,0
2026-09-15 15:25:00,2.432322651513704,0,0.36452318635665004,0
2026-09-15 15:26:00,0.9257314503485043,0,0.3434178101774266,0
2026-09-15 15:27:00,0.981077468269436,0,0.3464200799938167,0
2026-09-15 15:28:00,0.490538734134718,0,0.3588616602598117,0
2026-09-15 15:29:00,0.1226346835336795,0,0.3343602177768469,0
2026-09-15 15:30:00,0.747787565457581,0,0.36322940497722245,0
2026-09-15 15:31:00,1.5180277731511351,0,0.4509155066776828,0
2026-09-15 15:32:00,1.1956881644533752,0,0.34188855459632345,0
2026-09-15 15:33:00,5.319094349043049,1,0.43900648832369205,0
2026-09-15 15:34:00,1.625740835926221,0,0.3606621406034117,0
2026-09-15 15:35:00,3.0912955763112047,0,0.3949618989040452,0
2026-09-15 15:36:00,1.1037121518031154,0,0.34674794143819354,0
2026-09-15 15:37:00,2.442906909369633,0,0.37830917074586085,0
2026-09-15 15:38:00,19.644036929113174,1,0.6774704142798852,1
2026-09-15 15:39:00,23.05188126469972,1,0.6795221630995089,1
2026-09-15 15:40:00,29.055132284776523,1,0.6348610903653018,1
2026-09-15 15:41:00,19.946380440253787,1,0.6063203846290933,0
2026-09-15 15:42:00,21.47414163708414,1,0.5980507133312405,0
2026-09-15 15:43:00,25.53918467699409,1,0.6428453711466772,1
2026-09-15 15:44:00,21.992611147355948,1,0.6026162272391111,0
2026-09-15 15:45:00,0.8306070926472437,0,0.3712871276033655,0
2026-09-15 15:46:00,0.5728467479914388,0,0.3818924504999657,0
2026-09-15 15:47:00,1.0789584919954862,0,0.3725482915245413,0
2026-09-15 15:48:00,0.8234681882182544,0,0.38526993656441066,0
2026-09-15 15:49:00,2.3357275906654276,0,0.415818851776383,0
2026-09-15 15:50:00,1.0733247362985787,0,0.38203180637506445,0
2026-09-15 15:51:00,0.8234681882182544,0,0.38169767534284754,0
2026-09-15 15:52:00,0.8234681882182544,0,0.36890408012123244,0
2026-09-15 15:53:00,0.8234681882182544,0,0.3889652203398573,0
2026-09-15 15:54:00,1.0567611160280947,0,0.4009479479371867,0
2026-09-15 15:55:00,0.8234681882182544,0,0.36868812656455585,0
2026-09-15 15:56:00,0.6772777658647444,0,0.3733005579515346,0
2026-09-15 15:57:00,0.7896477183596616,0,0.3968846172177387,0
2026-09-15 15:58:00,1.0506842978064537,0,0.38524930689077397,0
2026-09-15 15:59:00,0.6451662518597354,0,0.35587493048942737,0
2026-09-15 16:00:00,0.8214043583107514,0,0.3325901529682254,0
2026-09-15 16:01:00,1.0117361391466522,0,0.33919760203044974,0
2026-09-15 16:02:00,0.5313729677916218,0,0.3612550441753829,0
2026-09-15 16:03:00,1.7489776321743822,0,0.3498531022386763,0
2026-09-15 16:04:00,0.26979630377244057,0,0.338157256613962,0
2026-09-15 16:05:00,0.8449869783650851,0,0.3707332097173791,0
2026-09-15 16:06:00,1.0783152642028218,0,0.37840663628281385,0
2026-09-15 16:07:00,0.472143531601771,0,0.34987913199960724,0
2026-09-15 16:08:00,0.45276788672858675,0,0.3340626003940298,0
2026-09-15 16:09:00,0.8399650582250565,0,0.3344396013332715,0
2026-09-15 16:10:00,1.0360282645270813,0,0.33769111089144477,0
2026-09-15 16:11:00,1.888574126407084,0,0.3451420523459524,0
2026-09-15 16:12:00,0.9713083483465874,0,0.36818329799715754,0
2026-09-15 16:13:00,0.8087773845869185,0,0.38028245468107735,0
2026-09-15 16:14:00,2.411869360638601,0,0.381989070803201,0
2026-09-15 16:15:00,3.3996908610979855,0,0.4172372744480019,0
2026-09-15 16:16:00,0.8768379872604318,0,0.34321438434323503,0
2026-09-15 16:17:00,1.095530035378943,0,0.3705435810572374,0
2026-09-15 16:18:00,0.9960685353824312,0,0.35014713577004936,0
2026-09-15 16:19:00,1.0376780914306691,0,0.3468340826482738,0
2026-09-15 16:20:00,1.686905449641114,0,0.3646251017740962,0
2026-09-15 16:21:00,1.34594604185492,0,0.3647545922743576,0
2026-09-15 16:22:00,1.1961704468779901,0,0.41179981260495946,0
2026-09-15 16:23:00,1.326246697014548,0,0.34419630336071483,0
2026-09-15 16:24:00,0.8768379872604318,0,0.3525956382903274,0
2026-09-15 16:25:00,0.24565220167711913,0,0.3359174074964364,0
2026-09-15 16:26:00,1.2140833669759825,0,0.38224183839627535,0
2026-09-15 16:27:00,3.815764729400274,1,0.40063520555051135,0
2026-09-15 16:28:00,1.8248594645510092,0,0.4183958706738944,0
2026-09-15 16:29:00,2.8108873447068965,0,0.4271781300817557,0
2026-09-15 16:30:00,0.8858083131902853,0,0.33643752861038223,0
2026-09-15 16:31:00,20.642764588220274,1,0.6456857961010536,1
2026-09-15 16:32:00,22.24520518978026,1,0.6617189083167425,1
2026-09-15 16:33:00,19.306258232203785,1,0.6254557346572368,1
2026-09-15 16:34:00,21.95896289006689,1,0.6292408236404706,1
2026-09-15 16:35:00,21.863848943485415,1,0.6386365823830987,1
2026-09-15 16:36:00,29.676978031244982,1,0.641324930714892,1
2026-09-15 16:37:00,31.567477583004145,1,0.7027670519224513,1
2026-09-15 16:38:00,20.67887005141814,1,0.5826947736223564,0
2026-09-15 16:39:00,23.726997238435416,1,0.5870878212702196,0
2026-09-15 16:40:00,32.49946246724712,1,0.6728078553567007,1
2026-09-15 16:41:00,24.199044754827533,1,0.6104351145645497,1
2026-09-15 16:42:00,21.984415072523095,1,0.6126119904401225,1
2026-09-15 16:43:00,22.118880446776732,1,0.6009180447104684,0
2026-09-15 16:44:00,20.109508596888727,1,0.5722215282731156,0
2026-09-15 16:45:00,21.689175845329004,1,0.6493906043413981,1
2026-09-15 16:46:00,0.7809893003911345,0,0.4112794800573579,0
2026-09-15 16:47:00,1.5557714474204793,0,0.42426623632759225,0
2026-09-15 16:48:00,2.4368682589087878,0,0.43955182650806723,0
2026-09-15 16:49:00,1.182686003638519,0,0.39593582620045337,0
2026-09-15 16:50:00,2.1267343329495687,0,0.3993735979854106,0
2026-09-15 16:51:00,1.3489815188548255,0,0.43506646189237597,0
2026-09-15 16:52:00,0.8745536975637969,0,0.3967336732461217,0
2026-09-15 16:53:00,1.6237040372334124,0,0.42795915774729715,0
2026-09-15 16:54:00,0.8603411539920812,0,0.37243314111072295,0
2026-09-15 16:55:00,0.332958606322505,0,0.38606832934377006,0
2026-09-15 16:56:00,0.8580407767200586,0,0.36525469476126243,0
2026-09-15 16:57:00,1.2099660051447985,0,0.38365097789640557,0
2026-09-15 16:58:00,0.9058294223844401,0,0.3764286014301278,0
2026-09-15 16:59:00,0.8522037646335272,0,0.35895726438502085,0
2026-09-15 17:00:00,0.8522037646335272,0,0.339136250299465,0
2026-09-15 17:01:00,1.3864532277090957,0,0.34627671035004015,0
2026-09-15 17:02:00,1.5154695615852998,0,0.3549131758349224,0
2026-09-15 17:03:00,1.0117361391390698,0,0.33696887831054334,0
2026-09-15 17:04:00,2.2006924190152723,0,0.3645025128375865,0
2026-09-15 17:05:00,1.298394952626663,0,0.3653507471260799,0
2026-09-15 17:06:00,1.4988683542801036,0,0.3412950119104705,0
2026-09-15 17:07:00,1.8784317846799894,0,0.4098188913992842,0
2026-09-15 17:08:00,1.3373687376035979,0,0.36579193083748046,0
2026-09-15 17:09:00,0.9235728914191916,0,0.3502888505268545,0
2026-09-15 17:10:00,2.3394149448430364,0,0.3998028836737471,0
2026-09-15 17:11:00,2.2564313329811156,0,0.3890859579657957,0
2026-09-15 17:12:00,1.219692036384715,0,0.35795924320497013,0
2026-09-15 17:13:00,1.0492078479960725,0,0.38331062283410783,0
2026-09-15 17:14:00,1.1990946834240828,0,0.3388040547002098,0
2026-09-15 17:15:00,0.8216572667897943,0,0.33918128239692175,0
2026-09-15 17:16:00,0.8122110480924605,0,0.3500467707809455,0
2026-09-15 17:17:00,1.5846986605825177,0,0.4141017099462167,0
2026-09-15 17:18:00,0.7816268825808248,0,0.3445901738105976,0
2026-09-15 17:19:00,1.1988863462142025,0,0.3648976598212995,0
2026-09-15 17:20:00,0.5995473417120414,0,0.3454257639713406,0
2026-09-15 17:21:00,0.887981885059621,0,0.3467363248318085,0
2026-09-15 17:22:00,1.9485288605641344,0,0.3574073744981429,0
2026-09-15 17:23:00,0.7837104316793538,0,0.34010373974075614,0
2026-09-15 17:24:00,1.4988683542801036,0,0.36019940195864114,0
2026-09-15 17:25:00,1.384858126356717,0,0.3511975853671585,0
2026-09-15 17:26:00,0.7837104316793538,0,0.3356992103841212,0
2026-09-15 17:27:00,1.6109363234005933,0,0.4052353069678663,0
2026-09-15 17:28:00,1.6207145630334954,0,0.38977151650212294,0
2026-09-15 17:29:00,0.7963305013622523,0,0.37281040256164505,0
2026-09-15 17:30:00,1.230616060241626,0,0.3532083641078938,0
2026-09-15 17:31:00,0.800957776810927,0,0.34890685065595534,0
2026-09-15 17:32:00,1.468406873335056,0,0.3797154289751587,0
2026-09-15 17:33:00,2.359043596078141,0,0.40360938036614935,0
2026-09-15 17:34:00,1.2696296647963727,0,0.3916888913557642,0
2026-09-15 17:35:00,0.7742102096577468,0,0.33674375672174883,0
2026-09-15 17:36:00,0.8915147868786198,0,0.36341441449073675,0
2026-09-15 17:37:00,0.2997736708560207,0,0.3413282273069757,0
2026-09-15 17:38:00,2.281796168900857,0,0.39408268260182006,0
2026-09-15 17:39:00,1.0836131033720604,0,0.3867761423283345,0
2026-09-15 17:40:00,0.885269121738393,0,0.3369325903196052,0
2026-09-15 17:41:00,0.4378364200593344,0,0.3598530831114176,0
2026-09-15 17:42:00,0.9092389002180326,0,0.3441525706351065,0
2026-09-15 17:43:00,0.084311344927466,0,0.34495503858090454,0
2026-09-15 17:44:00,1.391137191303189,0,0.33960400518517686,0
2026-09-15 17:45:00,0.8804546410263697,0,0.37110789646871223,0
2026-09-15 17:46:00,0.252934034782398,0,0.3392433017597501,0
2026-09-15 17:47:00,0.758802104347194,0,0.34559434705304115,0
2026-09-15 17:48:00,2.1990938898996855,0,0.4224193659360789,0
2026-09-15 17:49:00,1.2731488939982407,0,0.3446476119463147,0
2026-09-15 17:50:00,0.7830054878568339,0,0.3492937728606866,0
2026-09-15 17:51:00,1.180358828984524,0,0.34222719886711045,0
2026-09-15 17:52:00,1.289013114739551,0,0.3603663811607194,0
2026-09-15 17:53:00,1.011736139129592,0,0.36266731636327715,0
2026-09-15 17:54:00,2.023472278259184,0,0.35756346647023646,0
2026-09-15 17:55:00,0.7638672989482715,0,0.3716719973469626,0
2026-09-15 17:56:00,1.348981518839456,0,0.35435130775793705,0
2026-09-15 17:57:00,0.39675927024886654,0,0.36995642047406974,0
2026-09-15 17:58:00,1.28362589920172,0,0.3725408517733507,0
2026-09-15 17:59:00,1.894436788082708,0,0.4254700209559832,0
2026-09-15 18:00:00,0.7141666864479598,0,0.35496211513590403,0
2026-09-15 18:01:00,0.4681535839195838,0,0.3341995191194398,0
2026-09-15 18:02:00,1.676007341592697,0,0.34314121503319683,0
2026-09-15 18:03:00,1.0406428859693864,0,0.3359480929284959,0
2026-09-15 18:04:00,1.2510183899286726,0,0.4016925579174266,0
2026-09-15 18:05:00,0.778608437587593,0,0.32924245782210376,0
2026-09-15 18:06:00,0.7608709376863791,0,0.338222036705225,0
2026-09-15 18:07:00,1.2646701739119899,0,0.38238190688077256,0
2026-09-15 18:08:00,0.758802104347194,0,0.3462581856851489,0
2026-09-15 18:09:00,1.0241321871744136,0,0.36161036101818866,0
2026-09-15 18:10:00,2.021886068406483,0,0.3826421027021681,0
2026-09-15 18:11:00,0.7340046133827743,0,0.3333909811958647,0
2026-09-15 18:12:00,0.7340046133827743,0,0.33871386071737847,0
2026-09-15 18:13:00,2.1906963737833913,0,0.4030878932218656,0
2026-09-15 18:14:00,0.9828859637153595,0,0.38207418466873005,0
2026-09-15 18:15:00,0.885269121738393,0,0.35519649390726254,0
2026-09-15 18:16:00,0.7286857393727559,0,0.33407843008954,0
2026-09-15 18:17:00,0.379401052173597,0,0.358736129896838,0
2026-09-15 18:18:00,0.7181999591815732,0,0.3552262548107053,0
2026-09-15 18:19:00,1.00291430668149,0,0.35866255497108807,0
2026-09-15 18:20:00,0.8431134492746599,0,0.35447841020491955,0
2026-09-15 18:21:00,0.8431134492746599,0,0.3409038709541451,0
2026-09-15 18:22:00,1.096047484057058,0,0.34928995941151975,0
2026-09-15 18:23:00,0.6113039723366236,0,0.3421337946120392,0
2026-09-15 18:24:00,0.7130330530004088,0,0.339474155453504,0
2026-09-15 18:25:00,2.445029002896514,0,0.3915035331029515,0
2026-09-15 18:26:00,0.168622689854932,0,0.3667895426259877,0
2026-09-15 18:27:00,0.337245379709864,0,0.3326396182735685,0
2026-09-15 18:28:00,0.337245379709864,0,0.3646932831373156,0
2026-09-15 18:29:00,0.927424794202126,0,0.34226295883290303,0
2026-09-15 18:30:00,1.770538243476786,0,0.3555817240565854,0
2026-09-15 18:31:00,2.0547063580422527,0,0.38978970218009457,0
2026-09-15 18:32:00,0.7181999591815732,0,0.3354051945424601,0
2026-09-15 18:33:00,0.9463461470006338,0,0.34807227068731666,0
2026-09-15 18:34:00,0.7055952714304147,0,0.33274517887144683,0
2026-09-15 18:35:00,0.590179414492262,0,0.34241749531383653,0
2026-09-15 18:36:00,1.348981518839456,0,0.3480393527293437,0
2026-09-15 18:37:00,2.023472278259184,0,0.36702827012171,0
2026-09-15 18:38:00,1.2646701739119899,0,0.35748687904085136,0
2026-09-15 18:39:00,1.6862268985493198,0,0.3390996974307593,0
2026-09-15 18:40:00,0.7552939627025789,0,0.37009484535660897,0
2026-09-15 18:41:00,0.9730483039963631,0,0.3441636567021784,0
2026-09-15 18:42:00,1.2646701739119899,0,0.34248895684610353,0
2026-09-15 18:43:00,0.7029903339440682,0,0.3385461431607292,0
2026-09-15 18:44:00,0.7029903339440682,0,0.35358336832761283,0
2026-09-15 18:45:00,0.6798656519064347,0,0.3301108339030454,0
2026-09-15 18:46:00,1.1691173163209572,0,0.3810833992680092,0
2026-09-15 18:47:00,1.1314038545074343,0,0.3477497868225669,0
2026-09-15 18:48:00,1.096047484057058,0,0.3453073212751868,0
2026-09-15 18:49:00,1.096047484057058,0,0.34044709551432717,0
2026-09-15 18:50:00,0.758802104347194,0,0.33343394738584514,0
2026-09-15 18:51:00,2.5293403478239798,0,0.3624270136145548,0
2026-09-15 18:52:00,1.391137191303189,0,0.33511521259581994,0
2026-09-15 18:53:00,0.6978201218035861,0,0.33458314428510605,0
2026-09-15 18:54:00,1.2613609279428035,0,0.4204120161474046,0
2026-09-15 18:55:00,1.348981518839456,0,0.34419388721045446,0
2026-09-15 18:56:00,0.9186869596413939,0,0.3579541994061467,0
2026-09-15 18:57:00,0.505868069564796,0,0.3482610661293847,0
2026-09-15 18:58:00,0.7460748953195491,0,0.3366637300547838,0
2026-09-15 18:59:00,0.6961629182177657,0,0.3324664999137918,0
2026-09-15 19:00:00,0.590179414492262,0,0.36935765352932615,0
2026-09-15 19:01:00,1.8279456028921137,0,0.38040646075163437,0
2026-09-15 19:02:00,0.909594258192575,0,0.37760430077920126,0
2026-09-15 19:03:00,0.7038963667473863,0,0.3983046577179828,0
2026-09-15 19:04:00,1.4591164335215425,0,0.39655413299461917,0
2026-09-15 19:05:00,1.348981518839456,0,0.3693117943328411,0
2026-09-15 19:06:00,0.505868069564796,0,0.3404916828076922,0
2026-09-15 19:07:00,0.6941899624966025,0,0.3319072126304227,0
2026-09-15 19:08:00,0.6941899624966025,0,0.3385989092990626,0
2026-09-15 19:09:00,1.2396433276502117,0,0.34341264604253113,0
2026-09-15 19:10:00,0.337245379709864,0,0.34597059756142834,0
2026-09-15 19:11:00,0.8117231752238931,0,0.3484349317163569,0
2026-09-15 19:12:00,1.517604208694388,0,0.34010021937663065,0
2026-09-15 19:13:00,0.7171117561031525,0,0.3393404750545687,0
2026-09-15 19:14:00,0.6744907271760141,0,0.34892440439277556,0
2026-09-15 19:15:00,0.6744907271760141,0,0.34785837414362647,0
2026-09-15 19:16:00,0.9646841281692232,0,0.3769924036494322,0
2026-09-15 19:17:00,0.6092174601193877,0,0.3403184846212453,0
2026-09-15 19:18:00,1.1150785683883608,0,0.3992235589999499,0
2026-09-15 19:19:00,1.517604208694388,0,0.34409779460514006,0
2026-09-15 19:20:00,1.6862268985493198,0,0.35039343127133926,0
2026-09-15 19:21:00,0.6305389806522451,0,0.3962452018719584,0
2026-09-15 19:22:00,0.8965894752113523,0,0.35247829919894236,0
2026-09-15 19:23:00,2.234250640577849,0,0.37756086804547967,0
2026-09-15 19:24:00,0.6323350869559949,0,0.3399575145051728,0
2026-09-15 19:25:00,1.2554595731268388,0,0.3457170213140254,0
2026-09-15 19:26:00,1.605930302800036,0,0.3660318056000568,0
2026-09-15 19:27:00,0.6744907271760141,0,0.3370078575123353,0
2026-09-15 19:28:00,2.2628077090148686,0,0.36896866106698684,0
2026-09-15 19:29:00,0.6817199829764219,0,0.34126948175944366,0
2026-09-15 19:30:00,1.56655918316414,0,0.3615966833920148,0
2026-09-15 19:31:00,0.9368227930354068,0,0.3447774080327527,0
2026-09-15 19:32:00,0.711637797441755,0,0.40642227839138706,0
2026-09-15 19:33:00,1.1293703580834995,0,0.35507770252801524,0
2026-09-15 19:34:00,1.0356945263157762,0,0.3682396045131491,0
2026-09-15 19:35:00,0.40832534798824527,0,0.33864478938534703,0
2026-09-15 19:36:00,0.8993210125545825,0,0.3318441222527021,0
2026-09-15 19:37:00,1.0912954820795053,0,0.35447406332955933,0
2026-09-15 19:38:00,1.3040154682041447,0,0.3469890392630508,0
2026-09-15 19:39:00,0.6222675604188462,0,0.33547306866476534,0
2026-09-15 19:40:00,0.9340405893337884,0,0.35693448107274917,0
2026-09-15 19:41:00,1.348981518839456,0,0.3568062483497058,0
2026-09-15 19:42:00,0.7274605557181177,0,0.34249233868370677,0
2026-09-15 19:43:00,0.716646431883461,0,0.3426233611599845,0
2026-09-15 19:44:00,1.1387234583842993,0,0.3863661624750556,0
2026-09-15 19:45:00,1.2646701739119899,0,0.34009419095465887,0
2026-09-15 19:46:00,1.011736139129592,0,0.3475096157983481,0
2026-09-15 19:47:00,1.2646701739119899,0,0.42626361728899104,0
2026-09-15 19:48:00,0.758802104347194,0,0.35016460550347567,0
2026-09-15 19:49:00,0.8423013878367333,0,0.34512089724695294,0
2026-09-15 19:50:00,0.7518706827473008,0,0.3561063702529953,0
2026-09-15 19:51:00,1.7911822338000887,0,0.35055199572550527,0
2026-09-15 19:52:00,0.6160247485819594,0,0.3403493272083665,0
2026-09-15 19:53:00,1.5288777029887755,0,0.3591508594194011,0
2026-09-15 19:54:00,0.7151793770688692,0,0.34076500839460033,0
2026-09-15 19:55:00,0.870310657313411,0,0.3362949948253835,0
2026-09-15 19:56:00,2.1744026693362977,0,0.36526711189395783,0
2026-09-15 19:57:00,1.7896739504738102,0,0.3626978165541222,0
2026-09-15 19:58:00,0.6291290389623618,0,0.3432278482500181,0
2026-09-15 19:59:00,1.391137191303189,0,0.33767652026308986,0
2026-09-15 20:00:00,0.6291290389623618,0,0.343280091912264,0
2026-09-15 20:01:00,1.6862268985493198,0,0.38760279649399315,0
2026-09-15 20:02:00,1.4363059053569622,0,0.3606798424960492,0
2026-09-15 20:03:00,1.4960070372870944,0,0.354598870241013,0
2026-09-15 20:04:00,1.2702890545451508,0,0.3459974597044065,0
2026-09-15 20:05:00,3.541892448795329,1,0.40201095216700394,0
2026-09-15 20:06:00,1.011736139129592,0,0.3476685903973008,0
2026-09-15 20:07:00,1.4231946353568061,0,0.35348862424863564,0
2026-09-15 20:08:00,2.1666425929363617,0,0.3653135587907162,0
2026-09-15 20:09:00,0.674490759419728,0,0.37381495685635646,0
2026-09-15 20:10:00,1.0122786158231294,0,0.3366483372458236,0
2026-09-15 20:11:00,1.011736139129592,0,0.34974432529106786,0
2026-09-15 20:12:00,0.619224702869885,0,0.3365801327376626,0
2026-09-15 20:13:00,1.2184561067309818,0,0.36205494742741684,0
2026-09-15 20:14:00,0.4041118521310986,0,0.4099127198217652,0
2026-09-15 20:15:00,0.88300364385036,0,0.33951717300175743,0
2026-09-15 20:16:00,1.4115420424991538,0,0.40765458681941624,0
2026-09-15 20:17:00,1.180358828984524,0,0.39985224413921816,0
2026-09-15 20:18:00,1.8629738218799814,0,0.3635976535061961,0
2026-09-15 20:19:00,1.0906593134552653,0,0.3452308973531883,0
2026-09-15 20:20:00,0.7448979116844904,0,0.34592973335584487,0
2026-09-15 20:21:00,1.5178349289712092,0,0.35723144923490385,0
2026-09-15 20:22:00,1.6862268985493198,0,0.3661090394977842,0
2026-09-15 20:23:00,0.8603724444816748,0,0.3365102903852333,0
2026-09-15 20:24:00,1.0973179356447693,0,0.34305671663156345,0
2026-09-15 20:25:00,3.764899117708901,1,0.47096872789473765,0
2026-09-15 20:26:00,2.058563428745335,0,0.37792659843228105,0
2026-09-15 20:27:00,1.601915553621854,0,0.34738370098373966,0
2026-09-15 20:28:00,0.6933555141717688,0,0.3563472357045227,0
2026-09-15 20:29:00,0.8458582615343622,0,0.3799949215514989,0
2026-09-15 20:30:00,1.590629960377794,0,0.34384268942073243,0
2026-09-15 20:31:00,1.4980155025168242,0,0.33933209172136203,0
2026-09-15 20:32:00,1.8696409529608673,0,0.398720772544684,0
2026-09-15 20:33:00,0.82967540549568,0,0.35765216001475736,0
2026-09-15 20:34:00,1.1783161113394296,0,0.356581640993201,0
2026-09-15 20:35:00,2.6638839786157384,0,0.38462222513692906,0
2026-09-15 20:36:00,1.011736139129592,0,0.34049327511700894,0
2026-09-15 20:37:00,1.096047484057058,0,0.3535619524641775,0
2026-09-15 20:38:00,2.089598712132735,0,0.38578679211109557,0
2026-09-15 20:39:00,1.2996284673020657,0,0.40399218021699207,0
2026-09-15 20:40:00,2.9508970724613097,0,0.4316313935895713,0
2026-09-15 20:41:00,1.9735098947920255,0,0.37636176308298364,0
2026-09-15 20:42:00,0.07786275302435701,0,0.355383332721657,0
2026-09-15 20:43:00,1.0053729652714056,0,0.3375001463515383,0
2026-09-15 20:44:00,1.601915553621854,0,0.37217561013341266,0
2026-09-15 20:45:00,1.3739894389732723,0,0.34971034038655585,0
2026-09-15 20:46:00,0.8431134492746599,0,0.3384563106256917,0
2026-09-15 20:47:00,1.1718790660427452,0,0.34883799099873974,0
2026-09-15 20:48:00,1.306825846375723,0,0.3391619642421151,0
2026-09-15 20:49:00,0.21077836231866498,0,0.34576938961105125,0
2026-09-15 20:50:00,2.3167290069297706,0,0.3912100049612821,0
2026-09-15 20:51:00,1.433292863766922,0,0.34725649650535617,0
2026-09-15 20:52:00,0.758802104347194,0,0.3425201920891273,0
2026-09-15 20:53:00,0.8010886672998145,0,0.3342975643899243,0
2026-09-15 20:54:00,1.2002194774934607,0,0.3556538448492866,0
2026-09-15 20:55:00,0.758802104347194,0,0.33183136260932256,0
2026-09-15 20:56:00,0.927424794202126,0,0.36794176169179255,0
2026-09-15 20:57:00,1.303718760780154,0,0.3486698286521401,0
2026-09-15 20:58:00,0.9187028820583562,0,0.34412616995842277,0
2026-09-15 20:59:00,1.440128842145532,0,0.379883031937767,0
2026-09-15 21:00:00,1.3297468734035522,0,0.34701821236477554,0
2026-09-15 21:01:00,0.6856851378948727,0,0.3381933386714793,0
2026-09-15 21:02:00,0.505868069564796,0,0.35934524699123227,0
2026-09-15 21:03:00,1.517604208694388,0,0.4277722913470114,0
2026-09-15 21:04:00,1.1100993158205137,0,0.34060534920110347,0
2026-09-15 21:05:00,2.6268455778367357,0,0.4004367701933073,0
2026-09-15 21:06:00,1.0247070607573974,0,0.3397653068167757,0
2026-09-15 21:07:00,1.5114579143986084,0,0.35779733054761803,0
2026-09-15 21:08:00,1.5409634360169087,0,0.35290279305040884,0
2026-09-15 21:09:00,1.011736139129592,0,0.34414933999098873,0
2026-09-15 21:10:00,1.4882521554349575,0,0.3630391052572208,0
2026-09-15 21:11:00,1.096047484057058,0,0.34012425305940447,0
2026-09-15 21:12:00,1.3414031372685242,0,0.3620536071117256,0
2026-09-15 21:13:00,0.6330931716942495,0,0.35680954891323907,0
2026-09-15 21:14:00,1.1817693495741763,0,0.3518168045189457,0
2026-09-15 21:15:00,1.3883551915574006,0,0.3530205055109981,0
2026-09-15 21:16:00,1.096047484057058,0,0.3357477781901712,0
2026-09-15 21:17:00,1.2622709526885072,0,0.35286111308014884,0
2026-09-15 21:18:00,2.7138825482802993,0,0.3822695268159296,0
2026-09-15 21:19:00,2.5892522068149795,0,0.38355394565537215,0
2026-09-15 21:20:00,1.1799489340349123,0,0.3448949643447441,0
2026-09-15 21:21:00,1.897005260867985,0,0.39450270333266063,0
2026-09-15 21:22:00,1.292325022990618,0,0.35647555563201566,0
2026-09-15 21:23:00,2.613651692751446,0,0.36441473123084267,0
2026-09-15 21:24:00,1.780964065332156,0,0.36076930754640535,0
2026-09-15 21:25:00,1.6866324273450366,0,0.36999345254709054,0
2026-09-15 21:26:00,1.5747065099764308,0,0.3628491735485022,0
2026-09-15 21:27:00,1.6797725338160925,0,0.36645062421160607,0
2026-09-15 21:28:00,1.274038101138088,0,0.3590732176498428,0
2026-09-15 21:29:00,3.149783958912401,0,0.47088770437413136,0
2026-09-15 21:30:00,1.1616229745670803,0,0.3372203673260581,0
2026-09-15 21:31:00,1.3917346401437407,0,0.3979189545265553,0
2026-09-15 21:32:00,1.25412642815512,0,0.3768376865209311,0
2026-09-15 21:33:00,1.5418225270245187,0,0.3570596949703085,0
2026-09-15 21:34:00,4.908793860267339,1,0.45015263751512796,0
2026-09-15 21:35:00,5.20856753112336,1,0.4689363995154163,0
2026-09-15 21:36:00,5.733171455121396,1,0.42470068019596513,0
2026-09-15 21:37:00,4.046944556556279,1,0.4036808449469984,0
2026-09-15 21:38:00,3.822114303414264,1,0.4064192680902776,0
2026-09-15 21:39:00,4.871322151410336,1,0.378939414490119,0
2026-09-15 21:40:00,5.995473417120414,1,0.4242250910813073,0
2026-09-15 21:41:00,4.721435315982326,1,0.3707439098816288,0
2026-09-15 21:42:00,2.623019619990181,0,0.33890565867198563,0
2026-09-15 21:43:00,4.908793860267339,1,0.3649278787095824,0
2026-09-15 21:44:00,4.384189936269303,1,0.36035573498913487,0
2026-09-15 21:45:00,4.609020189411318,1,0.36203792831600845,0
2026-09-15 21:46:00,4.8338504425533335,1,0.37703086583907036,0
2026-09-15 21:47:00,2.5855479111331787,0,0.3540148893879203,0
2026-09-15 21:48:00,3.7846425945572615,1,0.3478914790550385,0
2026-09-15 21:49:00,4.309246518555297,1,0.36565635956497883,0
2026-09-15 21:50:00,3.7846425945572615,1,0.3703209403362305,0
2026-09-15 21:51:00,4.758907024839329,1,0.39574587182669774,0
2026-09-15 21:52:00,4.19683139198429,1,0.36214028100448986,0
2026-09-15 21:53:00,2.997736708560207,0,0.3391347330872142,0
2026-09-15 21:54:00,1.348981518852093,0,0.3742114564982769,0
2026-09-15 21:55:00,0.9742644302820672,0,0.37499625845853657,0
2026-09-15 21:56:00,1.3482167138580412,0,0.3641451134089861,0
2026-09-15 21:57:00,1.381100048342383,0,0.3593826637886607,0
2026-09-15 21:58:00,1.665444175942284,0,0.4617954051998597,0
2026-09-15 21:59:00,1.274038101138088,0,0.36868817472131993,0
2026-09-15 22:00:00,2.042628147944135,0,0.3891754639869252,0
2026-09-15 22:01:00,1.2760635989167268,0,0.4191176470600184,0
2026-09-15 22:02:00,1.4057521898863834,0,0.37207608075922327,0
2026-09-15 22:03:00,1.521927867431648,0,0.3678098178949131,0
2026-09-15 22:04:00,1.8526937909248413,0,0.4396924362191465,0
2026-09-15 22:05:00,0.36519215256822063,0,0.3388596821995343,0
2026-09-15 22:06:00,0.6744907594311015,0,0.34529519758146215,0
2026-09-15 22:07:00,0.910562525231987,0,0.34570510451978154,0
2026-09-15 22:08:00,1.8595312334371579,0,0.3702616738475012,0
2026-09-15 22:09:00,0.2908602192908649,0,0.3559793216264834,0
2026-09-15 22:10:00,2.130799164442667,0,0.388849319997833,0
2026-09-15 22:11:00,0.8093889113173217,0,0.33715462292846593,0
2026-09-15 22:12:00,1.7276749981967574,0,0.358553578720899,0
2026-09-15 22:13:00,1.220507088498294,0,0.3497811240713597,0
2026-09-15 22:14:00,0.5825147467849776,0,0.3352487458023914,0
2026-09-15 22:15:00,1.329561956300609,0,0.363343933805117,0
2026-09-15 22:16:00,0.9630160444120784,0,0.34007430370878794,0
2026-09-15 22:17:00,0.8584427847357565,0,0.34939117239099904,0
2026-09-15 22:18:00,1.4409575315207341,0,0.3691443821293018,0
2026-09-15 22:19:00,1.1650294935699552,0,0.3423664783683399,0
2026-09-15 22:20:00,0.648389247426442,0,0.33876400442156734,0
2026-09-15 22:21:00,2.246630073887019,0,0.38858071106340464,0
2026-09-15 22:22:00,2.388172083135323,0,0.36011074671324395,0
2026-09-15 22:23:00,1.5243651594480765,0,0.39876315318753675,0
2026-09-15 22:24:00,1.4102988606373144,0,0.3913786943700286,0
2026-09-15 22:25:00,1.2541420423053493,0,0.35329095225384327,0
2026-09-15 22:26:00,1.1757778553195766,0,0.34564329254712073,0
2026-09-15 22:27:00,2.8476305216022886,0,0.45374564655767297,0
2026-09-15 22:28:00,0.6000427110008035,0,0.34346759925366255,0
2026-09-15 22:29:00,1.9620687097652068,0,0.39319251909227887,0
2026-09-15 22:30:00,1.1241512657311394,0,0.3451603822268881,0
2026-09-15 22:31:00,0.6182831961521267,0,0.33695234174357347,0
2026-09-15 22:32:00,6.744907071587572,1,0.429024289505027,0
2026-09-15 22:33:00,0.9555285758714686,0,0.3587266440982481,0
2026-09-15 22:34:00,0.28103781643278486,0,0.3384043909063737,0
2026-09-15 22:35:00,0.8431134492983546,0,0.35881005999530685,0
2026-09-15 22:36:00,0.6507600413760537,0,0.3724563435413451,0
2026-09-15 22:37:00,1.3792958665365602,0,0.3490477066307352,0
2026-09-15 22:38:00,1.4385485322194875,0,0.43041665243395205,0
2026-09-15 22:39:00,1.9014202540094414,0,0.4269124670646205,0
2026-09-15 22:40:00,2.964730062016916,0,0.4459576159886932,0
2026-09-15 22:41:00,1.2170215577152628,0,0.3686791067838909,0
2026-09-15 22:42:00,0.8150096676550761,0,0.3385393391219062,0
2026-09-15 22:43:00,3.5860845862947768,1,0.4651456810167546,0
2026-09-15 22:44:00,1.4623023492931682,0,0.384363022379589,0
2026-09-15 22:45:00,1.4778603605024778,0,0.37690643412028907,0
2026-09-15 22:46:00,1.0679437024445826,0,0.37264507150788057,0
2026-09-15 22:47:00,5.044017268308581,1,0.38382709818566685,0
2026-09-15 22:48:00,0.5058680695790128,0,0.3349258704000036,0
2026-09-15 22:49:00,0.8431134492983546,0,0.39042613028973694,0
2026-09-15 22:50:00,0.7395506950716415,0,0.36422803387742575,0
2026-09-15 22:51:00,0.7157861120581998,0,0.3536140075283622,0
2026-09-15 22:52:00,6.719248525797868,1,0.3810587120143152,0
2026-09-15 22:53:00,4.768498953792036,1,0.4487256827181913,0
2026-09-15 22:54:00,1.216728428795374,0,0.3564084248474783,0
2026-09-15 22:55:00,1.3202718274067047,0,0.368794120941049,0
2026-09-15 22:56:00,0.89770004273827,0,0.3629826193599353,0
2026-09-15 22:57:00,0.4669551411518769,0,0.3431059866229324,0
2026-09-15 22:58:00,40000000.0,1,0.48060842674959026,0
2026-09-15 22:59:00,3.1911762936582955,0,0.5357523664940123,0
2026-09-15 23:00:00,2.5110327293409442,0,0.5108855662261684,0
2026-09-15 23:01:00,200000000.0,1,0.5554957103577501,0
2026-09-15 23:02:00,1.7640527554626462,0,0.41031138636739656,0
2026-09-15 23:03:00,166666666.6666666,1,0.557551302540813,0
2026-09-15 23:04:00,4.035115515089564,1,0.5634658805256553,0
2026-09-15 23:05:00,2.2271466356960983,0,0.5380761195571996,0
2026-09-15 23:06:00,3.828201438335847,1,0.6162667767891391,1
2026-09-15 23:07:00,1.9197044691799385,0,0.44293082431578135,0
2026-09-15 23:08:00,3.6935724541858836,1,0.5374053338936768,0
2026-09-15 23:09:00,1.832578667163877,0,0.4498681565169158,0
2026-09-15 23:10:00,1.8035304906834497,0,0.4058313611097943,0
2026-09-15 23:11:00,2.3667014943059645,0,0.42883010270698996,0
2026-09-15 23:12:00,3.613054874351958,1,0.5862679742283513,0
2026-09-15 23:13:00,1.9504349518647888,0,0.5641922635113436,0
2026-09-15 23:14:00,1.9926241424763156,0,0.47315282807713305,0
2026-09-15 23:15:00,1.6843270131540262,0,0.4355472294081826,0
2026-09-15 23:16:00,1.6637438733007897,0,0.469711297822991,0
2026-09-15 23:17:00,3.3614077687599564,0,0.5747976089244548,0
2026-09-15 23:18:00,249999999.99999997,1,0.5680587385380992,0
2026-09-15 23:19:00,0.8251376379247211,0,0.5412458468876391,0
2026-09-15 23:20:00,1.0297389877107939,0,0.4887901718936011,0
2026-09-15 23:21:00,68965517.24137929,1,0.6200525771742557,1
2026-09-15 23:22:00,52631578.94736839,1,0.4507106954848232,0
2026-09-15 23:23:00,0.1587889090662082,0,0.45090161565800957,0
2026-09-15 23:24:00,0.7644228607057683,0,0.48460335772428953,0
2026-09-15 23:25:00,0.35383121807043316,0,0.40471792174357274,0
2026-09-15 23:26:00,26315789.473684195,1,0.48363548336233786,0
2026-09-15 23:27:00,31249999.999999996,1,0.394190009755637,0
2026-09-15 23:28:00,95238095.2380952,1,0.5254287267380172,0
2026-09-15 23:29:00,1.384305339492803,0,0.3667751300262509,0
2026-09-15 23:30:00,40000000.0,1,0.4975312584863505,0
2026-09-15 23:31:00,0.2851223194637759,0,0.371423214992701,0
2026-09-15 23:32:00,0.9550160116566885,0,0.3527474677234793,0
2026-09-15 23:33:00,0.35972840503800857,0,0.34199059260965387,0
2026-09-15 23:34:00,0.5845586581867639,0,0.354212940532806,0
2026-09-15 23:35:00,31249999.999999996,1,0.36068122944954095,0
2026-09-15 23:36:00,0.5395926075570129,0,0.3874256464200666,0
2026-09-15 23:37:00,0.7645502837174227,0,0.3784685180404228,0
2026-09-15 23:38:00,0.712766785883838,0,0.3620407472635189,0
2026-09-15 23:39:00,41666666.6666666,1,0.3793548132818938,0
2026-09-15 23:40:00,23809523.8095238,1,0.3773192282481022,0
2026-09-15 23:41:00,1.66456780840884,0,0.3710826935321171,0
2026-09-15 23:42:00,2.490980148809548,0,0.41403868522775766,0
2026-09-15 23:43:00,0.08993210125950214,0,0.3380726242875807,0
2026-09-15 23:44:00,1.8837376875615803,0,0.3772406069751477,0
2026-09-15 23:45:00,0.7602481738182326,0,0.34587473464532675,0
2026-09-15 23:46:00,2.761152286851701,0,0.4033742900958229,0
2026-09-15 23:47:00,0.7644228607057683,0,0.3545968852036492,0
2026-09-15 23:48:00,0.629524708816515,0,0.35947009123277424,0
2026-09-15 23:49:00,80000000.0,1,0.5090095425891566,0
2026-09-15 23:50:00,0.6797040742609595,0,0.34566676448911793,0
2026-09-15 23:51:00,47619047.6190476,1,0.3943840856429875,0
2026-09-15 23:52:00,1.1131220003755833,0,0.3703969244352519,0
2026-09-15 23:53:00,0.5573170363707377,0,0.35717419312211046,0
2026-09-15 23:54:00,74074074.074074,1,0.5214652562764354,0
2026-09-15 23:55:00,0.5487382449728151,0,0.35300341228911064,0
2026-09-15 23:56:00,0.7087868997565528,0,0.3863248521923996,0
2026-09-15 23:57:00,0.41810138545229925,0,0.3409971432671201,0
2026-09-15 23:58:00,0.5871140026040591,0,0.35520561891045277,0
2026-09-15 23:59:00,0.7194568100760171,0,0.36760147762606793,0
2026-09-16 00:00:00,2.222537036638197,0,0.38813113302198543,0
2026-09-16 00:01:00,0.6140051998981374,0,0.344893912086924,0
2026-09-16 00:02:00,1.0960676093346648,0,0.36892060539739396,0
2026-09-16 00:03:00,0.3326058937798134,0,0.3508330515670915,0
2026-09-16 00:04:00,0.4083550827411594,0,0.34517990856271774,0
2026-09-16 00:05:00,1.1270113351929236,0,0.36666894679941187,0
2026-09-16 00:06:00,2.5968186791163923,0,0.42179641259609785,0
2026-09-16 00:07:00,0.4572818708106793,0,0.35135325465052947,0
2026-09-16 00:08:00,0.8489104893449686,0,0.3953650322450685,0
2026-09-16 00:09:00,41666666.6666666,1,0.510250499639598,0
2026-09-16 00:10:00,0.45028454209404334,0,0.35912281170280147,0
2026-09-16 00:11:00,0.437767329781557,0,0.35794823443504115,0
2026-09-16 00:12:00,0.3076034108699223,0,0.3528057299182652,0
2026-09-16 00:13:00,1.3016488340160293,0,0.5060719183269324,0
2026-09-16 00:14:00,1.023365290192748,0,0.4057634257994403,0
2026-09-16 00:15:00,1.0974764899456302,0,0.43956920098866203,0
2026-09-16 00:16:00,1.2293694500041081,0,0.44006829813782705,0
2026-09-16 00:17:00,1.214083367003279,0,0.513349470632197,0
2026-09-16 00:18:00,2.1273143959863017,0,0.4588651422365172,0
2026-09-16 00:19:00,1.8643586898168976,0,0.4449405504590308,0
2026-09-16 00:20:00,1.1057225564701036,0,0.45977416228611556,0
2026-09-16 00:21:00,1.6532454947950272,0,0.4821028276619901,0
2026-09-16 00:22:00,1.8070093650469252,0,0.4589443882452309,0
2026-09-16 00:23:00,2.7159324284281783,0,0.5072690528006734,0
2026-09-16 00:24:00,1.1604773371695212,0,0.5198277783968175,0
2026-09-16 00:25:00,4.10354520633845,1,0.5971239615905738,0
2026-09-16 00:26:00,1.9426831559529036,0,0.451188716622548,0
2026-09-16 00:27:00,1.1382031565687727,0,0.5115157758586452,0
2026-09-16 00:28:00,0.9063469580084671,0,0.4527678584998008,0
2026-09-16 00:29:00,1.0538918116377525,0,0.43911895932909545,0
2026-09-16 00:30:00,2.243179644174426,0,0.5127495011910955,0
2026-09-16 00:31:00,2.6507785250136817,0,0.45011250138603953,0
2026-09-16 00:32:00,1.567375338222176,0,0.4843140443218489,0
2026-09-16 00:33:00,2.3247328270829626,0,0.5913602248711626,0
2026-09-16 00:34:00,0.4355357955537338,0,0.4920068084203329,0
2026-09-16 00:35:00,1.0979266626496476,0,0.49531340495606496,0
2026-09-16 00:36:00,4.940398497893934,1,0.54932348618331,0
2026-09-16 00:37:00,0.2125768475474488,0,0.4211504659679734,0
2026-09-16 00:38:00,2.1254954396373713,0,0.4409082456671619,0
2026-09-16 00:39:00,0.6167279122029116,0,0.3832747502000247,0
2026-09-16 00:40:00,0.4637123971206111,0,0.3797554175070373,0
2026-09-16 00:41:00,1.1896909357014551,0,0.39763125047097897,0
2026-09-16 00:42:00,0.4326946526269308,0,0.3812473662693913,0
2026-09-16 00:43:00,37037037.037037,1,0.38433696800897077,0
2026-09-16 00:44:00,0.6083370068338032,0,0.34243125057412505,0
2026-09-16 00:45:00,45454545.4545454,1,0.4165957123005606,0
2026-09-16 00:46:00,0.13936167765853788,0,0.3448208966503829,0
2026-09-16 00:47:00,1.261272947053716,0,0.37967039836424954,0
2026-09-16 00:48:00,5.417059533499478,1,0.4720350913299096,0
2026-09-16 00:49:00,0.8334544997668686,0,0.35618508216125466,0
2026-09-16 00:50:00,1.0218576007422253,0,0.35110494519427604,0
2026-09-16 00:51:00,1.9372975138495945,0,0.36854276306981165,0
2026-09-16 00:52:00,1.1178118492738736,0,0.4075418514683819,0
2026-09-16 00:53:00,2.4910287538203244,0,0.4046495150216486,0
2026-09-16 00:54:00,40000000.0,1,0.39019805547617364,0
2026-09-16 00:55:00,0.25941952286215386,0,0.3536956382946586,0
2026-09-16 00:56:00,0.4669551411518769,0,0.34294781240585276,0
2026-09-16 00:57:00,45454545.4545454,1,0.488949447619667,0
2026-09-16 00:58:00,0.25941952286215386,0,0.3594532583856584,0
2026-09-16 00:59:00,3.492051036883113,0,0.43825112776905445,0
2026-09-16 01:00:00,83333333.3333333,1,0.4344076621593986,0
2026-09-16 01:01:00,0.3372453797193418,0,0.36987894090124696,0
2026-09-16 01:02:00,1.061754349736907,0,0.4167820643694867,0
2026-09-16 01:03:00,40000000.0,1,0.38749750395315863,0
2026-09-16 01:04:00,0.4808573029847828,0,0.3412488582683156,0
2026-09-16 01:05:00,0.5740346888832997,0,0.38547088928533574,0
2026-09-16 01:06:00,1.1856543764852943,0,0.36031457540899187,0
2026-09-16 01:07:00,0.41263192322361286,0,0.3629582879245459,0
2026-09-16 01:08:00,0.4391416576279826,0,0.36851586984513773,0
2026-09-16 01:09:00,0.420540394900268,0,0.4084974374649025,0
2026-09-16 01:10:00,31249999.999999996,1,0.38796081850323455,0
2026-09-16 01:11:00,0.525567505991736,0,0.36334978578751037,0
2026-09-16 01:12:00,1.1738621268961373,0,0.3747991575908153,0
2026-09-16 01:13:00,80000000.0,1,0.5292820829459975,0
2026-09-16 01:14:00,0.6131734176683975,0,0.3746928635825655,0
2026-09-16 01:15:00,1.0536789249880907,0,0.39934286302201405,0
2026-09-16 01:16:00,50000000.0,1,0.4995942857670974,0
2026-09-16 01:17:00,38461538.4615384,1,0.3882327670286745,0
2026-09-16 01:18:00,0.245269367067359,0,0.3834232743000766,0
2026-09-16 01:19:00,0.910943804695319,0,0.4059179305546139,0
2026-09-16 01:20:00,1.3845088786872028,0,0.3616434373116073,0
2026-09-16 01:21:00,0.08750836223388653,0,0.3416585610600732,0
2026-09-16 01:22:00,27027027.027027,1,0.35939305897059937,0
2026-09-16 01:23:00,34482758.6206896,1,0.36487672139062327,0
2026-09-16 01:24:00,0.4835852367443469,0,0.33928940357038145,0
2026-09-16 01:25:00,391304347.82608694,1,0.7139924013253522,1
2026-09-16 01:26:00,359999999.99999994,1,0.683620701437496,1
2026-09-16 01:27:00,392857142.85714275,1,0.6954057689444956,1
2026-09-16 01:28:00,555555555.5555556,1,0.7507103041541124,1
2026-09-16 01:29:00,499999999.99999994,1,0.7146869225316025,1
2026-09-16 01:30:00,400000000.0,1,0.6936266667506781,1
2026-09-16 01:31:00,375000000.0,1,0.6676198438990512,1
2026-09-16 01:32:00,300000000.0,1,0.6533167095910639,1
2026-09-16 01:33:00,285714285.7142857,1,0.6434954679534436,1
2026-09-16 01:34:00,413793103.4482758,1,0.6875150753874383,1
2026-09-16 01:35:00,400000000.0,1,0.736217889545065,1
2026-09-16 01:36:00,586206896.5517241,1,0.7318668372376255,1
2026-09-16 01:37:00,315789473.6842105,1,0.6627668334047773,1
2026-09-16 01:38:00,157894736.84210518,1,0.6135351770263247,1
2026-09-16 01:39:00,239999999.99999997,1,0.6070394786507233,0
2026-09-16 01:40:00,482758620.6896552,1,0.7534792749799033,1
2026-09-16 01:41:00,320000000.0,1,0.6890560799906824,1
2026-09-16 01:42:00,47619047.6190476,1,0.41516077812686075,0
2026-09-16 01:43:00,0.3270258227497945,0,0.36911309418514543,0
2026-09-16 01:44:00,29411764.7058823,1,0.41485709464332393,0
2026-09-16 01:45:00,41666666.6666666,1,0.41686050539498726,0
2026-09-16 01:46:00,0.42155672463732996,0,0.37060464762926887,0
2026-09-16 01:47:00,0.7887844782307528,0,0.38717973330786626,0
2026-09-16 01:48:00,54054054.054054,1,0.4717894283568348,0
2026-09-16 01:49:00,66666666.66666659,1,0.49209419281380207,0
2026-09-16 01:50:00,29411764.7058823,1,0.37790656141868423,0
2026-09-16 01:51:00,0.634978290876536,0,0.3886250409744823,0
2026-09-16 01:52:00,0.4492311533993929,0,0.38327412451598836,0
2026-09-16 01:53:00,1.011736139129592,0,0.3472360937719708,0
2026-09-16 01:54:00,33333333.333333295,1,0.3955595995026547,0
2026-09-16 01:55:00,0.6962485258507288,0,0.354278276165025,0
2026-09-16 01:56:00,2.7933761292815893,0,0.4720805809369565,0
2026-09-16 01:57:00,0.8140797919528134,0,0.37077308861917657,0
2026-09-16 01:58:00,35714285.714285694,1,0.3711692050844383,0
2026-09-16 01:59:00,0.8547723143608391,0,0.3723145865053528,0
2026-09-16 02:00:00,52631578.94736839,1,0.3946597845258379,0
2026-09-16 02:01:00,0.5781349366385178,0,0.3610988568815863,0
2026-09-16 02:02:00,0.622606854836866,0,0.3925688938652635,0
2026-09-16 02:03:00,1.3489815188015444,0,0.351080532441614,0
2026-09-16 02:04:00,1.236566392234749,0,0.33819373554664744,0
2026-09-16 02:05:00,40000000.0,1,0.36554063287010413,0
2026-09-16 02:06:00,1.6862268985019304,0,0.40369575199016094,0
2026-09-16 02:07:00,0.8012556942793643,0,0.3616046768718819,0
2026-09-16 02:08:00,1.1241512656679538,0,0.3603206945576165,0
2026-09-16 02:09:00,35714285.714285694,1,0.37197947710728746,0
2026-09-16 02:10:00,28571428.5714285,1,0.36843698557677274,0
2026-09-16 02:11:00,0.49079314270452873,0,0.3454630297335817,0
2026-09-16 02:12:00,26315789.473684195,1,0.48573484309333953,0
2026-09-16 02:13:00,2.533493454786207,0,0.4183261084732617,0
2026-09-16 02:14:00,0.44966050626718146,0,0.3425298472806172,0
2026-09-16 02:15:00,1.1301099498544593,0,0.36065703366998797,0
2026-09-16 02:16:00,34482758.6206896,1,0.3687034135473679,0
2026-09-16 02:17:00,1.4613966453683398,0,0.35126772062778006,0
2026-09-16 02:18:00,0.22483025313359073,0,0.3384697567494921,0
2026-09-16 02:19:00,33333333.333333295,1,0.41533095538066833,0
2026-09-16 02:20:00,0.49053873410463944,0,0.36123806662629454,0
2026-09-16 02:21:00,27027027.027027,1,0.3593559975998682,0
2026-09-16 02:22:00,1.8885741262797016,0,0.3498998642454177,0
2026-09-16 02:23:00,38461538.4615384,1,0.3823956889035221,0
2026-09-16 02:24:00,2.5491680508841013,0,0.42088448766307335,0
2026-09-16 02:25:00,1.0910453665337012,0,0.35591652506752647,0
2026-09-16 02:26:00,33333333.333333295,1,0.36830257585784215,0
2026-09-16 02:27:00,0.462517902499974,0,0.3606290564942916,0
2026-09-16 02:28:00,37037037.037037,1,0.3792022794009537,0
2026-09-16 02:29:00,31249999.999999996,1,0.3754007757572857,0
2026-09-16 02:30:00,71428571.42857139,1,0.41539159884216137,0
2026-09-16 02:31:00,25000000.0,1,0.3509076349978932,0
2026-09-16 02:32:00,0.7198446518880441,0,0.3799368558315357,0
2026-09-16 02:33:00,1.0791852150169723,0,0.3820434237016482,0
2026-09-16 02:34:00,1.6187778225254583,0,0.3472172608718922,0
2026-09-16 02:35:00,0.9993645785112076,0,0.3906828632116235,0
2026-09-16 02:36:00,32258064.516128995,1,0.44412762569177766,0
2026-09-16 02:37:00,0.7419398353241684,0,0.35223406951846253,0
2026-09-16 02:38:00,28571428.5714285,1,0.37098269975934306,0
2026-09-16 02:39:00,2.4281667337881876,0,0.38062174452206227,0
2026-09-16 02:40:00,0.27597035942594,0,0.3459397238465834,0
2026-09-16 02:41:00,0.8093889112627292,0,0.36304293225936946,0
2026-09-16 02:42:00,31249999.999999996,1,0.39476177069836427,0
2026-09-16 02:43:00,52631578.94736839,1,0.4461784598570285,0
2026-09-16 02:44:00,32258064.516128995,1,0.4113830012321527,0
2026-09-16 02:45:00,1.2140833668940938,0,0.35211579012172234,0
2026-09-16 02:46:00,2.4281667337881876,0,0.3461219167043403,0
2026-09-16 02:47:00,24390243.902439,1,0.39319258417501485,0
2026-09-16 02:48:00,33333333.333333295,1,0.4675730188530262,0
2026-09-16 02:49:00,1.3552069078783864,0,0.3879774445206679,0
2026-09-16 02:50:00,33333333.333333295,1,0.3689424814472582,0
2026-09-16 02:51:00,2.5630648856653093,0,0.3820281738203032,0
2026-09-16 02:52:00,371428571.42857134,1,0.6706867606086392,1
2026-09-16 02:53:00,388888888.8888889,1,0.7018375268056474,1
2026-09-16 02:54:00,333333333.3333333,1,0.6828261859932665,1
2026-09-16 02:55:00,375000000.0,1,0.7193410789218149,1
2026-09-16 02:56:00,380952380.95238084,1,0.7281042055086356,1
2026-09-16 02:57:00,243902439.0243902,1,0.6521272705229741,1
2026-09-16 02:58:00,468750000.0,1,0.7128617867007866,1
2026-09-16 02:59:00,232558139.53488368,1,0.657345085251262,1
2026-09-16 03:00:00,285714285.7142857,1,0.6662970388632586,1
2026-09-16 03:01:00,414634146.3414634,1,0.7014671233679363,1
2026-09-16 03:02:00,350877192.9824561,1,0.6873349649455386,1
2026-09-16 03:03:00,358974358.974359,1,0.6919216030038056,1
2026-09-16 03:04:00,421052631.57894725,1,0.6941530671891936,1
2026-09-16 03:05:00,323529411.7647059,1,0.688446378528685,1
2026-09-16 03:06:00,400000000.0,1,0.6942240257016056,1
2026-09-16 03:07:00,463414634.14634144,1,0.7273508155884313,1
2026-09-16 03:08:00,393939393.9393939,1,0.7113925752797122,1
2026-09-16 03:09:00,513513513.51351345,1,0.7317099340224265,1
2026-09-16 03:10:00,359999999.99999994,1,0.6739829677976273,1
2026-09-16 03:11:00,351351351.3513513,1,0.6792363722980848,1
2026-09-16 03:12:00,1.031158390867803,0,0.4308584952947807,0
2026-09-16 03:13:00,2.4956158097267482,0,0.36544980683943057,0
2026-09-16 03:14:00,0.9442870631398508,0,0.40537251050139916,0
2026-09-16 03:15:00,2.8328611894195523,0,0.37360104002909683,0
2026-09-16 03:16:00,2.023472278156823,0,0.3781966929393339,0
2026-09-16 03:17:00,2.6979630375424306,0,0.37092933802779937,0
2026-09-16 03:18:00,1.181668196927963,0,0.43071672950328294,0
2026-09-16 03:19:00,1.6187778225254583,0,0.3621601612188465,0
2026-09-16 03:20:00,0.9442870631398508,0,0.3501425625826213,0
2026-09-16 03:21:00,0.26979630375424307,0,0.38183433400555733,0
2026-09-16 03:22:00,29411764.7058823,1,0.36174413173376463,0
2026-09-16 03:23:00,1.3489815187712153,0,0.3516721938268005,0
2026-09-16 03:24:00,57142857.1428571,1,0.3959516543952818,0
2026-09-16 03:25:00,3.9120464044365244,1,0.361317549240228,0
2026-09-16 03:26:00,40816326.5306122,1,0.3626342402262382,0
2026-09-16 03:27:00,3.0352084172352343,0,0.3426901622518494,0
2026-09-16 03:28:00,2.6979630375424306,0,0.35283727347662786,0
2026-09-16 03:29:00,1.4838796706483368,0,0.39252478961318377,0
2026-09-16 03:30:00,3.1026574931737954,0,0.3567052740066628,0
2026-09-16 03:31:00,2.1583704300339446,0,0.35119595010912874,0
2026-09-16 03:32:00,0.8093889112627292,0,0.3593033210056426,0
2026-09-16 03:33:00,3.5073519488051597,1,0.38057815068421613,0
2026-09-16 03:34:00,1.2140833668940938,0,0.34874594387465735,0
2026-09-16 03:35:00,24390243.902439,1,0.39196026440031234,0
2026-09-16 03:36:00,1.0117361390784114,0,0.33757454088182054,0
2026-09-16 03:37:00,1.2847443035998865,0,0.3401701298766471,0
2026-09-16 03:38:00,20833333.3333333,1,0.35550964541310287,0
2026-09-16 03:39:00,0.7869058859675676,0,0.3562155453895947,0
2026-09-16 03:40:00,2.5855479110362936,0,0.3421572243655704,0
2026-09-16 03:41:00,1.5738117719351352,0,0.3404925925021946,0
2026-09-16 03:42:00,1.4613966453683398,0,0.33546966153971375,0
2026-09-16 03:43:00,0.8993210125343629,0,0.33577999543078524,0
2026-09-16 03:44:00,1.9110571516355213,0,0.3491436911771431,0
2026-09-16 03:45:00,17241379.3103448,1,0.3594558500245097,0
2026-09-16 03:46:00,22222222.222222198,1,0.3456669115528044,0
2026-09-16 03:47:00,1.4613966453683398,0,0.4160715608638903,0
2026-09-16 03:48:00,1.9672647149189189,0,0.3311668027972581,0
2026-09-16 03:49:00,22727272.7272727,1,0.3456866262449668,0
2026-09-16 03:50:00,2.135887404769112,0,0.3367232785396128,0
2026-09-16 03:51:00,27027027.027027,1,0.47453143200247416,0
2026-09-16 03:52:00,2.6979630376030888,0,0.33699758136681285,0
2026-09-16 03:53:00,75000000.0,1,0.417639515643462,0
2026-09-16 03:54:00,1.8548495883521237,0,0.3364795269719042,0
2026-09-16 03:55:00,15873015.873015799,1,0.3779466419142469,0
2026-09-16 03:56:00,23255813.953488298,1,0.4723193154506519,0
2026-09-16 03:57:00,14705882.3529411,1,0.3954850961776156,0
2026-09-16 03:58:00,16393442.622950798,1,0.3547422896334968,0
2026-09-16 03:59:00,20000000.0,1,0.3385061478776999,0
2026-09-16 04:00:00,1.638048987142467,0,0.34660953513981896,0
2026-09-16 04:01:00,1.696258354260798,0,0.37226138095097133,0
2026-09-16 04:02:00,2.360717657940614,0,0.3574402142569486,0
2026-09-16 04:03:00,1.2526256960501219,0,0.3689593270403984,0
2026-09-16 04:04:00,2.408895569327157,0,0.391503599907763,0
2026-09-16 04:05:00,1.000570466836779,0,0.3452622910873568,0
2026-09-16 04:06:00,1.3489815188232082,0,0.34434394791813955,0
2026-09-16 04:07:00,1.1562698732770356,0,0.3383849490378591,0
2026-09-16 04:08:00,2.360717657940614,0,0.3475575283997189,0
2026-09-16 04:09:00,2.60160721487333,0,0.3374251239598461,0
2026-09-16 04:10:00,1.3489815188318737,0,0.334760280160311,0
2026-09-16 04:11:00,2.7878951389192057,0,0.3392706291548383,0
2026-09-16 04:12:00,2.445029002896514,0,0.33979325242045855,0
2026-09-16 04:13:00,1.601915553621854,0,0.3377356391929815,0
2026-09-16 04:14:00,1.433292863766922,0,0.36099351506833655,0
2026-09-16 04:15:00,1.6862268985493198,0,0.3594114239910845,0
2026-09-16 04:16:00,0.927424794202126,0,0.3444672780058157,0
2026-09-16 04:17:00,1.810368823964749,0,0.40562148343403726,0
2026-09-16 04:18:00,1.4716162023740755,0,0.33258917063181237,0
2026-09-16 04:19:00,2.142240506173248,0,0.36438375256241107,0
2026-09-16 04:20:00,1.0791852150793637,0,0.3396752112038202,0
2026-09-16 04:21:00,1.4239249365660984,0,0.37263667095259734,0
2026-09-16 04:22:00,1.1241512657100776,0,0.3467032280702225,0
2026-09-16 04:23:00,2.2819518435323745,0,0.43105685627771523,0
2026-09-16 04:24:00,1.4613966454231009,0,0.3360310648258209,0
2026-09-16 04:25:00,2.3333734380191578,0,0.3534776584457039,0
2026-09-16 04:26:00,1.2779824915491291,0,0.38144329806465116,0
2026-09-16 04:27:00,1.490979573473984,0,0.3448208627952219,0
2026-09-16 04:28:00,2.2984922965724937,0,0.46418539125454444,0
2026-09-16 04:29:00,2.7804342297247877,0,0.3721803001418898,0
2026-09-16 04:30:00,2.0940515228093552,0,0.4430023733857324,0
2026-09-16 04:31:00,1.2815324429190929,0,0.39409355363507736,0
2026-09-16 04:32:00,1.1129097530613175,0,0.336184491234177,0
2026-09-16 04:33:00,1.6311930932459795,0,0.3948975178568987,0
2026-09-16 04:34:00,1.2815324429190929,0,0.3421761323067554,0
2026-09-16 04:35:00,1.0117361391466522,0,0.3377287534571074,0
2026-09-16 04:36:00,1.7986418602801753,0,0.34974499207446974,0
2026-09-16 04:37:00,2.1332730996060802,0,0.3663409082525593,0
2026-09-16 04:38:00,3.0075650778455354,0,0.35714134543255704,0
2026-09-16 04:39:00,1.3183228479870546,0,0.34654247100441765,0
2026-09-16 04:40:00,1.8346146974857789,0,0.3545253947428774,0
2026-09-16 04:41:00,1.4409575315207341,0,0.41721746082663075,0
2026-09-16 04:42:00,2.233977970793642,0,0.3656992601050138,0
2026-09-16 04:43:00,1.1990946834420555,0,0.33091009945228167,0
2026-09-16 04:44:00,2.2287520746615086,0,0.3434731275153037,0
2026-09-16 04:45:00,15.051555894367878,1,0.42154248977824643,0
2026-09-16 04:46:00,34.58655397003686,1,0.4520495185112228,0
2026-09-16 04:47:00,2.079679841602608,0,0.3727858481538721,0
2026-09-16 04:48:00,3.461537165067501,0,0.37193083757287015,0
2026-09-16 04:49:00,1.4560434107029923,0,0.3382613794527276,0
2026-09-16 04:50:00,1.5547582182082798,0,0.3426436844320521,0
2026-09-16 04:51:00,4.765232980482538,1,0.4682285708152596,0
2026-09-16 04:52:00,0.7869058860117977,0,0.3325676577222152,0
2026-09-16 04:53:00,2.9120868214059943,0,0.34677048778095654,0
2026-09-16 04:54:00,1.4866326942747226,0,0.3302914078550728,0
2026-09-16 04:55:00,0.8199691585360128,0,0.3399263084593334,0
2026-09-16 04:56:00,1.8346146974857789,0,0.3484512916178892,0
2026-09-16 04:57:00,1.3230395665969847,0,0.33411560637773735,0
2026-09-16 04:58:00,0.9635263075015164,0,0.34141066874712434,0
2026-09-16 04:59:00,2.231007896614523,0,0.34505607390942045,0
2026-09-16 05:00:00,1.4008654234556308,0,0.3366474497095214,0
2026-09-16 05:01:00,3.8221139530953665,1,0.37564044683669306,0
2026-09-16 05:02:00,1.4435672972732703,0,0.34530752856759606,0
2026-09-16 05:03:00,1.5305751848867077,0,0.3681873211729353,0
2026-09-16 05:04:00,1.4008654234556308,0,0.3499281449906166,0
2026-09-16 05:05:00,1.5204711833873967,0,0.3634543284454713,0
2026-09-16 05:06:00,2.8405679075377255,0,0.357242821601072,0
2026-09-16 05:07:00,5.277389419325228,1,0.4233931670522496,0
2026-09-16 05:08:00,1.002749670121083,0,0.3478876514392053,0
2026-09-16 05:09:00,1.3256917064233593,0,0.3472720103856668,0
2026-09-16 05:10:00,0.8672024049995567,0,0.3419792798492994,0
2026-09-16 05:11:00,0.223371943116472,0,0.3385885217937183,0
2026-09-16 05:12:00,1.4202839537688627,0,0.3589334010887692,0
2026-09-16 05:13:00,0.6903250629408978,0,0.3847320512576135,0
2026-09-16 05:14:00,1.878938544165706,0,0.3565971604738805,0
2026-09-16 05:15:00,2.023472278332299,0,0.3762184128510313,0
2026-09-16 05:16:00,1.7411625491535803,0,0.3523657958744798,0
2026-09-16 05:17:00,1.4212483859714957,0,0.3398913538190223,0
2026-09-16 05:18:00,1.286375744191174,0,0.3513276527278897,0
2026-09-16 05:19:00,1.5898710758325205,0,0.37879892149396377,0
2026-09-16 05:20:00,0.8187113595781786,0,0.3360718210167146,0
2026-09-16 05:21:00,1.7833992961616492,0,0.3722710663660594,0
2026-09-16 05:22:00,1.0342191644842746,0,0.33860452214488995,0
2026-09-16 05:23:00,1.4599236560649294,0,0.4037366365828584,0
2026-09-16 05:24:00,1.978506227709047,0,0.3636246843174981,0
2026-09-16 05:25:00,1.5738117720412874,0,0.3469128658536081,0
2026-09-16 05:26:00,1.2098003843505112,0,0.39790827846875615,0
2026-09-16 05:27:00,1.25904941763303,0,0.3431241744587611,0
2026-09-16 05:28:00,0.7194568100760171,0,0.33346647944321395,0
2026-09-16 05:29:00,1.348981518892532,0,0.34851697738101856,0
2026-09-16 05:30:00,1.9401037111378805,0,0.444279113828344,0
2026-09-16 05:31:00,1.7087099239305408,0,0.3966321638023576,0
2026-09-16 05:32:00,2.001714511907951,0,0.48018225000203874,0
2026-09-16 05:33:00,2.7720566270748868,0,0.5034106879653831,0
2026-09-16 05:34:00,1.4332928638273434,0,0.3911120138748326,0
2026-09-16 05:35:00,1.686226898620404,0,0.44566154432533395,0
2026-09-16 05:36:00,1.686226898620404,0,0.3866628974059552,0
2026-09-16 05:37:00,6.289828938119253,1,0.4652338331438605,0
2026-09-16 05:38:00,1.635129113815814,0,0.4115556355346518,0
2026-09-16 05:39:00,2.5007119663742774,0,0.4763216715524183,0
2026-09-16 05:40:00,1.649204547115941,0,0.41419517208174467,0
2026-09-16 05:41:00,1.7060648621378156,0,0.42827441576840813,0
2026-09-16 05:42:00,1.7204401980179576,0,0.5327061340605919,0
2026-09-16 05:43:00,26.208781392653982,1,0.6159257316001764,1
2026-09-16 05:44:00,1.6573201517928997,0,0.38960788678899283,0
2026-09-16 05:45:00,1.4439802174161502,0,0.3882915338673933,0
2026-09-16 05:46:00,1.4988683543362686,0,0.38638537299431,0
2026-09-16 05:47:00,1.5699869411797933,0,0.39990294874754834,0
2026-09-16 05:48:00,1.7017578055513125,0,0.4476578028830145,0
2026-09-16 05:49:00,1.3489815189026417,0,0.490505281317709,0
2026-09-16 05:50:00,1.3864532277610484,0,0.4835936544668762,0
2026-09-16 05:51:00,0.7681700315973377,0,0.4329015138956931,0
2026-09-16 05:52:00,1.1990946834690148,0,0.4290909337120011,0
2026-09-16 05:53:00,2.0609439872123696,0,0.47589622007858035,0
2026-09-16 05:54:00,0.44350077333808247,0,0.36033377050860704,0
2026-09-16 05:55:00,0.8870015466761649,0,0.382787158223344,0
2026-09-16 05:56:00,10.743937723586745,1,0.47186307825053225,0
2026-09-16 05:57:00,2.228372268595756,0,0.40447971765355983,0
2026-09-16 05:58:00,1.3745457693661975,0,0.3695473673121342,0
2026-09-16 05:59:00,5.937897639244268,1,0.36977230178988785,0
2026-09-16 06:00:00,5.715226477772647,1,0.37797882232661595,0
2026-09-16 06:01:00,1.0030888217510097,0,0.3397107556336616,0
2026-09-16 06:02:00,0.41620190359331316,0,0.35608325929371876,0
2026-09-16 06:03:00,14084507.0422535,1,0.3525974567607729,0
2026-09-16 06:04:00,25316455.696202498,1,0.4005665508333474,0
2026-09-16 06:05:00,0.8768379872900028,0,0.333116938928998,0
2026-09-16 06:06:00,0.3541076487132704,0,0.3341461572318641,0
2026-09-16 06:07:00,0.36116179467634746,0,0.3384219302200761,0
2026-09-16 06:08:00,1.2478079049896194,0,0.36751955660664365,0
2026-09-16 06:09:00,33707865.16853929,1,0.39420570573129965,0
2026-09-16 06:10:00,9803921.5686274,1,0.3566337506257551,0
2026-09-16 06:11:00,1.1803588290442346,0,0.351290375051333,0
2026-09-16 06:12:00,0.965937383909617,0,0.3418160576241062,0
2026-09-16 06:13:00,12987012.987012899,1,0.35525159048402094,0
2026-09-16 06:14:00,1.284744303723679,0,0.358378957978918,0
2026-09-16 06:15:00,1.1883884809444032,0,0.3428712752413951,0
2026-09-16 06:16:00,1.4117248453718414,0,0.35183590943975335,0
2026-09-16 06:17:00,23809523.8095238,1,0.36020891553399276,0
2026-09-16 06:18:00,0.7093992682036158,0,0.3365743064249837,0
2026-09-16 06:19:00,13513513.5135135,1,0.3364019205666425,0
2026-09-16 06:20:00,24096385.5421686,1,0.372687026784491,0
2026-09-16 06:21:00,11627906.976744099,1,0.3519318699530791,0
2026-09-16 06:22:00,1.1091625822171514,0,0.34865679223842205,0
2026-09-16 06:23:00,2.481671382187653,0,0.38745199843349576,0
2026-09-16 06:24:00,2.7943006369636088,0,0.39529805553942915,0
2026-09-16 06:25:00,10526315.7894736,1,0.34902764902602934,0
2026-09-16 06:26:00,11363636.3636363,1,0.3512317926440816,0
2026-09-16 06:27:00,10752688.172043,1,0.3759735999175116,0
2026-09-16 06:28:00,1.011736139185223,0,0.35629087630034273,0
2026-09-16 06:29:00,0.05618027582199668,0,0.3472308468102765,0
2026-09-16 06:30:00,1.1531203816374223,0,0.35001476343200416,0
2026-09-16 06:31:00,20408163.2653061,1,0.3578837782229681,0
2026-09-16 06:32:00,294.7854932816865,1,0.6844202768564074,1
2026-09-16 06:33:00,174.81869226128092,1,0.6957889916179134,1
2026-09-16 06:34:00,66.49931980493693,1,0.7023875443368222,1
2026-09-16 06:35:00,53.284764320118484,1,0.7607800194072927,1
2026-09-16 06:36:00,36.63327547008146,1,0.6862842461314317,1
2026-09-16 06:37:00,37.76329437984477,1,0.7100598185091828,1
2026-09-16 06:38:00,31.50348470430125,1,0.6913515860164637,1
2026-09-16 06:39:00,0.9112457945924046,0,0.3986761148231557,0
2026-09-16 06:40:00,1.3688933760217337,0,0.3759626727767918,0
2026-09-16 06:41:00,0.9133729034322201,0,0.3595476292907617,0
2026-09-16 06:42:00,0.8431134493220493,0,0.3752600128411836,0
2026-09-16 06:43:00,1.8531461590765441,0,0.38692962370828454,0
2026-09-16 06:44:00,1.092032558027249,0,0.36850014923638746,0
2026-09-16 06:45:00,2.0966096460397514,0,0.37084302840589234,0
2026-09-16 06:46:00,1.2940737888401412,0,0.35861579086229933,0
2026-09-16 06:47:00,1.2084626106949374,0,0.3665739312511272,0
2026-09-16 06:48:00,1.2365663923390058,0,0.36846570163811226,0
2026-09-16 06:49:00,1.4965026650351398,0,0.3836766210658327,0
2026-09-16 06:50:00,1.046148933036939,0,0.36321933585226457,0
2026-09-16 06:51:00,1.812117157927762,0,0.38047596936404393,0
2026-09-16 06:52:00,1.1519565994511916,0,0.33845105337370784,0
2026-09-16 06:53:00,1.812117157927762,0,0.39293087759965756,0
2026-09-16 06:54:00,1.862756571240951,0,0.3754812549059806,0
2026-09-16 06:55:00,2.032036703265219,0,0.3762158390331122,0
2026-09-16 06:56:00,1.538878130726417,0,0.34352718538736327,0
2026-09-16 06:57:00,0.9137140905196067,0,0.3459675843651427,0
2026-09-16 06:58:00,0.6810035941046304,0,0.33669380856811243,0
2026-09-16 06:59:00,1.3352164013760932,0,0.3629227816774946,0
2026-09-16 07:00:00,0.6340213138908939,0,0.3461287720517895,0
2026-09-16 07:01:00,2.2649564166491043,0,0.3558863964177422,0
2026-09-16 07:02:00,1.0666364520266076,0,0.33613476814713455,0
2026-09-16 07:03:00,1.6235528296334245,0,0.37922664641866627,0
2026-09-16 07:04:00,2.2932683718572235,0,0.36302553471920096,0
2026-09-16 07:05:00,1.8282161820898812,0,0.3551704164721547,0
2026-09-16 07:06:00,1.1466341859286118,0,0.3452477303052325,0
2026-09-16 07:07:00,0.9758588816413692,0,0.34401530085072474,0
2026-09-16 07:08:00,1.2140833670251159,0,0.36005395562190745,0
2026-09-16 07:09:00,3.1999093560798415,0,0.40330772950621147,0
2026-09-16 07:10:00,0.6678071699644837,0,0.3443900437728979,0
2026-09-16 07:11:00,0.3305658924297741,0,0.33609882520481493,0
2026-09-16 07:12:00,1.0203881017871261,0,0.3733395507400279,0
2026-09-16 07:13:00,1.2888308563687212,0,0.3618883069500059,0
2026-09-16 07:14:00,1.3624565715766281,0,0.3789967621877197,0
2026-09-16 07:15:00,1.0323838154969793,0,0.35259721239273617,0
2026-09-16 07:16:00,0.7419398354042376,0,0.3637408560230157,0
2026-09-16 07:17:00,1.6764284520701986,0,0.3784519060515361,0
2026-09-16 07:18:00,0.8727684996281326,0,0.3397452450997894,0
2026-09-16 07:19:00,1.08156174202777,0,0.35324185024154736,0
2026-09-16 07:20:00,1.008461912200727,0,0.36703360316769595,0
2026-09-16 07:21:00,1.7418102807940061,0,0.37010887444405327,0
2026-09-16 07:22:00,0.907968330041093,0,0.36064459006020727,0
2026-09-16 07:23:00,0.642372151865966,0,0.34705313961119627,0
2026-09-16 07:24:00,1.2859043328175483,0,0.3689963940944407,0
2026-09-16 07:25:00,1.9352126949438042,0,0.418870508761825,0
2026-09-16 07:26:00,1.5179133750961158,0,0.37054412984060286,0
2026-09-16 07:27:00,0.2983324512992163,0,0.3460130846708454,0
2026-09-16 07:28:00,0.15565171372133024,0,0.3596307105530322,0
2026-09-16 07:29:00,3.8870509085518288,1,0.39378735689472333,0
2026-09-16 07:30:00,1.139813649949913,0,0.350759076662215,0
2026-09-16 07:31:00,3.5057063160707047,1,0.3975498207945844,0
2026-09-16 07:32:00,2.168213352410169,0,0.3610582194017216,0
2026-09-16 07:33:00,1.0242928733930174,0,0.3504136676704718,0
2026-09-16 07:34:00,0.36561181353884226,0,0.36753060155326683,0
2026-09-16 07:35:00,1.2730799607095296,0,0.3695689301557861,0
2026-09-16 07:36:00,1.0242928733930174,0,0.3657181569151614,0
2026-09-16 07:37:00,0.8747392733489368,0,0.3458837144915122,0
2026-09-16 07:38:00,1.386803430664574,0,0.41775398395279384,0
2026-09-16 07:39:00,1.1920763833050765,0,0.35893010585473256,0
2026-09-16 07:40:00,1.3111160880882318,0,0.40241173949405573,0
2026-09-16 07:41:00,0.32496052410207277,0,0.3776019789764247,0
2026-09-16 07:42:00,0.8243775948952448,0,0.35885144524014373,0
2026-09-16 07:43:00,1.7081240851315287,0,0.39310394836034707,0
2026-09-16 07:44:00,0.4456399326497034,0,0.340927263932411,0
2026-09-16 07:45:00,0.8879159423139749,0,0.3630790794090915,0
2026-09-16 07:46:00,0.6744907594597457,0,0.37084608459720103,0
2026-09-16 07:47:00,1.074188987287743,0,0.38889595109060365,0
2026-09-16 07:48:00,0.2884538169797785,0,0.3517214451531844,0
2026-09-16 07:49:00,0.5495850632634964,0,0.3484589143966999,0
2026-09-16 07:50:00,5.260421093839012,1,0.3739442032076755,0
2026-09-16 07:51:00,7.2593496946212,1,0.391485400135988,0
2026-09-16 07:52:00,2.6148247370970528,0,0.38334147135640884,0
2026-09-16 07:53:00,3.841268246817537,1,0.39726736144064534,0
2026-09-16 07:54:00,2.728991809314293,0,0.3670650969859146,0
2026-09-16 07:55:00,1.1667936368441394,0,0.3744831219611935,0
2026-09-16 07:56:00,0.7244530379382453,0,0.3619810615196983,0
2026-09-16 07:57:00,5.286725459166548,1,0.35965456671944485,0
2026-09-16 07:58:00,1.3270845405138065,0,0.3856273188988793,0
2026-09-16 07:59:00,0.2047561234076055,0,0.35950145519266846,0
2026-09-16 08:00:00,2.668436410204986,0,0.3605726231024592,0
2026-09-16 08:01:00,1.2999276455048276,0,0.3831889873744053,0
2026-09-16 08:02:00,2.6824808123639667,0,0.35175720435382346,0
2026-09-16 08:03:00,3.66912956907842,1,0.38581956686990954,0
2026-09-16 08:04:00,0.3392872168531089,0,0.35553102584166274,0
2026-09-16 08:05:00,0.39243098732221215,0,0.3607252245068145,0
2026-09-16 08:06:00,2.159473305051614,0,0.366449279577674,0
2026-09-16 08:07:00,2.147925319463101,0,0.34735975753463394,0
2026-09-16 08:08:00,1.374770507674664,0,0.3796327046647531,0
2026-09-16 08:09:00,1.5692297985812835,0,0.38559413951333565,0
2026-09-16 08:10:00,0.24457762883244172,0,0.33907721380428973,0
2026-09-16 08:11:00,0.30549437535210966,0,0.34426275137303813,0
2026-09-16 08:12:00,1.3058602272454745,0,0.35031960416269214,0
2026-09-16 08:13:00,1.298877017474107,0,0.3504800797255597,0
2026-09-16 08:14:00,0.5206595336187338,0,0.38893816202708814,0
2026-09-16 08:15:00,1.298877017474107,0,0.34098511608077553,0
2026-09-16 08:16:00,0.9482241249247316,0,0.3665893989654376,0
2026-09-16 08:17:00,1.2920408226452924,0,0.3417125582504736,0
2026-09-16 08:18:00,2.3439826977328657,0,0.36941438286563355,0
2026-09-16 08:19:00,1.7652337010266779,0,0.3677839817473808,0
2026-09-16 08:20:00,0.6370190506008709,0,0.3747843747535243,0
2026-09-16 08:21:00,0.2061142198336715,0,0.36636506081262504,0
2026-09-16 08:22:00,1.2920408226452924,0,0.355296080837388,0
2026-09-16 08:23:00,2.0524787976844374,0,0.38723700493348123,0
2026-09-16 08:24:00,0.36778365277486813,0,0.34205935270661186,0
2026-09-16 08:25:00,1.2785108537132681,0,0.39543537605699386,0
2026-09-16 08:26:00,1.037678091475535,0,0.37776503594783406,0
2026-09-16 08:27:00,0.9892531138735876,0,0.3775134402207156,0
2026-09-16 08:28:00,1.218777502155581,0,0.34469100031725936,0
2026-09-16 08:29:00,3.257459869397636,0,0.3918594078055096,0
2026-09-16 08:30:00,0.23667102539685164,0,0.34222770526287605,0
2026-09-16 08:31:00,0.32527448807452713,0,0.3474003597888632,0
2026-09-16 08:32:00,42.49453054057169,1,0.6985933830657831,1
2026-09-16 08:33:00,41.66428344884857,1,0.7033590941524268,1
2026-09-16 08:34:00,33.68149513062556,1,0.7068781903465957,1
2026-09-16 08:35:00,31.089692976366692,1,0.6883525508309565,1
2026-09-16 08:36:00,30.35500662620417,1,0.7087097515296443,1
2026-09-16 08:37:00,28.07113141839232,1,0.7024295708590291,1
2026-09-16 08:38:00,22.330992566932668,1,0.6753172392859328,1
2026-09-16 08:39:00,28.244198871734202,1,0.700427642995179,1
2026-09-16 08:40:00,26.441309555687948,1,0.6991405610239072,1
2026-09-16 08:41:00,29.47818609546482,1,0.6937746073780721,1
2026-09-16 08:42:00,25.6497525696923,1,0.705177002753793,1
2026-09-16 08:43:00,25.89883857402481,1,0.6857974732845574,1
2026-09-16 08:44:00,28.399643314129055,1,0.70936576240263,1
2026-09-16 08:45:00,25.942091910772078,1,0.7052369115049291,1
2026-09-16 08:46:00,0.7649305337474698,0,0.38483159872765027,0
2026-09-16 08:47:00,0.8797705558132375,0,0.3959980771618593,0
2026-09-16 08:48:00,0.7771306576350265,0,0.3897529879852814,0
2026-09-16 08:49:00,0.7513970593137819,0,0.3765578482894262,0
2026-09-16 08:50:00,0.9970732965883359,0,0.40569249626338094,0
2026-09-16 08:51:00,0.6744907594568155,0,0.38062358956879794,0
2026-09-16 08:52:00,1.751676038983906,0,0.40827298841876447,0
2026-09-16 08:53:00,0.7917935002319137,0,0.3781196307932385,0
2026-09-16 08:54:00,0.5501357559933832,0,0.3664977321943596,0
2026-09-16 08:55:00,0.5131994908910552,0,0.37986836047498673,0
2026-09-16 08:56:00,0.9995858506248777,0,0.38800214696902063,0
2026-09-16 08:57:00,1.1483099369139247,0,0.3754368862756388,0
2026-09-16 08:58:00,0.954370639462444,0,0.36258548203375757,0
2026-09-16 08:59:00,1.318597134635363,0,0.39193293829754483,0
2026-09-16 09:00:00,1.0243668819495706,0,0.3764589319111186,0
2026-09-16 09:01:00,0.68141073424729,0,0.3965246205040138,0
2026-09-16 09:02:00,0.735808101224636,0,0.3601975320150917,0
2026-09-16 09:03:00,0.8615465240737442,0,0.36151210610501716,0
2026-09-16 09:04:00,0.5331701412925954,0,0.3492126113448479,0
2026-09-16 09:05:00,0.22994003163269874,0,0.34807027728770024,0
2026-09-16 09:06:00,0.7573191039694325,0,0.3398811082248451,0
2026-09-16 09:07:00,0.8022430929626603,0,0.35798629752869593,0
2026-09-16 09:08:00,0.8810224928117296,0,0.3672202603708494,0
2026-09-16 09:09:00,0.7205627276845348,0,0.3547014080026371,0
2026-09-16 09:10:00,0.829113251825584,0,0.34665150932059463,0
2026-09-16 09:11:00,1.2963966120767045,0,0.3677465852166164,0
2026-09-16 09:12:00,0.9254640652993182,0,0.38703591012699556,0
2026-09-16 09:13:00,0.6240917563119456,0,0.3557810768816005,0
2026-09-16 09:14:00,0.40783162199630973,0,0.39029335545219995,0
2026-09-16 09:15:00,0.7662804245091045,0,0.35627840152462137,0
2026-09-16 09:16:00,0.765433281643996,0,0.3423356005607763,0
2026-09-16 09:17:00,0.7555948082484937,0,0.354482723448456,0
2026-09-16 09:18:00,1.6442324179278023,0,0.399854826490084,0
2026-09-16 09:19:00,0.7151227329157952,0,0.36845668069363363,0
2026-09-16 09:20:00,1.101135086375123,0,0.3732592793336397,0
2026-09-16 09:21:00,0.7536026470340166,0,0.3426550408240264,0
2026-09-16 09:22:00,0.7494390964979143,0,0.3399365449751059,0
2026-09-16 09:23:00,0.4899996472302463,0,0.3516000433426654,0
2026-09-16 09:24:00,0.7527695197804126,0,0.3594832424900848,0
2026-09-16 09:25:00,0.743093819662699,0,0.3738274147888371,0
2026-09-16 09:26:00,0.743093819662699,0,0.35599774204960777,0
2026-09-16 09:27:00,0.6653418756794236,0,0.37881893940103784,0
2026-09-16 09:28:00,0.8385560793187077,0,0.3696507349782359,0
2026-09-16 09:29:00,2.085712232982754,0,0.3861296693936603,0
2026-09-16 09:30:00,1.471177189413847,0,0.36203063193804497,0
2026-09-16 09:31:00,0.7119624683097276,0,0.36366654446068375,0
2026-09-16 09:32:00,0.36562891822275473,0,0.35970523602174603,0
2026-09-16 09:33:00,0.7536026470340166,0,0.3476790108683922,0
2026-09-16 09:34:00,0.7494390964979143,0,0.3446131177642172,0
2026-09-16 09:35:00,0.33724537972566043,0,0.3607918587755032,0
2026-09-16 09:36:00,1.4248541293890875,0,0.38747006794727146,0
2026-09-16 09:37:00,0.4300424407863431,0,0.36990463097183257,0
2026-09-16 09:38:00,0.9031263844219595,0,0.3581633739142105,0
2026-09-16 09:39:00,0.7625541186344997,0,0.3449963558969501,0
2026-09-16 09:40:00,1.5562046872599564,0,0.4054020984616105,0
2026-09-16 09:41:00,0.5756982668783425,0,0.35501147001239747,0
2026-09-16 09:42:00,0.4364351972910691,0,0.3423536167524972,0
2026-09-16 09:43:00,1.1044980823955328,0,0.37098177105957986,0
2026-09-16 09:44:00,0.7656949896361704,0,0.3384751166840971,0
2026-09-16 09:45:00,0.7615783499069434,0,0.3411428386445844,0
2026-09-16 09:46:00,0.817564556907907,0,0.362035804839252,0
2026-09-16 09:47:00,0.7615783499069434,0,0.34575584142062243,0
2026-09-16 09:48:00,0.55447871754651,0,0.37629457666467603,0
2026-09-16 09:49:00,1.270861815788244,0,0.35944549243128754,0
2026-09-16 09:50:00,0.6744907594481616,0,0.34458702924540885,0
2026-09-16 09:51:00,1.4639189312577354,0,0.42390019620929215,0
2026-09-16 09:52:00,0.5691015782843863,0,0.3597700239961538,0
2026-09-16 09:53:00,1.7847560439330645,0,0.3678036369767649,0
2026-09-16 09:54:00,1.3604125766556072,0,0.35127940653781,0
2026-09-16 09:55:00,0.8165663639440002,0,0.3576377001780916,0
2026-09-16 09:56:00,1.6941352327979748,0,0.36444504408668493,0
2026-09-16 09:57:00,1.5330276979799091,0,0.365538110203632,0
2026-09-16 09:58:00,4.239656202220055,1,0.4360416691710804,0
2026-09-16 09:59:00,4.576901581942105,1,0.40428394894341274,0
2026-09-16 10:00:00,4.336012024997784,1,0.45139582889816954,0
2026-09-16 10:01:00,4.480545759164376,1,0.45244784650269393,0
2026-09-16 10:02:00,4.512110597668025,1,0.5256261752411504,0
2026-09-16 10:03:00,4.372560785369013,1,0.44620201183378544,0
2026-09-16 10:04:00,4.326044181269343,1,0.4221385173261664,0
2026-09-16 10:05:00,4.181842708566849,1,0.4140940094790011,0
2026-09-16 10:06:00,4.001978506047846,1,0.3928027816760318,0
2026-09-16 10:07:00,4.133975622418594,1,0.42721416879655133,0
2026-09-16 10:08:00,4.046944556683466,1,0.39437547281266894,0
2026-09-16 10:09:00,4.046944556683466,1,0.4581803372605545,0
2026-09-16 10:10:00,3.6675435044993785,1,0.3992707777770983,0
2026-09-16 10:11:00,8.797972788892753,1,0.5170810859326722,0
2026-09-16 10:12:00,3.6675435044993785,1,0.3926086322381822,0
2026-09-16 10:13:00,3.9626332117579492,1,0.4181436293128686,0
2026-09-16 10:14:00,3.836166194361419,1,0.3772713611221541,0
2026-09-16 10:15:00,3.6464656682666234,1,0.35919485623089265,0
2026-09-16 10:16:00,4.1734115740855,1,0.46431234488233003,0
2026-09-16 10:17:00,4.1734115740855,1,0.4392870561613272,0
2026-09-16 10:18:00,3.6464656682666234,1,0.37778144012276993,0
2026-09-16 10:19:00,3.507351949132715,1,0.3587918193339375,0
2026-09-16 10:20:00,1.0824096591435863,0,0.4767888906906078,0
2026-09-16 10:21:00,0.6561763462655015,0,0.4911009962023366,0
2026-09-16 10:22:00,0.6309732714137705,0,0.4619344125940361,0
2026-09-16 10:23:00,1.0440241449560785,0,0.4694365262563526,0
2026-09-16 10:24:00,1.0691869710436297,0,0.4159241483316596,0
2026-09-16 10:25:00,0.7798799406119369,0,0.4302692902410205,0
2026-09-16 10:26:00,0.9753943109753518,0,0.4538151223516932,0
2026-09-16 10:27:00,0.7058315919398325,0,0.38715101293594706,0
2026-09-16 10:28:00,0.34249435506186143,0,0.3754697554625556,0
2026-09-16 10:29:00,0.843113449310202,0,0.41172930041652067,0
2026-09-16 10:30:00,0.7503824086585144,0,0.35348238133891446,0
2026-09-16 10:31:00,0.6868262054547908,0,0.39833292210825794,0
2026-09-16 10:32:00,0.6387479784483657,0,0.34391942123732905,0
2026-09-16 10:33:00,1.222514501499793,0,0.3847885684545787,0
2026-09-16 10:34:00,1.2953271922908536,0,0.36511249374975646,0
2026-09-16 10:35:00,1.0158170318996302,0,0.3917484077557676,0
2026-09-16 10:36:00,1.64386794386423,0,0.36833476156533784,0
2026-09-16 10:37:00,0.9266750161364635,0,0.39407114253640474,0
2026-09-16 10:38:00,0.7477178210143481,0,0.3516280595550972,0
2026-09-16 10:39:00,1.4814397836947584,0,0.3675744304795373,0
2026-09-16 10:40:00,0.7397640587485905,0,0.3456765611505204,0
2026-09-16 10:41:00,1.0931456289158104,0,0.36534773503421075,0
2026-09-16 10:42:00,0.7615085224399217,0,0.36630740011918533,0
2026-09-16 10:43:00,1.1561350329189979,0,0.36960869135979424,0
2026-09-16 10:44:00,0.8046868407225953,0,0.34706339886540705,0
2026-09-16 10:45:00,0.8912913606939888,0,0.387445906226597,0
2026-09-16 10:46:00,0.6669836367171696,0,0.34751546395762634,0
2026-09-16 10:47:00,0.3768854334069244,0,0.35314864097409515,0
2026-09-16 10:48:00,0.643319445010952,0,0.3462584920606166,0
2026-09-16 10:49:00,0.5737524661591686,0,0.3669158985691759,0
2026-09-16 10:50:00,1.8466965843516134,0,0.3648447833438934,0
2026-09-16 10:51:00,0.8301424731588923,0,0.3405566507187385,0
2026-09-16 10:52:00,1.2691808707331933,0,0.37954746407958695,0
2026-09-16 10:53:00,0.9125608374303784,0,0.37096399317592693,0
2026-09-16 10:54:00,1.0026044401348468,0,0.3684270471215631,0
2026-09-16 10:55:00,0.7937984161865808,0,0.3481530485572584,0
2026-09-16 10:56:00,1.1933298051659078,0,0.3383869227368481,0
2026-09-16 10:57:00,1.0130727342520958,0,0.3519666969361707,0
2026-09-16 10:58:00,0.8148077329983556,0,0.36751657955195755,0
2026-09-16 10:59:00,0.9598522345899693,0,0.3831530527319622,0
2026-09-16 11:00:00,0.7776075377239954,0,0.34960481093303686,0
2026-09-16 11:01:00,1.8724217323272916,0,0.37785455326254075,0
2026-09-16 11:02:00,0.8474012666801671,0,0.38655979980932886,0
2026-09-16 11:03:00,0.9339102823037538,0,0.3707362356640686,0
2026-09-16 11:04:00,0.9986831045573129,0,0.3839338405715894,0
2026-09-16 11:05:00,1.141445900593477,0,0.38002506678684267,0
2026-09-16 11:06:00,2.2274330859566005,0,0.400858257634337,0
2026-09-16 11:07:00,1.0559202987212775,0,0.3502955708082271,0
2026-09-16 11:08:00,2.4064526760346765,0,0.40686723885772286,0
2026-09-16 11:09:00,0.44101318886566154,0,0.34514891107900225,0
2026-09-16 11:10:00,1.1871037366147523,0,0.3508860037871828,0
2026-09-16 11:11:00,0.6086487023746714,0,0.37772170775793207,0
2026-09-16 11:12:00,0.4244935289321271,0,0.36273406456861473,0
2026-09-16 11:13:00,0.7102920866324148,0,0.34978497716883333,0
2026-09-16 11:14:00,1.4895004270937597,0,0.35964236197450805,0
2026-09-16 11:15:00,0.6744907594386836,0,0.36819657405615236,0
2026-09-16 11:16:00,0.39072983491097474,0,0.3469055294158924,0
2026-09-16 11:17:00,0.6652789811056611,0,0.3522489884423104,0
2026-09-16 11:18:00,0.6562888505045509,0,0.36407326549805963,0
2026-09-16 11:19:00,0.8206132530539714,0,0.34773379096084456,0
2026-09-16 11:20:00,0.6962779116821574,0,0.34967556942062406,0
2026-09-16 11:21:00,0.6745190963518884,0,0.36708415094781616,0
2026-09-16 11:22:00,2.0821236486969354,0,0.39779152179428307,0
2026-09-16 11:23:00,0.8358379887321511,0,0.3608931928785229,0
2026-09-16 11:24:00,0.6714108434077827,0,0.3470578373484452,0
2026-09-16 11:25:00,1.3801222892271237,0,0.3986963624561063,0
2026-09-16 11:26:00,0.8358379887321511,0,0.3476245546982047,0
2026-09-16 11:27:00,0.8584427847357565,0,0.3506965179870864,0
2026-09-16 11:28:00,0.668330847761503,0,0.34589490001946205,0
2026-09-16 11:29:00,1.8974654270220146,0,0.38776360330702103,0
2026-09-16 11:30:00,0.9583343634475624,0,0.3492396043504757,0
2026-09-16 11:31:00,1.152248468229357,0,0.385869186228289,0
2026-09-16 11:32:00,1.8250603689062437,0,0.3735866071559969,0
2026-09-16 11:33:00,0.8702633792368994,0,0.35975692726938213,0
2026-09-16 11:34:00,1.6638827752825087,0,0.43553347868305353,0
2026-09-16 11:35:00,0.6744352165762907,0,0.3651117333487544,0
2026-09-16 11:36:00,1.027795442945932,0,0.34195858537382806,0
2026-09-16 11:37:00,2.134843173926963,0,0.3973928188194545,0
2026-09-16 11:38:00,1.5573815372765172,0,0.3512092872537164,0
2026-09-16 11:39:00,1.4132187340506563,0,0.33852695147479384,0
2026-09-16 11:40:00,1.2847443036824149,0,0.3456582382479887,0
2026-09-16 11:41:00,1.1243388190795671,0,0.3580038612160056,0
2026-09-16 11:42:00,1.435711940889638,0,0.3478495741220151,0
2026-09-16 11:43:00,0.5019466116720189,0,0.34918031027730356,0
2026-09-16 11:44:00,0.6274332645900237,0,0.3755394705387806,0
2026-09-16 11:45:00,0.9411498968850355,0,0.33605103448539136,0
2026-09-16 11:46:00,1.6954956440395004,0,0.37408164863522225,0
2026-09-16 11:47:00,2.059016889675041,0,0.35441469152755806,0
2026-09-16 11:48:00,0.6744907594352373,0,0.3569415392443365,0
2026-09-16 11:49:00,0.8584427847357565,0,0.3816784800287911,0
2026-09-16 11:50:00,1.7734877739280166,0,0.3541070860464029,0
2026-09-16 11:51:00,1.4183587441564212,0,0.3805358209086037,0
2026-09-16 11:52:00,0.735808101202077,0,0.361374628841032,0
2026-09-16 11:53:00,0.981077468269436,0,0.3651433752278433,0
2026-09-16 11:54:00,0.6624462324792786,0,0.34533075264512325,0
2026-09-16 11:55:00,0.9681906474697142,0,0.35782418989422576,0
2026-09-16 11:56:00,1.5088340082906895,0,0.3693237505902154,0
2026-09-16 11:57:00,0.8214333282743101,0,0.35957078292918865,0
2026-09-16 11:58:00,0.8672024049856301,0,0.3526076852146828,0
2026-09-16 11:59:00,1.4132187340506563,0,0.34984442208006095,0
2026-09-16 12:00:00,0.23130922822619793,0,0.35427452036614093,0
2026-09-16 12:01:00,0.792337650612475,0,0.3536399182127421,0
2026-09-16 12:02:00,1.6270084004111318,0,0.35882161090961384,0
2026-09-16 12:03:00,0.7756643733457667,0,0.3642271697201656,0
2026-09-16 12:04:00,0.6624462324792786,0,0.3464651137619001,0
2026-09-16 12:05:00,1.5997425968879826,0,0.35392850664481146,0
2026-09-16 12:06:00,2.3269931200373,0,0.3679197157117442,0
2026-09-16 12:07:00,1.4805894719243655,0,0.3443088857102362,0
2026-09-16 12:08:00,1.70837786163669,0,0.3763817581851582,0
2026-09-16 12:09:00,1.0862256052506418,0,0.3591827747367163,0
2026-09-16 12:10:00,1.3489815188665355,0,0.34643285523123085,0
2026-09-16 12:11:00,5.521412728392208,1,0.40253397831769033,0
2026-09-16 12:12:00,6.262523577697251,1,0.5552205451712772,0
2026-09-16 12:13:00,5.579878100782417,1,0.44369151996529965,0
2026-09-16 12:14:00,5.426584746365318,1,0.4177000666656874,0
2026-09-16 12:15:00,5.518560759015577,1,0.41662177534233447,0
2026-09-16 12:16:00,5.518560759015577,1,0.4738187143872384,0
2026-09-16 12:17:00,5.211974050181379,1,0.3899424303913213,0
2026-09-16 12:18:00,5.276016607145045,1,0.4273511874691754,0
2026-09-16 12:19:00,5.073343538374223,1,0.40409702941089864,0
2026-09-16 12:20:00,4.92671511240965,1,0.46891652081572505,0
2026-09-16 12:21:00,5.102669223567138,1,0.38257703073356475,0
2026-09-16 12:22:00,4.868063742023821,1,0.38721620945931323,0
2026-09-16 12:23:00,5.102669223567138,1,0.4463026383332743,0
2026-09-16 12:24:00,4.994101793284707,1,0.41443027961056483,0
2026-09-16 12:25:00,1.0060335978898836,0,0.46502580252418557,0
2026-09-16 12:26:00,0.5937225658500693,0,0.48184036215824666,0
2026-09-16 12:27:00,2.508549749819446,0,0.4994219355236624,0
2026-09-16 12:28:00,0.6237387278290103,0,0.4327973138147699,0
2026-09-16 12:29:00,0.9764844333585799,0,0.42712043968872565,0
2026-09-16 12:30:00,1.0299128982684795,0,0.41933309911500777,0
2026-09-16 12:31:00,0.27809386231118444,0,0.41967593891582217,0
2026-09-16 12:32:00,0.631607604833002,0,0.37568366087400873,0
2026-09-16 12:33:00,0.4105595927008042,0,0.3531342539747197,0
2026-09-16 12:34:00,1.735482636563401,0,0.3923270930030971,0
2026-09-16 12:35:00,1.653692163993612,0,0.3554804450066597,0
2026-09-16 12:36:00,0.7740633315914519,0,0.3836801083387971,0
2026-09-16 12:37:00,0.869519912685613,0,0.3823022560448629,0
2026-09-16 12:38:00,1.3973698332213393,0,0.35256740775608036,0
2026-09-16 12:39:00,0.9252692530855137,0,0.39289889910496273,0
2026-09-16 12:40:00,0.7371583649965481,0,0.3648051616253683,0
2026-09-16 12:41:00,1.2316787781024126,0,0.3519081757312388,0
2026-09-16 12:42:00,0.5278623334724626,0,0.3433637700304859,0
2026-09-16 12:43:00,0.8794303719432308,0,0.3414821736233891,0
2026-09-16 12:44:00,1.3196558336811564,0,0.34137773708435726,0
2026-09-16 12:45:00,0.4398852778937188,0,0.345071795276222,0
2026-09-16 12:46:00,0.7624678150157792,0,0.3686635107690373,0
2026-09-16 12:47:00,0.7553474808547269,0,0.3423567393768117,0
2026-09-16 12:48:00,0.6803621454265476,0,0.3412008383423443,0
2026-09-16 12:49:00,0.6634743733766463,0,0.34060257725803955,0
2026-09-16 12:50:00,1.1189221304518953,0,0.3499001955547286,0
2026-09-16 12:51:00,0.8422809185146514,0,0.35039731136921287,0
2026-09-16 12:52:00,1.0192304809257473,0,0.33596971671162457,0
2026-09-16 12:53:00,1.3489815188723124,0,0.33661408298376816,0
2026-09-16 12:54:00,1.225099610489348,0,0.3603469433717519,0
2026-09-16 12:55:00,0.9970732965590959,0,0.3377801470194317,0
2026-09-16 12:56:00,0.9384219261732667,0,0.3330712661529185,0
2026-09-16 12:57:00,0.6451650742441208,0,0.3355022679955542,0
2026-09-16 12:58:00,1.0600802439511083,0,0.372723982712428,0
2026-09-16 12:59:00,1.1697276712070743,0,0.3436914416192156,0
2026-09-16 13:00:00,0.8211191854016084,0,0.33666479484086403,0
2026-09-16 13:01:00,1.9800710735883158,0,0.36177770133375714,0
2026-09-16 13:02:00,2.6884938808356513,0,0.4007118858587237,0
2026-09-16 13:03:00,0.6994718458762896,0,0.352984557980935,0
2026-09-16 13:04:00,0.7303714705363827,0,0.34446239810580476,0
2026-09-16 13:05:00,0.8993210125815417,0,0.33649361343177714,0
2026-09-16 13:06:00,2.8034765016997185,0,0.41996842799144674,0
2026-09-16 13:07:00,1.2876641771036348,0,0.38503437401260093,0
2026-09-16 13:08:00,1.1650294935699552,0,0.34349531618100915,0
2026-09-16 13:09:00,1.5173810072313543,0,0.36257882631578364,0
2026-09-16 13:10:00,1.5329335441709937,0,0.36616303039965403,0
2026-09-16 13:11:00,1.1759045559920376,0,0.33923532152540326,0
2026-09-16 13:12:00,0.9197601265025962,0,0.358880135479126,0
2026-09-16 13:13:00,1.3667329529739842,0,0.36719770497704735,0
2026-09-16 13:14:00,0.5211974050181378,0,0.33439661215335653,0
2026-09-16 13:15:00,0.8607599739893201,0,0.3672553398025415,0
2026-09-16 13:16:00,0.8672024049856301,0,0.330831811614043,0
2026-09-16 13:17:00,0.31664220191025505,0,0.3439593860529053,0
2026-09-16 13:18:00,1.9696561067306813,0,0.3820513642470352,0
2026-09-16 13:19:00,1.575225927183201,0,0.38156308549223716,0
2026-09-16 13:20:00,0.7550306865768374,0,0.3371641331404561,0
2026-09-16 13:21:00,0.9386018647882322,0,0.34524477948794774,0
2026-09-16 13:22:00,1.1841021906694862,0,0.3795002064143094,0
2026-09-16 13:23:00,2.2401813850751875,0,0.3816444274158698,0
2026-09-16 13:24:00,1.2092996268770653,0,0.3635643935250034,0
2026-09-16 13:25:00,1.4132187340506563,0,0.33370749890621515,0
2026-09-16 13:26:00,1.1894433595622471,0,0.3450403975464121,0
2026-09-16 13:27:00,0.9635582277618111,0,0.3826615161875443,0
2026-09-16 13:28:00,0.1284744303682415,0,0.3590457812042581,0
2026-09-16 13:29:00,1.5095745568268375,0,0.3545796926107717,0
2026-09-16 13:30:00,0.8993210125776904,0,0.40990968233922015,0
2026-09-16 13:31:00,1.26745734072801,0,0.345685997087149,0
2026-09-16 13:32:00,1.1469982998721713,0,0.373593667963234,0
2026-09-16 13:33:00,1.2548665291800474,0,0.3588920882154129,0
2026-09-16 13:34:00,0.30839808798419954,0,0.34566946395453274,0
2026-09-16 13:35:00,2.1332730996060802,0,0.3475724447354858,0
2026-09-16 13:36:00,1.007117709576548,0,0.3912211052316907,0
2026-09-16 13:37:00,1.5095745568268375,0,0.33715769468281404,0
2026-09-16 13:38:00,1.220507088498294,0,0.3591111616544549,0
2026-09-16 13:39:00,1.5685831614750592,0,0.33972528066782903,0
2026-09-16 13:40:00,0.7822546991256102,0,0.3367818764019036,0
2026-09-16 13:41:00,1.1921232027210449,0,0.34400418583004694,0
2026-09-16 13:42:00,0.7863289423502227,0,0.33757180101218964,0
2026-09-16 13:43:00,1.1956881644533752,0,0.3698402722721869,0
2026-09-16 13:44:00,1.0217797215787694,0,0.36487607594091664,0
2026-09-16 13:45:00,1.0927518372794924,0,0.3510601512551616,0
2026-09-16 13:46:00,0.7822546991256102,0,0.35884640691948483,0
2026-09-16 13:47:00,1.024211336612623,0,0.34170135014771535,0
2026-09-16 13:48:00,1.4606618553556965,0,0.3429569611485912,0
2026-09-16 13:49:00,0.9592757467536445,0,0.3326216325979024,0
2026-09-16 13:50:00,0.8495454259321227,0,0.37570759681570626,0
2026-09-16 13:51:00,0.8783702722655566,0,0.33479499665905604,0
2026-09-16 13:52:00,1.6817378399965213,0,0.36027873045534187,0
2026-09-16 13:53:00,0.8993210125815417,0,0.33720493287170406,0
2026-09-16 13:54:00,1.8382434933534204,0,0.37112132488645666,0
2026-09-16 13:55:00,0.8246209071764463,0,0.33733551916993854,0
2026-09-16 13:56:00,5.058559920523064,1,0.4577873297715914,0
2026-09-16 13:57:00,1.0684454427081602,0,0.36663307690188945,0
2026-09-16 13:58:00,1.3499123701251348,0,0.35199447823871294,0
2026-09-16 13:59:00,1.6129126856103022,0,0.358509954522501,0
2026-09-16 14:00:00,0.7788571838709768,0,0.334826374400557,0
2026-09-16 14:01:00,1.1143760373307543,0,0.3340722001047862,0
2026-09-16 14:02:00,0.710433544647944,0,0.3357036310655675,0
2026-09-16 14:03:00,0.11730274077165834,0,0.33934358761510053,0
2026-09-16 14:04:00,0.7788571838709768,0,0.3378305255944894,0
2026-09-16 14:05:00,1.9676233380069375,0,0.3597497886608803,0
2026-09-16 14:06:00,1.5883627047606508,0,0.35222820980041125,0
2026-09-16 14:07:00,0.7850178478212583,0,0.3358879773567999,0
2026-09-16 14:08:00,0.7748834227287781,0,0.3339627009042334,0
2026-09-16 14:09:00,0.5865137038582917,0,0.33846359636492895,0
2026-09-16 14:10:00,3.803852749118811,1,0.42193420732247927,0
2026-09-16 14:11:00,0.4673268335060243,0,0.36802719443343834,0
2026-09-16 14:12:00,0.7748834227287781,0,0.3399222394133704,0
2026-09-16 14:13:00,0.9970732965590959,0,0.3638342791043103,0
2026-09-16 14:14:00,0.7748199597177922,0,0.3310940804877201,0
2026-09-16 14:15:00,0.9936749494607662,0,0.3646042280768574,0
2026-09-16 14:16:00,2.3990113677798273,0,0.3823281009159665,0
2026-09-16 14:17:00,0.9592757467536445,0,0.337393563821598,0
2026-09-16 14:18:00,1.1348110443076254,0,0.35190201304214114,0
2026-09-16 14:19:00,1.0557246669449252,0,0.3379811227554654,0
2026-09-16 14:20:00,0.7371623508997114,0,0.3541282028805132,0
2026-09-16 14:21:00,0.5776737018366216,0,0.3417192380214485,0
2026-09-16 14:22:00,0.3598726516152738,0,0.35575048952111454,0
2026-09-16 14:23:00,3.0578733573491594,0,0.4127804947227223,0
2026-09-16 14:24:00,1.7187373143805653,0,0.36771950314979723,0
2026-09-16 14:25:00,1.8105152975660463,0,0.3633946272321027,0
2026-09-16 14:26:00,0.8182206663663749,0,0.365550899795149,0
2026-09-16 14:27:00,2.65524822646517,0,0.4037809194850317,0
2026-09-16 14:28:00,0.8309166549793823,0,0.37545374930696634,0
2026-09-16 14:29:00,0.9970732965590959,0,0.3686745397524724,0
2026-09-16 14:30:00,0.7782636037219082,0,0.3373007931766502,0
2026-09-16 14:31:00,4.692109630866334,1,0.4404075566364406,0
2026-09-16 14:32:00,4.046944556622213,1,0.38285762797756845,0
2026-09-16 14:33:00,4.692109630866334,1,0.44556173023221995,0
2026-09-16 14:34:00,4.486829834515931,1,0.4440152912256405,0
2026-09-16 14:35:00,4.592277511066397,1,0.5037506239004221,0
2026-09-16 14:36:00,4.27177480977833,1,0.4016366596841724,0
2026-09-16 14:37:00,4.103152119918659,1,0.40327702502488205,0
2026-09-16 14:38:00,4.075048338275381,1,0.5026188093422255,0
2026-09-16 14:39:00,4.327982373064887,1,0.43466363933239727,0
2026-09-16 14:40:00,4.046944556632102,1,0.39275937980999265,0
2026-09-16 14:41:00,4.046944556632102,1,0.4057141831348005,0
2026-09-16 14:42:00,4.159359683205216,1,0.48936632393972074,0
2026-09-16 14:43:00,4.046944556632102,1,0.459261052424166,0
2026-09-16 14:44:00,4.159359683205216,1,0.4137006922452403,0
2026-09-16 14:45:00,0.6867541759512638,0,0.46994538204818,0
2026-09-16 14:46:00,1.4895004270937597,0,0.4554418310530278,0
2026-09-16 14:47:00,1.4552648014205525,0,0.49830084771364186,0
2026-09-16 14:48:00,0.9180478410172717,0,0.4408840616391221,0
2026-09-16 14:49:00,0.9836323575147471,0,0.4213490238027274,0
2026-09-16 14:50:00,1.255379678252267,0,0.3978652929195082,0
2026-09-16 14:51:00,1.4368908645938974,0,0.43175448457311233,0
2026-09-16 14:52:00,1.3881959949967482,0,0.4092676081302314,0
2026-09-16 14:53:00,0.9801393867501459,0,0.3756461938995856,0
2026-09-16 14:54:00,2.177804748255458,0,0.36437877767984184,0
2026-09-16 14:55:00,0.6805881649482585,0,0.35210881524857274,0
2026-09-16 14:56:00,0.9365210059433428,0,0.3401282362704136,0
2026-09-16 14:57:00,1.1351185109977613,0,0.37554602316396973,0
2026-09-16 14:58:00,0.8036485644366196,0,0.3345561341226541,0
2026-09-16 14:59:00,1.4430018093277326,0,0.35285618810778113,0
2026-09-16 15:00:00,1.9326872707606735,0,0.36794014112994333,0
2026-09-16 15:01:00,1.4762520372604135,0,0.3570430303602293,0
2026-09-16 15:02:00,1.1754597147941537,0,0.34718032170067475,0
2026-09-16 15:03:00,1.991306603555723,0,0.38443134675188545,0
2026-09-16 15:04:00,1.128873226651154,0,0.3663905103676457,0
2026-09-16 15:05:00,1.4581615372675734,0,0.3583017170844447,0
2026-09-16 15:06:00,1.4070285045778348,0,0.36734034193747966,0
2026-09-16 15:07:00,2.5139383063847642,0,0.37277287528412684,0
2026-09-16 15:08:00,1.492913659546,0,0.3391784298630246,0
2026-09-16 15:09:00,0.613959491920193,0,0.33532693585214957,0
2026-09-16 15:10:00,1.1480693777665993,0,0.3481693248804492,0
2026-09-16 15:11:00,2.2813656348484335,0,0.3619083497130574,0
2026-09-16 15:12:00,2.5052512064671006,0,0.3666457058313059,0
2026-09-16 15:13:00,1.3238441261654248,0,0.3657084191384409,0
2026-09-16 15:14:00,0.6807359937800498,0,0.33703144868123597,0
2026-09-16 15:15:00,3.061746371384123,0,0.3703698454375345,0
2026-09-16 15:16:00,1.0529071987086773,0,0.3377996142633597,0
2026-09-16 15:17:00,0.6838594396364113,0,0.33711142999193444,0
2026-09-16 15:18:00,0.8093889113173217,0,0.3343188808284381,0
2026-09-16 15:19:00,1.348981518862203,0,0.3419828076182756,0
2026-09-16 15:20:00,2.5123709686298854,0,0.3572771302930443,0
2026-09-16 15:21:00,0.5395926075448811,0,0.356127982523658,0
2026-09-16 15:22:00,0.8768379872604318,0,0.3342818352367169,0
2026-09-16 15:23:00,1.6187778226346434,0,0.37969552729736117,0
2026-09-16 15:24:00,1.7000153074730515,0,0.36110153470754536,0
2026-09-16 15:25:00,1.6862268985777535,0,0.3434218852593249,0
2026-09-16 15:26:00,1.348981518862203,0,0.33940728499940137,0
2026-09-16 15:27:00,0.8093889113173217,0,0.3650727873070635,0
2026-09-16 15:28:00,0.8121143750698626,0,0.34696682013230773,0
2026-09-16 15:29:00,1.6187778226346434,0,0.33852926532709915,0
2026-09-16 15:30:00,2.313532547046223,0,0.38223554169191637,0
2026-09-16 15:31:00,0.944287063203542,0,0.36044290758916303,0
2026-09-16 15:32:00,0.6776425360925857,0,0.3317615803226538,0
2026-09-16 15:33:00,1.1186676010095207,0,0.33443901091364414,0
2026-09-16 15:34:00,1.2473184180156278,0,0.34888417239550396,0
2026-09-16 15:35:00,0.7226123096883877,0,0.3669028639868825,0
2026-09-16 15:36:00,1.381883507129408,0,0.3580752627285424,0
2026-09-16 15:37:00,0.7215482542785272,0,0.33701620462619347,0
2026-09-16 15:38:00,0.8658945068916832,0,0.3371345396752413,0
2026-09-16 15:39:00,0.6580397652997181,0,0.393404797312312,0
2026-09-16 15:40:00,1.5134914601893514,0,0.3500044847309529,0
2026-09-16 15:41:00,0.30306189571625647,0,0.3319045862657796,0
2026-09-16 15:42:00,0.9212556714196053,0,0.3694082531238799,0
2026-09-16 15:43:00,1.3176098556390496,0,0.34810213670312207,0
2026-09-16 15:44:00,2.7259557981302693,0,0.38700756699752287,0
2026-09-16 15:45:00,1.1293798762620426,0,0.35543601980478645,0
2026-09-16 15:46:00,0.9197601265025962,0,0.3697530359275912,0
2026-09-16 15:47:00,1.2570055062202148,0,0.3439037175524815,0
2026-09-16 15:48:00,1.8905569936110433,0,0.3822377987982307,0
2026-09-16 15:49:00,0.7794115442373362,0,0.3484514522837482,0
2026-09-16 15:50:00,1.9901108520025028,0,0.3770780785113791,0
2026-09-16 15:51:00,0.7917935002086938,0,0.3366991552542221,0
2026-09-16 15:52:00,1.6656866655906357,0,0.35065608595601816,0
2026-09-16 15:53:00,1.492490191096579,0,0.355190352528659,0
2026-09-16 15:54:00,0.7288710031259711,0,0.35137327855502964,0
2026-09-16 15:55:00,0.6885150572242488,0,0.38993560903376157,0
2026-09-16 15:56:00,1.4972492054864284,0,0.34597419403820334,0
2026-09-16 15:57:00,0.8398810031481915,0,0.38015077946660353,0
2026-09-16 15:58:00,1.6072971288732392,0,0.3479001840202129,0
2026-09-16 15:59:00,0.6636618226714615,0,0.34109686129715205,0
2026-09-16 16:00:00,0.6885526878486788,0,0.3665462096886208,0
2026-09-16 16:01:00,1.2265928764258145,0,0.35279700519082663,0
2026-09-16 16:02:00,1.5835870004173875,0,0.3506236517888016,0
2026-09-16 16:03:00,3.2440705203494247,0,0.4265919623472411,0
2026-09-16 16:04:00,0.924150064541421,0,0.3437376326173847,0
2026-09-16 16:05:00,0.7288710031259711,0,0.3410355447626597,0
2026-09-16 16:06:00,1.1650294935699552,0,0.3326220268875511,0
2026-09-16 16:07:00,0.25334729935476813,0,0.33510513739673764,0
2026-09-16 16:08:00,0.7419472558166946,0,0.33748496840149383,0
2026-09-16 16:09:00,1.200699743957692,0,0.3408156365878823,0
2026-09-16 16:10:00,0.6995103585551885,0,0.3361610282265674,0
2026-09-16 16:11:00,1.2044691370544882,0,0.3507077385745461,0
2026-09-16 16:12:00,2.12674840060434,0,0.3468363976222511,0
2026-09-16 16:13:00,2.738497716303035,0,0.38622217147982213,0
2026-09-16 16:14:00,1.6862268985777535,0,0.3747974649821642,0
2026-09-16 16:15:00,1.4425019334520273,0,0.3498152004375335,0
2026-09-16 16:16:00,0.8777127913059072,0,0.348622905199439,0
2026-09-16 16:17:00,0.6070416834879913,0,0.360179482614192,0
2026-09-16 16:18:00,0.472143531601771,0,0.33402810705011265,0
2026-09-16 16:19:00,1.1466342910328724,0,0.3510511925386036,0
2026-09-16 16:20:00,2.189080534887526,0,0.36251064989803544,0
2026-09-16 16:21:00,1.2790141237201396,0,0.347660795246527,0
2026-09-16 16:22:00,1.5570446402821168,0,0.35619872385903195,0
2026-09-16 16:23:00,1.7500737138627052,0,0.35710537301266054,0
2026-09-16 16:24:00,2.5895065286937835,0,0.35485649673800734,0
2026-09-16 16:25:00,1.8313801755740984,0,0.3634804839181043,0
2026-09-16 16:26:00,0.4384189936302159,0,0.3304513764815416,0
2026-09-16 16:27:00,0.8948188970071347,0,0.3364540994098742,0
2026-09-16 16:28:00,2.071605222955023,0,0.44664052432391027,0
2026-09-16 16:29:00,0.944287063203542,0,0.3682314363222961,0
2026-09-16 16:30:00,1.3730677381702654,0,0.37093331464130985,0
2026-09-16 16:31:00,1.450512587096627,0,0.3606189781342089,0
2026-09-16 16:32:00,1.6853724694261722,0,0.35018109375079093,0
2026-09-16 16:33:00,1.0508142435279124,0,0.34940434406563475,0
2026-09-16 16:34:00,0.40469445565866086,0,0.3370799926463359,0
2026-09-16 16:35:00,1.1329091063035308,0,0.3522924121039352,0
2026-09-16 16:36:00,0.7433588368616503,0,0.33294632953785464,0
2026-09-16 16:37:00,1.0821818328869508,0,0.3418483254724837,0
2026-09-16 16:38:00,0.9540287210977098,0,0.3645674708539982,0
2026-09-16 16:39:00,2.3772518951942914,0,0.3557941802261407,0
2026-09-16 16:40:00,0.5058680695733261,0,0.34166873223763056,0
2026-09-16 16:41:00,0.8779448675258507,0,0.33525126839157326,0
2026-09-16 16:42:00,0.9212785061089698,0,0.35648795153529045,0
2026-09-16 16:43:00,1.1508917905305658,0,0.3623493771099716,0
2026-09-16 16:44:00,1.6329776280905537,0,0.35240868004373804,0
2026-09-16 16:45:00,0.9932353808688489,0,0.3416974619084762,0
2026-09-16 16:46:00,1.112034395875836,0,0.36905136104629255,0
2026-09-16 16:47:00,0.6101269315864282,0,0.3326585361300415,0
2026-09-16 16:48:00,1.344224758860128,0,0.3522421941371434,0
2026-09-16 16:49:00,1.2779824915491291,0,0.3477645116002342,0
2026-09-16 16:50:00,1.6478677909869521,0,0.3821417264425517,0
2026-09-16 16:51:00,2.457836705200876,0,0.37637982191976505,0
2026-09-16 16:52:00,3.346439206311964,0,0.3847353150620978,0
2026-09-16 16:53:00,0.884221741505194,0,0.3404370624477689,0
2026-09-16 16:54:00,1.2948648834379175,0,0.34971354540594013,0
2026-09-16 16:55:00,0.6744907594311015,0,0.3574116966411311,0
2026-09-16 16:56:00,0.6070416834879913,0,0.33381919902670343,0
2026-09-16 16:57:00,1.1886259475971457,0,0.362060508647653,0
2026-09-16 16:58:00,3.2112715107760446,0,0.39454956677065317,0
2026-09-16 16:59:00,1.029008601801765,0,0.3387347813910114,0
2026-09-16 17:00:00,1.169454561345579,0,0.33841965476619107,0
2026-09-16 17:01:00,1.0358026114775079,0,0.33580273093344015,0
2026-09-16 17:02:00,1.182216877554954,0,0.35223248420750014,0
2026-09-16 17:03:00,1.1990946834240828,0,0.3411542957638646,0
2026-09-16 17:04:00,0.6754089603560001,0,0.33681674102811243,0
2026-09-16 17:05:00,2.338909122691158,0,0.38684415047227194,0
2026-09-16 17:06:00,0.6744907594260465,0,0.3283950428968485,0
2026-09-16 17:07:00,0.7212238260709725,0,0.33492371024511436,0
2026-09-16 17:08:00,0.6744907594618252,0,0.33853674147415785,0
2026-09-16 17:09:00,1.1241512657100776,0,0.35226081427235273,0
2026-09-16 17:10:00,1.0070303167142431,0,0.3583156829914083,0
2026-09-16 17:11:00,1.8403600939834566,0,0.3569771424701176,0
2026-09-16 17:12:00,0.9951589670478488,0,0.3516948995252418,0
2026-09-16 17:13:00,1.4792339394822254,0,0.34593088730959887,0
2026-09-16 17:14:00,3.6154081667274474,1,0.39329892005763784,0
2026-09-16 17:15:00,1.723698607422119,0,0.35630892914392615,0
2026-09-16 17:16:00,0.9270606807451739,0,0.358889957085603,0
2026-09-16 17:17:00,1.723698607422119,0,0.35883570185355507,0
2026-09-16 17:18:00,1.0210180470850607,0,0.3374225658490902,0
2026-09-16 17:19:00,1.3366054434568095,0,0.3947395071622677,0
2026-09-16 17:20:00,3.989928227288533,1,0.41152577320847433,0
2026-09-16 17:21:00,2.123161046455345,0,0.36558959271573643,0
2026-09-16 17:22:00,0.18735854428501295,0,0.3374873690662574,0
2026-09-16 17:23:00,0.2997736708560207,0,0.3321595579502665,0
2026-09-16 17:24:00,1.0972134237332025,0,0.33764296696073015,0
2026-09-16 17:25:00,0.3000862288229927,0,0.3400735462352333,0
2026-09-16 17:26:00,1.6983309386552934,0,0.36023994120013136,0
2026-09-16 17:27:00,0.3844835111152748,0,0.3417592750408836,0
2026-09-16 17:28:00,1.2637662478750682,0,0.34275098378299246,0
2026-09-16 17:29:00,2.8040641638597457,0,0.39364214365396283,0
2026-09-16 17:30:00,0.770418595688562,0,0.3354908098524846,0
2026-09-16 17:31:00,1.4239249365660984,0,0.3398233012169534,0
2026-09-16 17:32:00,0.613946711580047,0,0.35047451792619266,0
2026-09-16 17:33:00,0.6122829138517303,0,0.340264387915527,0
2026-09-16 17:34:00,0.3978130814417149,0,0.33283977566016487,0
2026-09-16 17:35:00,1.159280906838741,0,0.3659821414217296,0
2026-09-16 17:36:00,1.3016487375031474,0,0.37877259363945326,0
2026-09-16 17:37:00,1.1387668853281077,0,0.35252236448143026,0
2026-09-16 17:38:00,1.2162947219291695,0,0.35038880876610246,0
2026-09-16 17:39:00,1.1966770651238605,0,0.33877721054901155,0
2026-09-16 17:40:00,1.5497031358629403,0,0.3545609233688834,0
2026-09-16 17:41:00,2.2483023647781644,0,0.3710589308303663,0
2026-09-16 17:42:00,1.0304719171899854,0,0.345925824828901,0
2026-09-16 17:43:00,1.2592698394787039,0,0.34841963744889315,0
2026-09-16 17:44:00,0.252934034782398,0,0.33439244575309984,0
2026-09-16 17:45:00,3.179741915900543,0,0.374523305839285,0
2026-09-16 17:46:00,1.7222989289765054,0,0.3670698739303993,0
2026-09-16 17:47:00,0.8667070595313779,0,0.3639753896947238,0
2026-09-16 17:48:00,1.827652380358163,0,0.3469037364639409,0
2026-09-16 17:49:00,1.1776821910742712,0,0.3382053801550546,0
2026-09-16 17:50:00,0.07244163009709383,0,0.33615481577446477,0
2026-09-16 17:51:00,0.870310657313411,0,0.333399170685431,0
2026-09-16 17:52:00,5.299569859834243,1,0.44310674785924486,0
2026-09-16 17:53:00,1.180358828984524,0,0.3402416846032786,0
2026-09-16 17:54:00,1.0304719171899854,0,0.35106633116463587,0
2026-09-16 17:55:00,0.337245379709864,0,0.3503195368483537,0
2026-09-16 17:56:00,2.7863649182953316,0,0.39692398069990453,0
2026-09-16 17:57:00,0.42155672463732996,0,0.3325515891207895,0
2026-09-16 17:58:00,1.2657927061737497,0,0.3415329560101072,0
2026-09-16 17:59:00,0.9053969016633671,0,0.3410994023281744,0
2026-09-16 18:00:00,1.316603405020402,0,0.3850927316320236,0
2026-09-16 18:01:00,1.096047484057058,0,0.33315395208304854,0
2026-09-16 18:02:00,0.2626753549683385,0,0.3328413006626459,0
2026-09-16 18:03:00,1.4385111277074818,0,0.3759863311708176,0
2026-09-16 18:04:00,0.5691031211093083,0,0.33816148483797126,0
2026-09-16 18:05:00,1.4998505925355126,0,0.35170272621000764,0
2026-09-16 18:06:00,1.190248167500586,0,0.3491142846435925,0
2026-09-16 18:07:00,2.607210271667948,0,0.35013724191206386,0
2026-09-16 18:08:00,2.737570785251346,0,0.3816973678695921,0
2026-09-16 18:09:00,0.2790996245850394,0,0.33290505081640476,0
2026-09-16 18:10:00,2.6522346433099213,0,0.3800373862635601,0
2026-09-16 18:11:00,2.2157485655015483,0,0.35979303162721366,0
2026-09-16 18:12:00,0.5895771724851756,0,0.3400869231815602,0
2026-09-16 18:13:00,1.3056592750032776,0,0.3329102634360261,0
2026-09-16 18:14:00,4.932490594456847,1,0.432422239904993,0
2026-09-16 18:15:00,1.2504905732425804,0,0.3673536781380876,0
2026-09-16 18:16:00,0.1395498122925197,0,0.3464709582736127,0
2026-09-16 18:17:00,7.349938315686889,1,0.43137596573702236,0
2026-09-16 18:18:00,0.8372988737551181,0,0.33952562858819096,0
2026-09-16 18:19:00,0.9630529107886354,0,0.3464229420214006,0
2026-09-16 18:20:00,0.8672024049577767,0,0.3435729720951637,0
2026-09-16 18:21:00,3.8672387030337343,1,0.35097804216095574,0
2026-09-16 18:22:00,3.3548774577903897,0,0.37978032273220075,0
2026-09-16 18:23:00,1.9781237373020444,0,0.3504890919653608,0
2026-09-16 18:24:00,3.453866842908342,0,0.37158103422850974,0
2026-09-16 18:25:00,3.193005989601679,0,0.39767519162122594,0
2026-09-16 18:26:00,0.0963558227730863,0,0.3334431958266194,0
2026-09-16 18:27:00,0.2890674683192589,0,0.3312466856070414,0
2026-09-16 18:28:00,2.893581807344212,0,0.420861028215983,0
2026-09-16 18:29:00,2.030583724452078,0,0.38993677284068134,0
2026-09-16 18:30:00,5.646013282622848,1,0.3884565403907452,0
2026-09-16 18:31:00,1.653475318482397,0,0.37031043937428576,0
2026-09-16 18:32:00,5.261057831534925,1,0.4106488606570261,0
2026-09-16 18:33:00,0.4817791138654315,0,0.3411189774725207,0
2026-09-16 18:34:00,3.520918819179969,1,0.3900824125784758,0
2026-09-16 18:35:00,1.245213709673732,0,0.34980803617451034,0
2026-09-16 18:36:00,1.902431942621434,0,0.340313862046884,0
2026-09-16 18:37:00,1.7640527553711203,0,0.3561313434521011,0
2026-09-16 18:38:00,0.8301424731158213,0,0.3476174281317038,0
2026-09-16 18:39:00,1.3445422218339282,0,0.3544724040557935,0
2026-09-16 18:40:00,1.8176421144993435,0,0.3545621346098129,0
2026-09-16 18:41:00,2.6979630376030888,0,0.34350939813282744,0
2026-09-16 18:42:00,1.501295722345477,0,0.3666167646860144,0
2026-09-16 18:43:00,1.9294970138531393,0,0.34871839214237205,0
2026-09-16 18:44:00,1.9245196897764676,0,0.37359417211663803,0
2026-09-16 18:45:00,3.6859618888290324,1,0.38829998187250536,0
2026-09-16 18:46:00,0.6723751751383789,0,0.3896090780088613,0
2026-09-16 18:47:00,2.9325685191194593,0,0.36068664887763174,0
2026-09-16 18:48:00,2.370542147183082,0,0.36441080197497205,0
2026-09-16 18:49:00,0.4692109630591135,0,0.32878978247115925,0
2026-09-16 18:50:00,4.946264835528892,1,0.3658033714000145,0
2026-09-16 18:51:00,1.4102988605508384,0,0.33318466675272457,0
2026-09-16 18:52:00,1.0142082240634214,0,0.3348925108955223,0
2026-09-16 18:53:00,2.214745448744274,0,0.34288445664937695,0
2026-09-16 18:54:00,2.1821756627333255,0,0.34726010269301133,0
2026-09-16 18:55:00,2.1821756627333255,0,0.3482719695181039,0
2026-09-16 18:56:00,2.119827786655229,0,0.36986565967034785,0
2026-09-16 18:57:00,2.3185616416541706,0,0.3361105018465463,0
2026-09-16 18:58:00,2.909567550311116,0,0.3477067574836928,0
2026-09-16 18:59:00,0.5497374705899086,0,0.33581109800213843,0
2026-09-16 19:00:00,3.5073519488051597,1,0.34695807688243824,0
2026-09-16 19:01:00,1.2379584430998736,0,0.3481680254320922,0
2026-09-16 19:02:00,2.9697098475794967,0,0.34284907771351314,0
2026-09-16 19:03:00,3.483698090429793,0,0.3780288891884588,0
2026-09-16 19:04:00,4.767165807956564,1,0.3882228732428098,0
2026-09-16 19:05:00,1.146634290955533,0,0.3362418461226327,0
2026-09-16 19:06:00,19.373794113896068,1,0.4190130701551608,0
2026-09-16 19:07:00,1.0791852150169723,0,0.3420170936166436,0
2026-09-16 19:08:00,18518518.5185185,1,0.3566477903767757,0
2026-09-16 19:09:00,19607843.1372549,1,0.405904626452047,0
2026-09-16 19:10:00,0.6252783412628274,0,0.33354048855868057,0
2026-09-16 19:11:00,15624999.999999998,1,0.3435531152861288,0
2026-09-16 19:12:00,1.9560232022182622,0,0.34973620496351804,0
2026-09-16 19:13:00,2.569488607199773,0,0.3417831873046787,0
2026-09-16 19:14:00,1.534327776007844,0,0.35955704793150617,0
2026-09-16 19:15:00,0.8898617102890859,0,0.359276462851528,0
2026-09-16 19:16:00,2.6979630375597616,0,0.3439075977047901,0
2026-09-16 19:17:00,1.6701675946798524,0,0.3382708258764569,0
2026-09-16 19:18:00,1.413218733959875,0,0.3406998175368953,0
2026-09-16 19:19:00,1.2847443035998865,0,0.33862868113169486,0
2026-09-16 19:20:00,16666666.666666599,1,0.37520226121190325,0
2026-09-16 19:21:00,16393442.622950798,1,0.3723862889902389,0
2026-09-16 19:22:00,1.0985318522600651,0,0.34628059228276603,0
2026-09-16 19:23:00,1.6701675946798524,0,0.33593668433012674,0
2026-09-16 19:24:00,1.0098718987613646,0,0.3520222163640982,0
2026-09-16 19:25:00,2.549645864032928,0,0.4013110623192251,0
2026-09-16 19:26:00,18867924.528301798,1,0.3664495333025611,0
2026-09-16 19:27:00,1.605930379499858,0,0.34785242889398205,0
2026-09-16 19:28:00,1.7168855693662382,0,0.3488094073405617,0
2026-09-16 19:29:00,18518518.5185185,1,0.3516990625115991,0
2026-09-16 19:30:00,0.8335526229402215,0,0.3493257311525041,0
2026-09-16 19:31:00,1.4716162023139183,0,0.346123703793599,0
2026-09-16 19:32:00,17241379.3103448,1,0.3362958261269482,0
2026-09-16 19:33:00,0.9456210737395788,0,0.359157938070565,0
2026-09-16 19:34:00,22727272.7272727,1,0.3459035603811095,0
2026-09-16 19:35:00,390243902.4390244,1,0.7322318112415495,1
2026-09-16 19:36:00,400000000.0,1,0.7468081195233748,1
2026-09-16 19:37:00,333333333.3333333,1,0.6644294819375555,1
2026-09-16 19:38:00,433333333.33333325,1,0.710725520358811,1
2026-09-16 19:39:00,372549019.60784304,1,0.7012714150705065,1
2026-09-16 19:40:00,378787878.78787875,1,0.6944038857539676,1
2026-09-16 19:41:00,360655737.70491797,1,0.7046845742589591,1
2026-09-16 19:42:00,367346938.7755102,1,0.6809145980513683,1
2026-09-16 19:43:00,48.31483209054319,1,0.7200539777903848,1
2026-09-16 19:44:00,44.73024749788627,1,0.6921393542921963,1
2026-09-16 19:45:00,22.387611999161425,1,0.7008667369398023,1
2026-09-16 19:46:00,22.219887615756374,1,0.6991411166056435,1
2026-09-16 19:47:00,1.876843852236454,0,0.3737421954303221,0
2026-09-16 19:48:00,2.4173293395595272,0,0.432920621238108,0
2026-09-16 19:49:00,1.4713286875782305,0,0.3895694295866929,0
2026-09-16 19:50:00,0.7446071025317968,0,0.35993942907126175,0
2026-09-16 19:51:00,0.5402229016886566,0,0.37185615855420434,0
2026-09-16 19:52:00,1.3454592870936717,0,0.37740274089266257,0
2026-09-16 19:53:00,1.032030624447186,0,0.3806245284670859,0
2026-09-16 19:54:00,2.722598230776219,0,0.4219591505863111,0
2026-09-16 19:55:00,1.605930379499858,0,0.3581624623447912,0
2026-09-16 19:56:00,0.8807030983641556,0,0.378077694551425,0
2026-09-16 19:57:00,2.5630648856653093,0,0.3837384897545007,0
2026-09-16 19:58:00,1.1013901233345285,0,0.3576671613996353,0
2026-09-16 19:59:00,2.1583704300339446,0,0.37925438602793904,0
2026-09-16 20:00:00,2.63051396160387,0,0.42450966428634496,0
2026-09-16 20:01:00,2.023472278156823,0,0.3363171310025011,0
2026-09-16 20:02:00,2.569488607199773,0,0.4225967768472832,0
2026-09-16 20:03:00,2.521100695137204,0,0.3939020694287369,0
2026-09-16 20:04:00,1.2903301484125622,0,0.35291313164724264,0
2026-09-16 20:05:00,0.6626379242771465,0,0.3406670649721773,0
2026-09-16 20:06:00,1.4139406826748262,0,0.37443549957783656,0
2026-09-16 20:07:00,0.8239808100989654,0,0.3358828031849276,0
2026-09-16 20:08:00,1.7595411114716757,0,0.3415142033348584,0
2026-09-16 20:09:00,1.7263505788630291,0,0.4259413428385637,0
2026-09-16 20:10:00,0.8103278227316186,0,0.35589112439505594,0
2026-09-16 20:11:00,0.8103278227316186,0,0.3653119034935678,0
2026-09-16 20:12:00,1.08641513961515,0,0.3598750695495494,0
2026-09-16 20:13:00,1.7515598247916329,0,0.47125797712503203,0
2026-09-16 20:14:00,1.1803588289513514,0,0.3677617272060966,0
2026-09-16 20:15:00,0.7961635567234632,0,0.34356026046688226,0
2026-09-16 20:16:00,1.1730274076477838,0,0.3397175394323568,0
2026-09-16 20:17:00,0.786075574486961,0,0.34536433136312306,0
2026-09-16 20:18:00,2.1114493337660107,0,0.3663058711657728,0
2026-09-16 20:19:00,1.0117361391011583,0,0.33548860759451066,0
2026-09-16 20:20:00,0.7869058859675676,0,0.38396673757654975,0
2026-09-16 20:21:00,1.4613966453683398,0,0.34197447767837175,0
2026-09-16 20:22:00,0.7017749190481231,0,0.3316724906350663,0
2026-09-16 20:23:00,1.5375606774511308,0,0.387898110530709,0
2026-09-16 20:24:00,2.869955282978774,0,0.4172290815515113,0
2026-09-16 20:25:00,1.8764242968315867,0,0.4146079552097609,0
2026-09-16 20:26:00,1.4527493279526873,0,0.3329306582373425,0
2026-09-16 20:27:00,1.927116455461726,0,0.3719003734564663,0
2026-09-16 20:28:00,0.6744907238186888,0,0.35219693338277896,0
2026-09-16 20:29:00,1.927116455461726,0,0.4213157391636457,0
2026-09-16 20:30:00,1.011736139117406,0,0.3312318007182652,0
2026-09-16 20:31:00,1.0599140505039493,0,0.3424019145036333,0
2026-09-16 20:32:00,0.8672024049577767,0,0.33910563561392904,0
2026-09-16 20:33:00,1.250447976359497,0,0.3548264901931852,0
2026-09-16 20:34:00,1.975294366848269,0,0.35917130143021686,0
2026-09-16 20:35:00,1.638048987142467,0,0.3579973573804676,0
2026-09-16 20:36:00,0.8672024049577767,0,0.34386540491262224,0
2026-09-16 20:37:00,1.3804007623671737,0,0.3619578053385207,0
2026-09-16 20:38:00,1.1562698732770356,0,0.33029143544440887,0
2026-09-16 20:39:00,1.4453373415962945,0,0.3557794872846989,0
2026-09-16 20:40:00,1.3489815188318737,0,0.3463678425961062,0
2026-09-16 20:41:00,1.4836470058166393,0,0.3995030960813371,0
2026-09-16 20:42:00,1.6829067520349095,0,0.38093899730029507,0
2026-09-16 20:43:00,1.9537256979222395,0,0.38088169121124654,0
2026-09-16 20:44:00,0.674490759419728,0,0.338587736126172,0
2026-09-16 20:45:00,0.758802104347194,0,0.3311238573644876,0
2026-09-16 20:46:00,1.2587240994229498,0,0.34704003403665384,0
2026-09-16 20:47:00,1.016661772610843,0,0.4021122246130605,0
2026-09-16 20:48:00,0.927424794202126,0,0.3331662137553751,0
2026-09-16 20:49:00,0.28040354037792437,0,0.33939187395742587,0
2026-09-16 20:50:00,1.251969826387625,0,0.3521988390774816,0
2026-09-16 20:51:00,1.7191736047497705,0,0.4042638618287103,0
2026-09-16 20:52:00,0.9274809153642788,0,0.37171191122224917,0
2026-09-16 20:53:00,2.4589028918959936,0,0.4051082313916003,0
2026-09-16 20:54:00,0.7576894180037083,0,0.34966406688698953,0
2026-09-16 20:55:00,1.1168768227657486,0,0.33960614396942024,0
2026-09-16 20:56:00,1.6226602727347117,0,0.3597767862466119,0
2026-09-16 20:57:00,0.8431134492746599,0,0.3399801538873271,0
2026-09-16 20:58:00,1.2646701739119899,0,0.38143864994524895,0
2026-09-16 20:59:00,0.7488780789014646,0,0.3646618353799551,0
2026-09-16 21:00:00,1.5122542328114486,0,0.4796179668582514,0
2026-09-16 21:01:00,1.099727371074792,0,0.3878460768093492,0
2026-09-16 21:02:00,0.8431134492746599,0,0.3395166063113978,0
2026-09-16 21:03:00,0.7607071731295197,0,0.34188925769031275,0
2026-09-16 21:04:00,1.3179581746899172,0,0.3562296792473392,0
2026-09-16 21:05:00,0.7566026382385258,0,0.3376097874847419,0
2026-09-16 21:06:00,0.758802104347194,0,0.37416515780357473,0
2026-09-16 21:07:00,1.180358828984524,0,0.40407012340217907,0
2026-09-16 21:08:00,0.7607071731295197,0,0.35205258132085065,0
2026-09-16 21:09:00,1.011736139129592,0,0.3618169378801255,0
2026-09-16 21:10:00,0.758802104347194,0,0.41672092929132937,0
2026-09-16 21:11:00,0.4270232875426323,0,0.34178068515354243,0
2026-09-16 21:12:00,0.7511594537907645,0,0.33041690748645036,0
2026-09-16 21:13:00,1.3733095780689744,0,0.35059401865550543,0
2026-09-16 21:14:00,1.5825320826983782,0,0.41882810344044324,0
2026-09-16 21:15:00,1.601915553621854,0,0.4380056305646985,0
2026-09-16 21:16:00,2.7394700182950134,0,0.511055711062099,0
2026-09-16 21:17:00,3.1523426798456504,0,0.47615323350056893,0
2026-09-16 21:18:00,0.5977180423215834,0,0.358285966935586,0
2026-09-16 21:19:00,0.969580466665859,0,0.3346937211567866,0
2026-09-16 21:20:00,1.4517762605712818,0,0.35558721832775786,0
2026-09-16 21:21:00,0.6866410877489298,0,0.34343486176495464,0
2026-09-16 21:22:00,0.885269121738393,0,0.33919144058635314,0
2026-09-16 21:23:00,1.1159452875724434,0,0.38337620143491197,0
2026-09-16 21:24:00,1.574353756197868,0,0.3750148527947594,0
2026-09-16 21:25:00,0.7429945171967496,0,0.33087426837869643,0
2026-09-16 21:26:00,0.6724153681269599,0,0.34345653203824694,0
2026-09-16 21:27:00,1.0628339239368323,0,0.35625949443151217,0
2026-09-16 21:28:00,0.8761230212649799,0,0.35170248863059655,0
2026-09-16 21:29:00,2.0856223220508676,0,0.39124542651656175,0
2026-09-16 21:30:00,1.2263468353117295,0,0.33945567643900343,0
2026-09-16 21:31:00,0.7511594537907645,0,0.34065714883125164,0
2026-09-16 21:32:00,1.3557077595424238,0,0.3779334892889874,0
2026-09-16 21:33:00,1.1562698732993182,0,0.4153396853753912,0
2026-09-16 21:34:00,0.7566026382385258,0,0.3421244403749513,0
2026-09-16 21:35:00,0.4715515833527847,0,0.34777616527788974,0
2026-09-16 21:36:00,0.8518342161211113,0,0.38914791012416877,0
2026-09-16 21:37:00,0.6166772657596364,0,0.3384044104108513,0
2026-09-16 21:38:00,0.9452456976501685,0,0.3672109004803259,0
2026-09-16 21:39:00,1.5533726580615241,0,0.34678466226818905,0
2026-09-16 21:40:00,0.7258098801145211,0,0.3979459544448701,0
2026-09-16 21:41:00,1.2333545315192729,0,0.34417020376341034,0
2026-09-16 21:42:00,1.0343710930350456,0,0.34538508636180765,0
2026-09-16 21:43:00,1.6293953432312793,0,0.37806150023942225,0
2026-09-16 21:44:00,1.348981518852093,0,0.34071041651412837,0
2026-09-16 21:45:00,1.0492078479960725,0,0.33700745574264696,0
2026-09-16 21:46:00,1.4239249365660984,0,0.34708805612075944,0
2026-09-16 21:47:00,1.196844846982521,0,0.35767031715213365,0
2026-09-16 21:48:00,0.5995473417120414,0,0.33869185407686775,0
2026-09-16 21:49:00,1.7937844236824443,0,0.4251485224717767,0
2026-09-16 21:50:00,1.1616229745670803,0,0.33844154787375547,0
2026-09-16 21:51:00,1.274038101138088,0,0.3395142272304656,0
2026-09-16 21:52:00,0.5588279624637099,0,0.35254005770650565,0
2026-09-16 21:53:00,1.5548944757577594,0,0.4389857095266393,0
2026-09-16 21:54:00,1.1241512657100776,0,0.3505041884195819,0
2026-09-16 21:55:00,4.58285675349944,1,0.4622708332599497,0
2026-09-16 21:56:00,0.45803585454810386,0,0.3423409789158558,0
2026-09-16 21:57:00,1.8004458161147658,0,0.3809338328962517,0
2026-09-16 21:58:00,0.6308697977132451,0,0.3463128077491923,0
2026-09-16 21:59:00,0.7980123260974238,0,0.3621760763766967,0
2026-09-16 22:00:00,1.8978709708913393,0,0.3919213838401565,0
2026-09-16 22:01:00,2.3981893668481655,0,0.3998003735499034,0
2026-09-16 22:02:00,0.14988683542801035,0,0.3687073619634407,0
2026-09-16 22:03:00,1.002494877831082,0,0.3478783482900346,0
2026-09-16 22:04:00,1.0492078479960725,0,0.3471093721213978,0
2026-09-16 22:05:00,1.4239249365660984,0,0.3576038224629319,0
2026-09-16 22:06:00,1.4988683542801036,0,0.3565875763461268,0
2026-09-16 22:07:00,0.9948306859003196,0,0.35308006027536576,0
2026-09-16 22:08:00,1.41315996647668,0,0.36939586215607095,0
2026-09-16 22:09:00,1.5863516342734885,0,0.3718435735958764,0
2026-09-16 22:10:00,1.348981518852093,0,0.3452700225798199,0
2026-09-16 22:11:00,1.5446055386347133,0,0.4255939218197449,0
2026-09-16 22:12:00,2.6679550212781393,0,0.39337313491592923,0
2026-09-16 22:13:00,0.5833433595047894,0,0.3385856665952826,0
2026-09-16 22:14:00,1.1241512657100776,0,0.34565069592829734,0
2026-09-16 22:15:00,0.36458959969049337,0,0.37637164795178063,0
2026-09-16 22:16:00,1.8708509263212894,0,0.4411589064291358,0
2026-09-16 22:17:00,5.930045801802381,1,0.44877381148977397,0
2026-09-16 22:18:00,0.7291791993809867,0,0.3408551062702402,0
2026-09-16 22:19:00,1.6267465464782886,0,0.35392272981523876,0
2026-09-16 22:20:00,0.7370592137437899,0,0.3407647369160625,0
2026-09-16 22:21:00,1.423403228168506,0,0.34943876491914605,0
2026-09-16 22:22:00,0.8020971193190854,0,0.34131197447634903,0
2026-09-16 22:23:00,1.8104751963612662,0,0.36399003328339485,0
2026-09-16 22:24:00,1.4522654994115098,0,0.35526766545324207,0
2026-09-16 22:25:00,1.9633147974737981,0,0.358052712474758,0
2026-09-16 22:26:00,0.8093889113173217,0,0.35158510675166205,0
2026-09-16 22:27:00,1.5388143007227078,0,0.3775975654028542,0
2026-09-16 22:28:00,1.1760351702880916,0,0.34328882537099026,0
2026-09-16 22:29:00,1.4728000139058581,0,0.42820008666251974,0
2026-09-16 22:30:00,0.6070416834879913,0,0.33785038274001034,0
2026-09-16 22:31:00,0.7756643733457667,0,0.37590908912187226,0
2026-09-16 22:32:00,1.036226530890585,0,0.3543348694260573,0
2026-09-16 22:33:00,0.8643418056643243,0,0.3729517734986336,0
2026-09-16 22:34:00,2.731858614876914,0,0.40748613313615656,0
2026-09-16 22:35:00,1.393191454850819,0,0.38104407216998354,0
2026-09-16 22:36:00,1.0947812197377407,0,0.3432912648182389,0
2026-09-16 22:37:00,0.5395926075448811,0,0.3473804372860966,0
2026-09-16 22:38:00,1.1907669568340054,0,0.34599254760998505,0
2026-09-16 22:39:00,0.6897212700271499,0,0.35709904495087497,0
2026-09-16 22:40:00,0.5395926075448811,0,0.34087038755810983,0
2026-09-16 22:41:00,1.5003628533179414,0,0.3902268987891113,0
2026-09-16 22:42:00,1.9585651860701208,0,0.4172078299444813,0
2026-09-16 22:43:00,1.416430594805313,0,0.3725086577714312,0
2026-09-16 22:44:00,0.5395926075448811,0,0.3542214503292694,0
2026-09-16 22:45:00,1.1466342910328724,0,0.3396244524881913,0
2026-09-16 22:46:00,1.9570224796236924,0,0.3871160673613377,0
2026-09-16 22:47:00,0.4741261802938093,0,0.3954845995122349,0
2026-09-16 22:48:00,1.4132503669486354,0,0.359977212525897,0
2026-09-16 22:49:00,0.910562525231987,0,0.35837101622541057,0
2026-09-16 22:50:00,0.8768379872604318,0,0.3442762761437247,0
2026-09-16 22:51:00,1.2592558571794403,0,0.3495227860769559,0
2026-09-16 22:52:00,1.6606865931728636,0,0.36739008742415635,0
2026-09-16 22:53:00,1.2531751783733744,0,0.36114045231685615,0
2026-09-16 22:54:00,0.8485671267840745,0,0.36951205207708493,0
2026-09-16 22:55:00,0.7854618605478506,0,0.3533264805442401,0
2026-09-16 22:56:00,2.777314629704235,0,0.36412809596595735,0
2026-09-16 22:57:00,0.5690686057363168,0,0.3441887022891434,0
2026-09-16 22:58:00,2.0136825498254365,0,0.4267518903381092,0
2026-09-16 22:59:00,1.2815324429190929,0,0.3592397920643385,0
2026-09-16 23:00:00,1.5417787722273713,0,0.44324723802880284,0
2026-09-16 23:01:00,1.5365294915433632,0,0.37228131960898764,0
2026-09-16 23:02:00,3.1925892890770653,0,0.3597095078377426,0
2026-09-16 23:03:00,3.1925892890770653,0,0.3613036535933366,0
2026-09-16 23:04:00,1.1238932163811475,0,0.34863436962769206,0
2026-09-16 23:05:00,3.1112081478852565,0,0.3583386545362431,0
2026-09-16 23:06:00,0.6744907594311015,0,0.34954667278535384,0
2026-09-16 23:07:00,1.1466342910328724,0,0.3481467329228729,0
2026-09-16 23:08:00,1.0117361391466522,0,0.3412550896103304,0
2026-09-16 23:09:00,0.8768379872604318,0,0.3470635605422967,0
2026-09-16 23:10:00,0.8768379872604318,0,0.3427499338558477,0
2026-09-16 23:11:00,4.914146454775312,1,0.46127513517767704,0
2026-09-16 23:12:00,1.9597218323820673,0,0.38718645324476,0
2026-09-16 23:13:00,0.8834690616138136,0,0.34642536868376833,0
2026-09-16 23:14:00,1.1956063976651499,0,0.3549670863118455,0
2026-09-16 23:15:00,4.035013313043611,1,0.45290507442420397,0
2026-09-16 23:16:00,0.5395926075448811,0,0.3366440747552359,0
2026-09-16 23:17:00,2.177832495378017,0,0.41515992350728526,0
2026-09-16 23:18:00,9.836322414661195,1,0.4263889333327246,0
2026-09-16 23:19:00,2.008238986537325,0,0.38447852372280006,0
2026-09-16 23:20:00,0.5019466116720189,0,0.3381359358225273,0
2026-09-16 23:21:00,2.405104274881422,0,0.4066305658645916,0
2026-09-16 23:22:00,0.8156632439670307,0,0.3426707399931878,0
2026-09-16 23:23:00,0.27592803795077886,0,0.3690020026627199,0
2026-09-16 23:24:00,5.228964013309679,1,0.36334888793145215,0
2026-09-16 23:25:00,1.9612113732600032,0,0.41249536865154723,0
2026-09-16 23:26:00,0.6438320885518174,0,0.33940742879500235,0
2026-09-16 23:27:00,0.2969135620304731,0,0.3763438101140787,0
2026-09-16 23:28:00,1.436028507672582,0,0.35179830767100173,0
2026-09-16 23:29:00,1.3160795305994362,0,0.3522464104683786,0
2026-09-16 23:30:00,38461538.4615384,1,0.38819969689841294,0
2026-09-16 23:31:00,1.4413792768563107,0,0.3615007576338563,0
2026-09-16 23:32:00,0.46062783570980265,0,0.33808655672030047,0
2026-09-16 23:33:00,0.8467275558541069,0,0.34181730665386956,0
2026-09-16 23:34:00,23809523.8095238,1,0.3603624464862382,0
2026-09-16 23:35:00,1.3364227855364414,0,0.39197914128671596,0
2026-09-16 23:36:00,0.02441181281777859,0,0.35318845678501004,0
2026-09-16 23:37:00,1.0002263508865867,0,0.3509776908091974,0
2026-09-16 23:38:00,0.8465034491174441,0,0.3698121691513,0
2026-09-16 23:39:00,1.2140833669759825,0,0.3868733068658688,0
2026-09-16 23:40:00,0.34936361615603523,0,0.3696943586443359,0
2026-09-16 23:41:00,38461538.4615384,1,0.4112188574296241,0
2026-09-16 23:42:00,1.3402806529592846,0,0.35883931829420285,0
2026-09-16 23:43:00,0.9972887193861325,0,0.3551205861827452,0
2026-09-16 23:44:00,50000000.0,1,0.39192033082686234,0
2026-09-16 23:45:00,83333333.3333333,1,0.4818433605107738,0
2026-09-16 23:46:00,1.3038274980495932,0,0.347423345180162,0
2026-09-16 23:47:00,30303030.303030297,1,0.36604293969339885,0
2026-09-16 23:48:00,1.2446152718926473,0,0.36011349173535273,0
2026-09-16 23:49:00,1.115939449498348,0,0.4451063563516584,0
2026-09-16 23:50:00,0.345088295524513,0,0.4144208701166659,0
2026-09-16 23:51:00,1.7857897670538214,0,0.3731794787011332,0
2026-09-16 23:52:00,0.5331913916363078,0,0.3494559090956155,0
2026-09-16 23:53:00,1.3272411255222378,0,0.4046262637189475,0
2026-09-16 23:54:00,0.6588049278195248,0,0.3442653978641966,0
2026-09-16 23:55:00,0.5682620678755824,0,0.3629725565443027,0
2026-09-16 23:56:00,0.846402535643915,0,0.35259978510883755,0
2026-09-16 23:57:00,0.5242435033132905,0,0.3445998909843092,0
2026-09-16 23:58:00,0.5646899381310213,0,0.33728942301294196,0
2026-09-16 23:59:00,0.3211860759206037,0,0.34530488505031204,0
