minute,observed,trend,seasonal,resid
2026-09-14 00:00:00,13.0,50.077459328978044,-36.3829954295321,-0.6944638994459424
2026-09-14 00:01:00,21.0,50.08950305529086,-28.65972420908997,-0.4297788462008896
2026-09-14 00:02:00,30.0,50.101546438775316,-19.672656171987917,-0.4288902667873984
2026-09-14 00:03:00,31.0,50.113589478881956,-18.685587802722072,-0.42800167615988727
2026-09-14 00:04:00,21.0,50.125632175056815,-28.698519100656792,-0.4271130744000189
2026-09-14 00:05:00,26.0,50.13767452674386,-23.71145006514971,-0.4262244615941526
2026-09-14 00:06:00,15.0,50.149716533397374,-35.21442032246271,0.0647037890653337
2026-09-14 00:07:00,23.0,50.16175819446585,-26.737310991274487,-0.4244472031913631
2026-09-14 00:08:00,20.0,50.17379950939933,-29.784434658376252,-0.3893648510230747
2026-09-14 00:09:00,25.0,50.1858404776461,-24.76317057597844,-0.4226699016676676
2026-09-14 00:10:00,18.0,50.197881098659614,-31.608496588401323,-0.5893845102582915
2026-09-14 00:11:00,14.0,50.20992137189113,-35.78902881411926,-0.4208925577718645
2026-09-14 00:12:00,27.0,50.22196129679379,-22.801957426618003,-0.42000387017579044
2026-09-14 00:13:00,16.0,50.23400087282353,-33.81488570054156,-0.4191151722819697
2026-09-14 00:14:00,19.0,50.246040099436,-31.028384149534105,-0.2176559499018964
2026-09-14 00:15:00,35.0,50.25807897608946,-14.840741230086053,-0.4173377460034047
2026-09-14 00:16:00,23.0,50.27011750223829,-26.600595011405467,-0.6695224908328257
2026-09-14 00:17:00,32.0,50.28215567734125,-17.8665953975703,-0.41556027977095056
2026-09-14 00:18:00,22.0,50.294193500860004,-27.879521968919452,-0.41467153194055584
2026-09-14 00:19:00,19.0,50.30623097225637,-30.892448197808278,-0.4137827744480944
2026-09-14 00:20:00,18.0,50.318268090988376,-31.905374083582636,-0.41289400740573967
2026-09-14 00:21:00,25.0,50.33030485652131,-25.12535611368004,-0.20494874284126752
2026-09-14 00:22:00,23.0,50.34234126832014,-26.931224823193755,-0.4111164451263818
2026-09-14 00:23:00,16.0,50.35437732584595,-33.944149675722514,-0.41022765012343854
2026-09-14 00:24:00,24.0,50.366413028563706,-26.455926757773753,0.08951372921004719
2026-09-14 00:25:00,16.0,50.378448375942504,-33.96999834295943,-0.40845003298307603
2026-09-14 00:26:00,22.0,50.39048336744513,-27.65342976746953,-0.7370535999755958
2026-09-14 00:27:00,23.0,50.40251800253478,-26.995845622058233,-0.4066723804765431
2026-09-14 00:28:00,17.0,50.4145522806793,-33.00876873940739,-0.40578354127191574
2026-09-14 00:29:00,23.0,50.42658620135219,-27.388862372491953,-0.03772382886022996
2026-09-14 00:30:00,25.0,50.43861976401977,-24.700589148526475,-0.7380306154932939
2026-09-14 00:31:00,20.0,50.45065296815204,-29.947088050767203,-0.5035649173848356
2026-09-14 00:32:00,21.0,50.46268581321671,-29.021994526104248,-0.44069128711245753
2026-09-14 00:33:00,12.0,50.47471829869193,-38.07337907782772,-0.4013392208642159
2026-09-14 00:34:00,21.0,50.4867504240491,-29.086300091217637,-0.40045033283146125
2026-09-14 00:35:00,19.0,50.49878218876307,-31.099220751632522,-0.3995614371305507
2026-09-14 00:36:00,27.0,50.51081359230822,-23.11214105840827,-0.3986725338999477
2026-09-14 00:37:00,31.0,50.52284463416412,-19.125061010884938,-0.3977836232791887
2026-09-14 00:38:00,28.0,50.53487531380675,-21.916689497461373,-0.618185816345374
2026-09-14 00:39:00,18.0,50.546905630714065,-32.150899850281306,-0.396005780432759
2026-09-14 00:40:00,29.0,50.55893558436664,-21.163818735873654,-0.39511684849298234
2026-09-14 00:41:00,19.0,50.57096517424642,-31.176737264511047,-0.3942279097353705
2026-09-14 00:42:00,18.0,50.58299439983497,-32.18965543552926,-0.3933389643057126
2026-09-14 00:43:00,22.0,50.59502326061653,-28.202573248264965,-0.39245001235155996
2026-09-14 00:44:00,20.0,50.607051756069396,-30.21549070204649,-0.3915610540229011
2026-09-14 00:45:00,24.0,50.61907988568481,-26.735254211768275,0.1161743260834669
2026-09-14 00:46:00,17.0,50.63110764894279,-33.2413245301027,-0.38978311884008576
2026-09-14 00:47:00,19.0,50.64313504533208,-31.84241543097385,0.19928038564177086
2026-09-14 00:48:00,19.0,50.655162074333624,-31.26715691436025,-0.3880051599733747
2026-09-14 00:49:00,28.0,50.66718873543295,-22.280072563387492,-0.38711617204545945
2026-09-14 00:50:00,24.0,50.679215028111344,-26.880184521110266,0.2009694929989223
2026-09-14 00:51:00,20.0,50.691240951857885,-30.305902771874774,-0.3853381799831155
2026-09-14 00:52:00,25.0,50.703266506154165,-25.3188173299882,-0.3844491761659654
2026-09-14 00:53:00,34.0,50.715291690481536,-16.331731523109738,-0.38356016737179743
2026-09-14 00:54:00,29.0,50.72731650432701,-21.344645350564146,-0.3826711537628569
2026-09-14 00:55:00,14.0,50.73934094717646,-36.867311267679675,0.12797032050321633
2026-09-14 00:56:00,18.0,50.75136501851612,-32.37047190576579,-0.38089311275032856
2026-09-14 00:57:00,22.0,50.76338871783104,-28.383384632155018,-0.3800040856760276
2026-09-14 00:58:00,28.0,50.77541204460445,-22.396296990158937,-0.3791150544455135
2026-09-14 00:59:00,23.0,50.78743499832675,-27.409208979101912,-0.3782260192248401
2026-09-14 01:00:00,17.0,50.79945757848221,-33.42212059829937,-0.37733698018283945
2026-09-14 01:01:00,21.0,50.81147978456042,-29.43503184707162,-0.37644793748879835
2026-09-14 01:02:00,23.0,50.82350161605026,-27.447942724736606,-0.37555889131365205
2026-09-14 01:03:00,21.0,50.83552307244027,-29.460853230612045,-0.37466984182822216
2026-09-14 01:04:00,26.0,50.84754415322165,-24.473763364016108,-0.37378078920554003
2026-09-14 01:05:00,19.0,50.85956485788525,-31.48667312426639,-0.3728917336188644
2026-09-14 01:06:00,28.0,50.87158518592198,-22.49958251068035,-0.37200267524162456
2026-09-14 01:07:00,21.0,50.88360513682644,-29.512491522575456,-0.3711136142509801
2026-09-14 01:08:00,24.0,50.89562471008875,-26.525400159267537,-0.37022455082121297
2026-09-14 01:09:00,31.0,50.907643905206506,-19.53830842007636,-0.3693354851301436
2026-09-14 01:10:00,18.0,50.919662721673376,-32.55121630431706,-0.3684464173563171
2026-09-14 01:11:00,24.0,50.93168115898185,-26.564123811304423,-0.3675573476774261
2026-09-14 01:12:00,27.0,50.94369921663122,-23.57703094035756,-0.36666827627365706
2026-09-14 01:13:00,19.0,50.955716894119085,-31.58993769079311,-0.36577920332597813
2026-09-14 01:14:00,26.0,50.96773419093986,-24.60284406192377,-0.3648901290160893
2026-09-14 01:15:00,19.0,50.979751106593525,-31.868409009626053,-0.11134209696747632
2026-09-14 01:16:00,26.0,50.991767640578786,-24.628655663541544,-0.3631119770372422
2026-09-14 01:17:00,18.0,51.00378379239506,-32.64156089265932,-0.36222289973574107
2026-09-14 01:18:00,22.0,51.01579956154074,-28.654465739733563,-0.3613338218071718
2026-09-14 01:19:00,29.0,51.02781494751349,-21.66737020407646,-0.3604447434370286
2026-09-14 01:20:00,26.0,51.03982994981614,-25.252662162867992,0.21283221305185407
2026-09-14 01:21:00,29.0,51.051844567949544,-21.693177981830356,-0.35866658611918467
2026-09-14 01:22:00,22.0,51.06385880141513,-28.706081293867047,-0.3577775075480858
2026-09-14 01:23:00,46.0,51.07587264970709,-4.718984220419809,-0.3568884292872738
2026-09-14 01:24:00,22.0,51.0878861123309,-28.731886760803924,-0.35599935152697526
2026-09-14 01:25:00,22.0,51.09989918878703,-28.819487209367008,-0.28041197942001617
2026-09-14 01:26:00,18.0,51.111911878576976,-32.757690680304606,-0.35422119827237
2026-09-14 01:27:00,25.0,51.12392418120357,-25.77059205804275,-0.3533321231608184
2026-09-14 01:28:00,23.0,51.135936096166965,-27.783493046849763,-0.35244304931720194
2026-09-14 01:29:00,31.0,51.147947622972744,-19.906560991977727,-0.24138663099501656
2026-09-14 01:30:00,25.0,51.159958761124344,-25.80929385491805,-0.35066490620629054
2026-09-14 01:31:00,19.0,51.17196951012553,-31.8221936727975,-0.34977583732803197
2026-09-14 01:32:00,26.0,51.183979869479856,-24.835093098983382,-0.34888677049647754
2026-09-14 01:33:00,20.0,51.19598983869406,-30.84799213278727,-0.347997705906792
2026-09-14 01:34:00,21.0,51.20799941727338,-29.86089077351708,-0.34710864375629313
2026-09-14 01:35:00,17.0,51.220008604720704,-33.87378902047741,-0.34621958424329335
2026-09-14 01:36:00,25.0,51.23201740054919,-26.40362759062797,0.17161019007878053
2026-09-14 01:37:00,23.0,51.24402580426337,-27.57341070979845,-0.670615094464921
2026-09-14 01:38:00,18.0,51.2560338153666,-32.91248139185552,-0.3435524235110776
2026-09-14 01:39:00,24.0,51.26804143336881,-27.482145105157535,0.21410367178872747
2026-09-14 01:40:00,22.0,51.2800486577774,-28.93827432458379,-0.3417743331936123
2026-09-14 01:41:00,17.0,51.292055488102456,-34.46808188564419,0.1760263975417331
2026-09-14 01:42:00,22.0,51.30406192384691,-28.96406566562248,-0.33999625822442425
2026-09-14 01:43:00,30.0,51.31606796452087,-20.97696073751914,-0.33910722700173324
2026-09-14 01:44:00,20.0,51.32807360962562,-30.989855409399436,-0.33821820022618
2026-09-14 01:45:00,23.0,51.3400788586731,-28.002749680572922,-0.3373291781001839
2026-09-14 01:46:00,21.0,51.35208371116881,-30.01564355033874,-0.33644016083007244
2026-09-14 01:47:00,22.0,51.36408816662018,-29.028537018000975,-0.3355511486192029
2026-09-14 01:48:00,28.0,51.37609222453651,-23.041430082862757,-0.3346621416737463
2026-09-14 01:49:00,33.0,51.388095884425866,-18.054322744226074,-0.33377314019979565
2026-09-14 01:50:00,38.0,51.40009914579943,-13.06721500139728,-0.33288414440215064
2026-09-14 01:51:00,25.0,51.41210200816531,-26.08010685367609,-0.3319951544892277
2026-09-14 01:52:00,30.0,51.42410447103584,-21.223111314075528,-0.2009931569603154
2026-09-14 01:53:00,20.0,51.436106533920345,-31.105889340779722,-0.33021719314061926
2026-09-14 01:54:00,18.0,51.44810819633111,-33.11877997421106,-0.3293282221200542
2026-09-14 01:55:00,28.0,51.46010945777868,-23.13167019996401,-0.3284392578146722
2026-09-14 01:56:00,32.0,51.472110317776064,-19.14456001734469,-0.32755030043137623
2026-09-14 01:57:00,29.0,51.484110775833635,-22.157449425654026,-0.32666135017961295
2026-09-14 01:58:00,21.0,51.49611083146688,-30.170338424197965,-0.3257724072689143
2026-09-14 01:59:00,18.0,51.50811048418795,-33.18322701227906,-0.32488347190889044
2026-09-14 02:00:00,26.0,51.52010973351051,-25.19611518920209,-0.32399454430841956
2026-09-14 02:01:00,21.0,51.53210857894855,-30.209002954270254,-0.3231056246782984
2026-09-14 02:02:00,25.0,51.544107020016334,-26.221890306788122,-0.3222167132282081
2026-09-14 02:03:00,29.0,51.5561050562314,-22.234777246062848,-0.3213278101685546
2026-09-14 02:04:00,19.0,51.56810268710765,-32.247663771397804,-0.3204389157098433
2026-09-14 02:05:00,18.0,51.58009991216101,-33.260549882098445,-0.3195500300625653
2026-09-14 02:06:00,18.0,51.59209673090801,-33.273435577470295,-0.3186611534377164
2026-09-14 02:07:00,25.0,51.60409314286582,-26.28632085681971,-0.3177722860461074
2026-09-14 02:08:00,20.0,51.616089147551584,-31.299205719452807,-0.3168834280987767
2026-09-14 02:09:00,25.0,51.62808474448353,-26.312090164676807,-0.31599457980672696
2026-09-14 02:10:00,23.0,51.64007993317928,-28.32497419179798,-0.3151057413813021
2026-09-14 02:11:00,35.0,51.652074713157454,-16.33785780012359,-0.31421691303386723
2026-09-14 02:12:00,24.0,51.66406908393756,-27.35074098896181,-0.313328094975752
2026-09-14 02:13:00,18.0,51.67606304503764,-33.36362375761929,-0.3124392874183499
2026-09-14 02:14:00,19.0,51.68805659597901,-32.37650610540559,-0.3115504905734241
2026-09-14 02:15:00,20.0,51.700049736282175,-31.389388031630084,-0.310661704652091
2026-09-14 02:16:00,17.0,51.71204246546483,-34.40226953559898,-0.3097729298658507
2026-09-14 02:17:00,26.0,51.724034783049895,-25.41515061662331,-0.3088841664265871
2026-09-14 02:18:00,25.0,51.73602668856,-26.428031274014632,-0.30799541454537405
2026-09-14 02:19:00,26.0,51.74801818151054,-25.440911507077104,-0.30710667443343453
2026-09-14 02:20:00,33.0,51.76000926142675,-18.961565297731486,0.20155603630472996
2026-09-14 02:21:00,39.0,51.77199992782913,-12.165305055468757,-0.6066948723603716
2026-09-14 02:22:00,25.0,51.78399018023679,-26.479549653405616,-0.30444052683117917
2026-09-14 02:23:00,40.0,51.795980018166865,-11.492428182253617,-0.30355183591324675
2026-09-14 02:24:00,26.0,51.807969441147634,-25.505306283322412,-0.30266315782522213
2026-09-14 02:25:00,24.0,51.81995844869538,-27.51818395591756,-0.30177449277781676
2026-09-14 02:26:00,30.0,51.83194704033618,-21.531061199351818,-0.300885840984364
2026-09-14 02:27:00,32.0,51.84393521558913,-19.1414549333071,-0.7024802822820249
2026-09-14 02:28:00,34.0,51.8559229739784,-17.556814395972225,-0.29910857800617663
2026-09-14 02:29:00,4.0,51.86791031502903,-47.56969034778267,-0.2982199672463608
2026-09-14 02:30:00,2.0,51.87989723826759,-49.175960065797625,-0.7039371724699635
2026-09-14 02:31:00,5.0,51.89188374321563,-46.59544095496911,-0.29644278824651593
2026-09-14 02:32:00,3.0,51.9038698294003,-48.60831560896948,-0.295554220430823
2026-09-14 02:33:00,4.0,51.915855496355036,-47.621189829000095,-0.29466566735494126
2026-09-14 02:34:00,2.0,51.927840743602864,-49.634063614372394,-0.2937771292304703
2026-09-14 02:35:00,2.0,51.9398255706702,-49.646936964400375,-0.2928886062698268
2026-09-14 02:36:00,5.0,51.95180997708999,-47.158818210417984,0.207008233327997
2026-09-14 02:37:00,2.0,51.96379396238726,-49.672682355701426,-0.29111160668583125
2026-09-14 02:38:00,4.0,51.97577752608979,-48.1085740871861,0.13279656109630622
2026-09-14 02:39:00,2.0,51.98776066772623,-49.89412804238777,-0.09363262533845784
2026-09-14 02:40:00,5.0,51.999743386821955,-46.308209825504605,-0.6915335613173497
2026-09-14 02:41:00,4.0,52.01172568290139,-47.7241678841076,-0.2875577987937916
2026-09-14 02:42:00,3.0,52.02370755549135,-48.333713216249365,-0.6899943392419843
2026-09-14 02:43:00,1.0,52.03568900412389,-50.749908010248035,-0.28578099387585354
2026-09-14 02:44:00,6.0,52.047670028323544,-45.35922272166101,-0.6884473066625318
2026-09-14 02:45:00,4.0,52.05965062761932,-47.775646370379896,-0.2840042572394239
2026-09-14 02:46:00,4.0,52.07163080154632,-48.28047960243218,0.20884880088586044
2026-09-14 02:47:00,5.0,52.08361054963507,-46.372735895529445,-0.7108746541056234
2026-09-14 02:48:00,6.0,52.095589871415626,-45.81425058738315,-0.28133928403247666
2026-09-14 02:49:00,4.0,52.107568766413735,-47.827117770799845,-0.2804509956138901
2026-09-14 02:50:00,20.0,52.11954723417177,-32.328795850205374,0.20924861603360512
2026-09-14 02:51:00,26.0,52.13152527421597,-25.852850800190794,-0.2786744740251734
2026-09-14 02:52:00,32.0,52.143502886078934,-19.865716644798688,-0.2777862412802463
2026-09-14 02:53:00,35.0,52.15548006929036,-16.739667815003283,-0.4158122542870757
2026-09-14 02:54:00,32.0,52.16745682338328,-19.891446990435327,-0.2760098329479561
2026-09-14 02:55:00,30.0,52.17943314788778,-21.904311490104824,-0.27512165778295383
2026-09-14 02:56:00,34.0,52.191409042336915,-17.917175540101262,-0.2742335022356528
2026-09-14 02:57:00,25.0,52.20338450626328,-26.93003913974798,-0.27334536651530783
2026-09-14 02:58:00,29.0,52.21535953919826,-22.942902288365,-0.27245725083325567
2026-09-14 02:59:00,40.0,52.22733414067432,-11.955764985275572,-0.27156915539875115
2026-09-14 03:00:00,34.0,52.239308310223784,-17.968627229802163,-0.27068108042161754
2026-09-14 03:01:00,32.0,52.25128204738049,-19.981489021269685,-0.26979302611081124
2026-09-14 03:02:00,36.0,52.263255351676605,-15.994350359002429,-0.2689049926741802
2026-09-14 03:03:00,34.0,52.27522822264472,-18.00721124232496,-0.2680169803197643
2026-09-14 03:04:00,26.0,52.28720065981894,-26.020071670563528,-0.2671289892554185
2026-09-14 03:05:00,25.0,52.29917266273008,-26.90000120935407,-0.399171453376006
2026-09-14 03:06:00,33.0,52.31114423091409,-19.045791159093987,-0.26535307182010115
2026-09-14 03:07:00,50.0,52.32311536390299,-2.0586502180418025,-0.2644651458611875
2026-09-14 03:08:00,40.0,52.33508606123218,-12.071508819214046,-0.2635772420181368
2026-09-14 03:09:00,29.0,52.34705632243456,-23.08436696194092,-0.26268936049364555
2026-09-14 03:10:00,32.0,52.35902614704482,-20.09722464555158,-0.2618015014932453
2026-09-14 03:11:00,29.0,52.370995534596226,-23.110081869375897,-0.260913665220329
2026-09-14 03:12:00,44.0,52.382964484623784,-8.122938632744722,-0.2600258518790639
2026-09-14 03:13:00,36.0,52.39493299666135,-16.135794934990525,-0.259138061670825
2026-09-14 03:14:00,44.0,52.40690107024356,-8.14865077544542,-0.2582502947981453
2026-09-14 03:15:00,29.0,52.418868704901236,-23.161506153439532,-0.2573625514617035
2026-09-14 03:16:00,33.0,52.43083590016952,-19.174361068307515,-0.2564748318620005
2026-09-14 03:17:00,42.0,52.44280265558169,-10.1872155193832,-0.2555871361984856
2026-09-14 03:18:00,41.0,52.45476897067083,-11.200069506000679,-0.25469946467014637
2026-09-14 03:19:00,39.0,52.46673484496959,-13.212923027494641,-0.2538118174749471
2026-09-14 03:20:00,41.0,52.47870027800957,-11.225776083199323,-0.2529241948102481
2026-09-14 03:21:00,36.0,52.490665269321234,-16.2386286724489,-0.2520365968723368
2026-09-14 03:22:00,41.0,52.5026298184373,-11.2514807945802,-0.2511490238570957
2026-09-14 03:23:00,45.0,52.51459392488869,-7.264332448929572,-0.25026147595912107
2026-09-14 03:24:00,31.0,52.52655758820712,-21.277183634834376,-0.24937395337274637
2026-09-14 03:25:00,39.0,52.53852080792388,-13.290034351632384,-0.24848645629149502
2026-09-14 03:26:00,43.0,52.550483583571136,-9.302884598663592,-0.2475989849075404
2026-09-14 03:27:00,32.0,52.56244591467846,-20.31573437526623,-0.24671153941223167
2026-09-14 03:28:00,44.0,52.57440780077839,-8.32858368078152,-0.24582411999686826
2026-09-14 03:29:00,46.0,52.58636924140291,-6.341432514551985,-0.2449367268509306
2026-09-14 03:30:00,39.0,52.59833023608284,-13.354280875919098,-0.24404936016373568
2026-09-14 03:31:00,40.0,52.61029078434797,-12.367128764224415,-0.24316202012354893
2026-09-14 03:32:00,38.0,52.62225088572854,-14.719638344027825,0.09738745829928774
2026-09-14 03:33:00,34.0,52.6342105397597,-18.729884058374726,0.0956735186150226
2026-09-14 03:34:00,42.0,52.64616974596971,-10.129203149504265,-0.5169665964654442
2026-09-14 03:35:00,32.0,52.65812850388444,-20.356114006866537,-0.3020144970179075
2026-09-14 03:36:00,50.0,52.67008681303428,-2.4313610868752105,-0.23872572615906762
2026-09-14 03:37:00,48.0,52.68204467295284,-4.444206123039069,-0.23783854991377495
2026-09-14 03:38:00,35.0,52.69400208316628,-17.457050681551998,-0.2369514016142844
2026-09-14 03:39:00,42.0,52.70595904320431,-10.469894761760587,-0.23606428144372416
2026-09-14 03:40:00,35.0,52.71791555259689,-17.491498260783786,-0.22641729181310666
2026-09-14 03:41:00,46.0,52.72987161087234,-6.495581484655199,-0.23429012621713952
2026-09-14 03:42:00,43.0,52.74182721756083,-9.5084241260385,-0.23340309152233374
2026-09-14 03:43:00,49.0,52.753782372190315,-3.5212662865114948,-0.23251608567881732
2026-09-14 03:44:00,43.0,52.76573707428963,-9.534107965424669,-0.2316291088649649
2026-09-14 03:45:00,45.0,52.7776913233864,-7.54694916212915,-0.2307421612572469
2026-09-14 03:46:00,44.0,52.78964511901025,-8.559789875978442,-0.22985524303181393
2026-09-14 03:47:00,47.0,52.80159846068919,-5.258184622178274,-0.5434138385109151
2026-09-14 03:48:00,48.0,52.81355134795071,-4.310362660034326,-0.5031886879163778
2026-09-14 03:49:00,56.0,52.82550378032376,3.401690886077257,-0.2271946664010116
2026-09-14 03:50:00,33.0,52.83745575733862,-19.611147889888596,-0.22630786745001785
2026-09-14 03:51:00,49.0,52.84940727852411,-3.623986179772543,-0.22542109875156768
2026-09-14 03:52:00,43.0,52.86135834341251,-9.637316011080927,-0.22404233233158521
2026-09-14 03:53:00,39.0,52.87330895152963,-13.17607398254622,-0.697234968983409
2026-09-14 03:54:00,45.0,52.88525910240587,-7.662498126529323,-0.22276097587654675
2026-09-14 03:55:00,47.0,52.89720879557164,-5.675334465681634,-0.22187432989000655
2026-09-14 03:56:00,37.0,52.909158030558515,-15.688170315553123,-0.22098771500539272
2026-09-14 03:57:00,55.0,52.921106806895004,2.29899432449253,-0.22010113138753695
2026-09-14 03:58:00,57.0,52.93305512411099,4.286159455092013,-0.2192145792030047
2026-09-14 03:59:00,50.0,52.94500298173733,-2.7266749231208007,-0.21832805861652815
2026-09-14 04:00:00,42.0,52.95695037930291,-10.739508809511863,-0.217441569791049
2026-09-14 04:01:00,44.0,52.968897316335465,-8.7523422034447,-0.21655511289076657
2026-09-14 04:02:00,47.0,52.98084379236514,-6.15150797130938,0.1706641789442358
2026-09-14 04:03:00,59.0,52.99278980692099,6.221992488584518,-0.21478229550550765
2026-09-14 04:04:00,49.0,53.00473535953011,-3.7908394241897487,-0.21389593534036067
2026-09-14 04:05:00,54.0,53.016680449716944,1.196329158022431,-0.21300960773937305
2026-09-14 04:06:00,32.0,53.02862507701046,-20.81650176415077,-0.21212331285968844
2026-09-14 04:07:00,35.0,53.040569240935504,-17.82933219007918,-0.21123705085631883
2026-09-14 04:08:00,50.0,53.05251294101752,-2.8421621191323747,-0.2103508218851431
2026-09-14 04:09:00,49.0,53.06445617678224,-3.8549915506833865,-0.20946462609884975
2026-09-14 04:10:00,41.0,53.07639894775696,-11.867820484104966,-0.20857846365198895
2026-09-14 04:11:00,46.0,53.08834125346316,-6.370509960678573,-0.717831292784588
2026-09-14 04:12:00,52.0,53.10028309342705,-0.8934768540527653,-0.20680623937428777
2026-09-14 04:13:00,50.0,53.112224467173284,-2.906304289330149,-0.205920177843133
2026-09-14 04:14:00,43.0,53.12416537423105,-9.919131223980317,-0.20503415025073224
2026-09-14 04:15:00,46.0,53.136105814123184,-6.931957657381789,-0.20414815674139675
2026-09-14 04:16:00,49.0,53.14804578637405,-3.9447835889100746,-0.203262197463971
2026-09-14 04:17:00,42.0,53.15998529050947,-11.247465730254568,0.08748043974510011
2026-09-14 04:18:00,61.0,53.171924326055546,8.02956605612051,-0.20149038217605408
2026-09-14 04:19:00,38.0,53.1838628925325,-14.983258366080717,-0.20060452645178373
2026-09-14 04:20:00,47.0,53.195800989463066,-5.996082283931621,-0.19971870553144555
2026-09-14 04:21:00,50.0,53.20773861637219,-3.0089056968189283,-0.19883291955326143
2026-09-14 04:22:00,33.0,53.219675772779844,-20.02172860412302,-0.1979471686568246
2026-09-14 04:23:00,56.0,53.23161245820719,2.9654489947722094,-0.1970614529793977
2026-09-14 04:24:00,39.0,53.243548672175365,-14.047372899519138,-0.19617577265622543
2026-09-14 04:25:00,57.0,53.25548441420686,3.9398057136176803,-0.19529012782454203
2026-09-14 04:26:00,41.0,53.267419683820094,-11.794197869273116,-0.47322181454697443
2026-09-14 04:27:00,50.0,53.27935448053381,-3.0858355353739406,-0.1935189451598731
2026-09-14 04:28:00,57.0,53.29128880386933,3.901344603721095,-0.1926334075904208
2026-09-14 04:29:00,43.0,53.30322265334751,-10.111474747307701,-0.19174790603980796
2026-09-14 04:30:00,69.0,53.31515602848573,15.8757064121475,-0.1908624406332322
2026-09-14 04:31:00,44.0,53.3270889288035,-9.137111917303866,-0.18997701149962865
2026-09-14 04:32:00,49.0,53.33902135381971,-4.149929735055224,-0.1890916187644862
2026-09-14 04:33:00,57.0,53.35095330305196,3.837252959500704,-0.18820626255266149
2026-09-14 04:34:00,55.0,53.36288477601812,1.8244361669681088,-0.1873209429862257
2026-09-14 04:35:00,51.0,53.37481577223507,-2.1883801120480784,-0.1864356601869872
2026-09-14 04:36:00,61.0,53.3867462912197,7.798804123054631,-0.1855504142743314
2026-09-14 04:37:00,55.0,53.39867633248754,1.7859888728794069,-0.1846652053669473
2026-09-14 04:38:00,50.0,53.410605895554575,-3.4159148359604203,0.00530894040584684
2026-09-14 04:39:00,61.0,53.42253497993555,7.760359919095971,-0.1828948990315169
2026-09-14 04:40:00,46.0,53.434463585145245,-7.2524537833133715,-0.18200980183187454
2026-09-14 04:41:00,49.0,53.44639171069581,-4.255644707707382,-0.19074700298843084
2026-09-14 04:42:00,47.0,53.45831935610156,-6.278079636171048,-0.1802397199305119
2026-09-14 04:43:00,67.0,53.470246520873566,13.70910821457419,-0.1793547354477525
2026-09-14 04:44:00,59.0,53.482173204525644,5.696296584227878,-0.17846978875352448
2026-09-14 04:45:00,57.0,53.494099406565965,3.6834854733875098,-0.1775848799534714
2026-09-14 04:46:00,60.0,53.50602512650849,6.494329232275472,-0.00035435878396583576
2026-09-14 04:47:00,61.0,53.51795036386227,7.657864812587424,-0.1758151764496958
2026-09-14 04:48:00,50.0,53.52987511813597,-3.226415283063682,-0.3034598350722888
2026-09-14 04:49:00,61.0,53.54179938883837,7.632246236908695,-0.17404562574706262
2026-09-14 04:50:00,54.0,53.55372317547718,0.6194377324669734,-0.17316090794415118
2026-09-14 04:51:00,59.0,53.56564647756138,5.265856914701848,0.16849660773677044
2026-09-14 04:52:00,72.0,53.57756929459691,18.593822293324823,-0.17139158792173248
2026-09-14 04:53:00,57.0,53.589491626088744,3.5810153597999435,-0.17050698588868585
2026-09-14 04:54:00,72.0,53.601413471542564,18.56820895109185,-0.1696224226344114
2026-09-14 04:55:00,62.0,53.6133348304624,8.993098230533041,-0.6064330609954425
2026-09-14 04:56:00,49.0,53.625255702351666,-4.325700654526884,-0.29955504782478215
2026-09-14 04:57:00,54.0,53.637176086713566,0.529792879715772,-0.16696896642933723
2026-09-14 04:58:00,61.0,53.64909598305555,7.4995100745720755,-0.14860605762762447
2026-09-14 04:59:00,53.0,53.66101539087897,-0.4958151997382545,-0.1652001911407197
2026-09-14 05:00:00,71.0,53.67293430968639,17.491381552722192,-0.16431586240857854
2026-09-14 05:01:00,56.0,53.684852738981114,2.502494860594051,-0.1873475995751619
2026-09-14 05:02:00,63.0,53.6967706782621,9.465776644929203,-0.16254732319130483
2026-09-14 05:03:00,41.0,53.70868812703424,-12.874158878029943,0.16547075099570208
2026-09-14 05:04:00,48.0,53.72060508479519,-5.30317097933987,-0.417434105455321
2026-09-14 05:05:00,66.0,53.73252155104514,12.42737326013099,-0.15989481117613025
2026-09-14 05:06:00,55.0,53.74443752527998,1.414573194682475,-0.15901071996245264
2026-09-14 05:07:00,50.0,53.75635300700205,-3.5982263384014024,-0.1581266686006444
2026-09-14 05:08:00,56.0,53.768267995706,2.3889746614561793,-0.157242657162179
2026-09-14 05:09:00,65.0,53.780182490889906,11.376176194826048,-0.15635868571595068
2026-09-14 05:10:00,58.0,53.79209649204823,4.36337826228072,-0.15547475432894942
2026-09-14 05:11:00,62.0,53.804009998677955,8.350580864387652,-0.1545908630656072
2026-09-14 05:12:00,65.0,53.815923010271334,11.33778400171836,-0.15370701198969527
2026-09-14 05:13:00,69.0,53.82783552632428,15.00821093848576,0.16395353518996103
2026-09-14 05:14:00,54.0,53.83974754632846,0.3121918843115756,-0.15193943064003435
2026-09-14 05:15:00,57.0,53.85165906977681,3.299396630705631,-0.15105570048243777
2026-09-14 05:16:00,64.0,53.863570096157105,10.286601914586695,-0.15017201074380182
2026-09-14 05:17:00,50.0,53.87548062496172,-3.726192263485185,-0.14928836147652902
2026-09-14 05:18:00,56.0,53.88739065567787,2.2610140970535326,-0.14840475273140186
2026-09-14 05:19:00,62.0,53.89930018779566,8.248220996761551,-0.1475211845572133
2026-09-14 05:20:00,72.0,53.911209220800046,18.235428436198898,-0.14663765699894782
2026-09-14 05:21:00,71.0,53.92311775417986,17.222636415924388,-0.1457541701042473
2026-09-14 05:22:00,66.0,53.935025787420194,12.354478886961244,-0.28950467438144045
2026-09-14 05:23:00,61.0,53.94693332000505,7.197053998457145,-0.14398731846219448
2026-09-14 05:24:00,71.0,53.958840351418736,17.18426360237326,-0.14310395379200003
2026-09-14 05:25:00,66.0,53.97074688114742,12.171473748796624,-0.14222062994404183
2026-09-14 05:26:00,58.0,53.98265290867166,4.305611833537576,-0.28826474220923615
2026-09-14 05:27:00,72.0,53.99455843347372,18.145895671359533,-0.14045410483325327
2026-09-14 05:28:00,64.0,54.006463455035345,10.133107448599274,-0.13957090363462044
2026-09-14 05:29:00,74.0,54.01836797283822,20.120319770543574,-0.13868774338179435
2026-09-14 05:30:00,87.0,54.03027198636123,33.107532637737116,-0.1378046240983437
2026-09-14 05:31:00,72.0,54.04217549508247,18.094746050725817,-0.13692154580828486
2026-09-14 05:32:00,69.0,54.054078498482774,15.081960010053189,-0.136038508535961
2026-09-14 05:33:00,91.0,54.06598099603655,37.53080836968341,-0.5967893657199639
2026-09-14 05:34:00,62.0,54.077882987221564,8.056389569888903,-0.1342725571104708
2026-09-14 05:35:00,61.0,54.08978447151337,7.043605171476212,-0.13338964298958444
2026-09-14 05:36:00,78.0,54.10168544839083,24.030821321559973,-0.13250676995080113
2026-09-14 05:37:00,59.0,54.11358591732568,5.0180380206761335,-0.13162393800180894
2026-09-14 05:38:00,77.0,54.125485877793224,23.005255269358564,-0.13074114715178808
2026-09-14 05:39:00,72.0,54.13738532926671,17.992473068139603,-0.12985839740631633
2026-09-14 05:40:00,78.0,54.149284271218534,23.979691417549237,-0.12897568876776688
2026-09-14 05:41:00,81.0,54.16118270311883,26.966910318118146,-0.1280930212369782
2026-09-14 05:42:00,53.0,54.17308062443895,-1.045870229627813,-0.1272103948111365
2026-09-14 05:43:00,61.0,54.18497803464765,6.941349774837962,-0.12632780948560907
2026-09-14 05:44:00,68.0,54.19687493321301,13.92857033203948,-0.12544526525248756
2026-09-14 05:45:00,85.0,54.20877131960082,30.915791442500833,-0.12456276210165385
2026-09-14 05:46:00,82.0,54.22066719327548,27.903013106744755,-0.12368030002023289
2026-09-14 05:47:00,64.0,54.2325625537018,9.890235325291345,-0.12279787899313988
2026-09-14 05:48:00,76.0,54.24445740034091,21.877458098660917,-0.12191549900182963
2026-09-14 05:49:00,71.0,54.25635173265374,16.864681427372595,-0.1210331600263359
2026-09-14 05:50:00,68.0,54.268245550098314,13.851905311944149,-0.12015086204246472
2026-09-14 05:51:00,73.0,54.280138852133646,18.839129752891186,-0.11926860502482839
2026-09-14 05:52:00,68.0,54.292031638213395,13.826354750730596,-0.11838638894398912
2026-09-14 05:53:00,74.0,54.303923907797106,19.813580305973407,-0.11750421377050912
2026-09-14 05:54:00,68.0,54.31581566033267,14.391734787248007,-0.7075504475806724
2026-09-14 05:55:00,71.0,54.327706895274545,16.49809488867163,0.17419821605382424
2026-09-14 05:56:00,79.0,54.33959761207432,24.77526032125965,-0.11485793333397254
2026-09-14 05:57:00,85.0,54.35148781018657,30.76248811123686,-0.11397592142343171
2026-09-14 05:58:00,70.0,54.363377489055914,15.749716461171168,-0.11309395022708202
2026-09-14 05:59:00,51.0,54.37526664813414,-3.2630546284358686,-0.11221201969826922
2026-09-14 06:00:00,73.0,54.3871552868666,18.724174842923873,-0.11133012979047407
2026-09-14 06:01:00,60.0,54.399043404701345,5.430728581339299,0.17022801395935971
2026-09-14 06:02:00,76.0,54.41093100108311,21.698635470543234,-0.10956647162634425
2026-09-14 06:03:00,88.0,54.42281807545525,33.68586662780349,-0.10868470325873858
2026-09-14 06:04:00,76.0,54.43470462725797,21.673098348032887,-0.10780297529085914
2026-09-14 06:05:00,90.0,54.44659065593464,35.66033063172428,-0.1069212876589205
2026-09-14 06:06:00,99.0,54.458476160923354,44.64756347937452,-0.1060396402978725
2026-09-14 06:07:00,87.0,54.47036114166264,32.63479689147764,-0.1051580331402846
2026-09-14 06:08:00,68.0,54.482245597590456,13.622030868524805,-0.10427646611525887
2026-09-14 06:09:00,71.0,54.49412952814171,16.609265411007314,-0.10339493914902675
2026-09-14 06:10:00,91.0,54.50601293275097,36.596500519413,-0.10251345216396857
2026-09-14 06:11:00,70.0,54.5178958108524,15.583736194231308,-0.10163200508370807
2026-09-14 06:12:00,86.0,54.52977816187812,31.748026977131918,-0.27780513901003445
2026-09-14 06:13:00,86.0,54.54165998525775,31.558209245040345,-0.09986923029809702
2026-09-14 06:14:00,58.0,54.55354128042278,3.5454466219982703,-0.09898790242105093
2026-09-14 06:15:00,77.0,54.56542204680208,22.53268456730342,-0.0981066141054967
2026-09-14 06:16:00,70.0,54.57730228382181,15.519923081434062,-0.09722536525586634
2026-09-14 06:17:00,80.0,54.58918199090973,25.507162164868145,-0.09634415577787792
2026-09-14 06:18:00,74.0,54.60106116749068,19.49440181808384,-0.09546298557452104
2026-09-14 06:19:00,71.0,54.61293981298611,16.384152883226268,0.00290730378762305
2026-09-14 06:20:00,75.0,54.62481792682047,20.196762537657204,0.17841953552232326
2026-09-14 06:21:00,96.0,54.63669550841307,41.45612420117213,-0.09281970958519992
2026-09-14 06:22:00,76.0,54.64857255718408,21.443366138259794,-0.09193869544387212
2026-09-14 06:23:00,54.0,54.660449072547756,-0.5693913525003127,-0.09105772004744495
2026-09-14 06:24:00,81.0,54.67232505392116,26.41785172935968,-0.090176783280846
2026-09-14 06:25:00,73.0,54.68420050072082,18.405095384309963,-0.08929588503077923
2026-09-14 06:26:00,78.0,54.696075412357565,24.004685165807498,-0.7007605781650668
2026-09-14 06:27:00,79.0,54.70794978824261,24.3795844153485,-0.08753420359111175
2026-09-14 06:28:00,74.0,54.71982362778796,19.36682979236714,-0.08665342015510191
2026-09-14 06:29:00,87.0,54.73169693040624,32.35407574433584,-0.08577267474207417
2026-09-14 06:30:00,84.0,54.743569695506736,29.34132227171433,-0.0848919672210684
2026-09-14 06:31:00,64.0,54.75544192249492,9.87711592421991,-0.6325578467148247
2026-09-14 06:32:00,78.0,54.767313610778245,23.31581705454108,-0.08313066531932378
2026-09-14 06:33:00,84.0,54.77918475976244,29.303065310902312,-0.08225007066474888
2026-09-14 06:34:00,82.0,54.79105536885612,27.2903141445001,-0.081369513356222
2026-09-14 06:35:00,102.0,54.80292543745946,47.277563555787474,-0.08048899324693082
2026-09-14 06:36:00,79.0,54.81479496497499,24.264813545218146,-0.07960851019313964
2026-09-14 06:37:00,84.0,54.82666395080442,29.06019212878889,0.11314392040669219
2026-09-14 06:38:00,85.0,54.83853239434639,30.23931526029759,-0.0778476546439748
2026-09-14 06:39:00,72.0,54.850400294998764,17.22656698684293,-0.07696728184168933
2026-09-14 06:40:00,80.0,54.86226765215566,25.21381929332343,-0.07608694547908357
2026-09-14 06:41:00,101.0,54.874134465212265,46.20107218018163,-0.07520664539389799
2026-09-14 06:42:00,59.0,54.88600073356084,4.1883256478621576,-0.07432638142299908
2026-09-14 06:43:00,81.0,54.897866456592034,26.175579696806917,-0.07344615339895455
2026-09-14 06:44:00,108.0,54.909731633694605,53.16283432745742,-0.07256596115202285
2026-09-14 06:45:00,84.0,54.92159626425818,29.150089540250367,-0.07168580450854023
2026-09-14 06:46:00,87.0,54.93346034766598,32.13734533562849,-0.07080568329446635
2026-09-14 06:47:00,92.0,54.94532388330444,36.93880790041431,0.11586821628124966
2026-09-14 06:48:00,107.0,54.95718687055644,52.11185867587181,-0.06904554642824934
2026-09-14 06:49:00,91.0,54.96904930880175,36.09911622160796,-0.06816553040970774
2026-09-14 06:50:00,68.0,54.98091119741941,13.0863743516676,-0.06728554908701057
2026-09-14 06:51:00,83.0,54.99277253578793,28.073633066479623,-0.06640560226755099
2026-09-14 06:52:00,74.0,55.00463332328167,19.060892366476505,-0.06552568975818218
2026-09-14 06:53:00,66.0,55.01649355927511,11.048152252086542,-0.06464581136165037
2026-09-14 06:54:00,91.0,55.02835324314095,36.035412723736556,-0.06376596687750435
2026-09-14 06:55:00,90.0,55.040212374250046,35.02267378185548,-0.06288615610552739
2026-09-14 06:56:00,89.0,55.052070951970734,34.218149780379115,-0.27022073234984845
2026-09-14 06:57:00,74.0,55.06392897567033,18.997197659190633,-0.061126634860961815
2026-09-14 06:58:00,68.0,55.07578644471489,13.194062826111699,-0.26984927082659027
2026-09-14 06:59:00,72.0,55.087643358470054,16.971723887476248,-0.05936724594629794
2026-09-14 07:00:00,79.0,55.09949971629647,23.9589878842793,-0.05848760057576641
2026-09-14 07:01:00,61.0,55.11135551755821,5.684370578111922,0.2042739043298667
2026-09-14 07:02:00,70.0,55.12321076161353,14.933517645303056,-0.05672840691658365
2026-09-14 07:03:00,88.0,55.135065447819926,32.920783410358325,-0.05584885817825125
2026-09-14 07:04:00,64.0,55.146919575532635,8.908049765666988,-0.054969341199623045
2026-09-14 07:05:00,85.0,55.158773144106355,29.895316711641236,-0.05408985574759129
2026-09-14 07:06:00,76.0,55.17062615289128,20.882584248695462,-0.05321040158674606
2026-09-14 07:07:00,84.0,55.18247860124035,28.869852377242147,-0.05233097848249457
2026-09-14 07:08:00,76.0,55.19433048849912,21.385553663425394,-0.5798841519245173
2026-09-14 07:09:00,87.0,55.20618181401436,31.844390410453677,-0.05057222446803422
2026-09-14 07:10:00,95.0,55.218032577132725,39.83166031593469,-0.049692893067415866
2026-09-14 07:11:00,74.0,55.2298827771989,18.818930814543,-0.048813591741897255
2026-09-14 07:12:00,83.0,55.241732413554026,27.806201906682638,-0.04793432023666355
2026-09-14 07:13:00,99.0,55.253581485538405,43.79347359275744,-0.04705507829584121
2026-09-14 07:14:00,89.0,55.26542999249092,33.78074587316946,-0.046175865660380566
2026-09-14 07:15:00,83.0,55.277277933748536,27.768018748319218,-0.04529668206775739
2026-09-14 07:16:00,93.0,55.28912530864552,37.75529221860584,-0.04441752725135473
2026-09-14 07:17:00,98.0,55.30097211651479,42.74256628442727,-0.04353840094206163
2026-09-14 07:18:00,97.0,55.31281835668638,41.72984094617998,-0.04265930286636177
2026-09-14 07:19:00,102.0,55.32466402848975,46.71711620425854,-0.04178023274828746
2026-09-14 07:20:00,114.0,55.33650913125072,58.70439205905767,-0.040901190308389346
2026-09-14 07:21:00,92.0,55.34835366429517,36.53935287766517,0.11229345803965884
2026-09-14 07:22:00,95.0,55.36019762694518,39.67894556038085,-0.03914318732603306
2026-09-14 07:23:00,94.0,55.37204101852165,38.66622320768494,-0.038264226206592866
2026-09-14 07:24:00,90.0,55.383883838341504,34.653501453271076,-0.03738529161257986
2026-09-14 07:25:00,83.0,55.395726085722195,27.64078029752461,-0.03650638324680955
2026-09-14 07:26:00,95.0,55.40756775997839,39.47279406731625,0.1196381727053577
2026-09-14 07:27:00,97.0,55.41940886042099,41.615339783573795,-0.0347486439947815
2026-09-14 07:28:00,73.0,55.43124938636036,17.602620426137403,-0.03386981249776966
2026-09-14 07:29:00,87.0,55.443089337103274,31.589901668904748,-0.032991006008018076
2026-09-14 07:30:00,91.0,55.45492871195647,35.57718351225398,-0.03211222421045079
2026-09-14 07:31:00,106.0,55.46676751022294,50.564465956565066,-0.031233466788002318
2026-09-14 07:32:00,70.0,55.47860573120312,14.551749002215649,-0.030354733418768376
2026-09-14 07:33:00,82.0,55.49044337419672,26.53903264958201,-0.029476023778734373
2026-09-14 07:34:00,85.0,55.50228043850076,29.526316899038253,-0.02859733753901139
2026-09-14 07:35:00,82.0,55.51411692340987,26.51360175095765,-0.02771867436752018
2026-09-14 07:36:00,95.0,55.52595282821599,39.50088720571293,-0.026840033928920093
2026-09-14 07:37:00,92.0,55.53778815220969,36.48817326367345,-0.025961415883145378
2026-09-14 07:38:00,103.0,55.549622894679636,47.475459925208426,-0.025082819888062602
2026-09-14 07:39:00,96.0,55.56145705491147,40.46274719068491,-0.024204245596379792
2026-09-14 07:40:00,88.0,55.57329063218733,32.450035060469745,-0.023325692657074626
2026-09-14 07:41:00,88.0,55.58512362579155,32.43732353492766,-0.022447160719210046
2026-09-14 07:42:00,86.0,55.59695603500087,30.823793386036282,-0.42074942103715784
2026-09-14 07:43:00,107.0,55.60878785909268,51.41190229931131,-0.020690158403986914
2026-09-14 07:44:00,96.0,55.62061909734158,40.399192589961096,-0.019811687302677683
2026-09-14 07:45:00,98.0,55.63244974902428,42.12680535660241,0.24074489437330726
2026-09-14 07:46:00,105.0,55.644279813408374,49.3737749899702,-0.018054803378575457
2026-09-14 07:47:00,100.0,55.656109289763414,44.36106710004483,-0.017176389808241765
2026-09-14 07:48:00,82.0,55.6679381773552,26.348359817309632,-0.016297994664824955
2026-09-14 07:49:00,84.0,55.67976647544671,28.335653142117504,-0.015419617564219834
2026-09-14 07:50:00,95.0,55.6915941833,39.32294707482171,-0.014541258121710143
2026-09-14 07:51:00,82.0,55.70342130017281,26.310241615774885,-0.013662915947698195
2026-09-14 07:52:00,104.0,55.71524782532181,48.12586431495991,0.158887859718277
2026-09-14 07:53:00,83.0,55.72707375800072,27.284832523826523,-0.011906281827243959
2026-09-14 07:54:00,91.0,55.73889909746093,35.27212889162143,-0.011027989082357692
2026-09-14 07:55:00,105.0,55.75072384295032,49.25942586905922,-0.010149712009543066
2026-09-14 07:56:00,106.0,55.76254799371563,50.24672345648404,-0.009271450199669573
2026-09-14 07:57:00,88.0,55.77437154900021,32.23402165423983,-0.008393203240039782
2026-09-14 07:58:00,96.0,55.786194508046364,40.22132046266769,-0.00751497071405538
2026-09-14 07:59:00,99.0,55.7980168700909,43.20861988211044,-0.00663675220133797
2026-09-14 08:00:00,89.0,55.80983863437105,33.01895763502687,0.17120373060208038
2026-09-14 08:01:00,90.0,55.82165980012008,34.183220555391976,-0.004880355512057122
2026-09-14 08:02:00,110.0,55.83348036656937,54.170521809905054,-0.00400217647442247
2026-09-14 08:03:00,88.0,55.84530033294579,32.157823676782066,-0.0031240097278555368
2026-09-14 08:04:00,77.0,55.85711969847614,21.145126156355712,-0.002245854831855354
2026-09-14 08:05:00,111.0,55.86893846238302,55.132429248958026,-0.001367711341046629
2026-09-14 08:06:00,101.0,55.880756623886235,45.11973295492256,-0.0004895788087964092
2026-09-14 08:07:00,84.0,55.89257418220352,27.875790289680378,0.23163552811610089
2026-09-14 08:08:00,107.0,55.9043911365506,51.09434220824874,0.0012666552006592724
2026-09-14 08:09:00,78.0,55.916207486138816,22.081647756266303,0.002144757594876978
2026-09-14 08:10:00,104.0,55.92802323017712,48.0689539189583,0.003022850864581983
2026-09-14 08:11:00,110.0,55.93983836787283,54.056260696647065,0.00390093548010384
2026-09-14 08:12:00,73.0,55.951652898428996,17.043568089657274,0.0047790119137332
2026-09-14 08:13:00,106.0,55.96346682104595,50.03087609831035,0.005657080643700851
2026-09-14 08:14:00,75.0,55.975280134925484,19.024982806619466,-0.0002629415449462158
2026-09-14 08:15:00,86.0,55.98709283925982,30.648237416795762,-0.6353302560555889
2026-09-14 08:16:00,85.0,55.99890493324256,28.998865383767917,0.00222968298952253
2026-09-14 08:17:00,93.0,56.01071641606481,36.98011429574033,0.009169288194861736
2026-09-14 08:18:00,107.0,56.02252728692013,50.967425387383365,0.010047325696504572
2026-09-14 08:19:00,112.0,56.0343375449892,55.95473709657109,0.010925358439713762
2026-09-14 08:20:00,78.0,56.04614718945854,21.679727311483454,0.27412549905800887
2026-09-14 08:21:00,66.0,56.05795621950832,9.92936236881345,0.012681411678229892
2026-09-14 08:22:00,118.0,56.069764634316,61.91667593248741,0.013559433196590476
2026-09-14 08:23:00,316.0,56.08157243305583,259.9039901149421,0.014437452002091788
2026-09-14 08:24:00,247.0,56.09337961489934,190.89130491648245,0.015315468618204875
2026-09-14 08:25:00,318.0,56.1051861790155,261.878620337413,0.01619348357150585
2026-09-14 08:26:00,336.0,56.11699212457054,279.8659363780378,0.017071497391647483
2026-09-14 08:27:00,225.0,56.128797450726424,168.85325303865906,0.017949510614513997
2026-09-14 08:28:00,244.0,56.14060215664334,187.84057031957786,0.018827523778796262
2026-09-14 08:29:00,253.0,56.15240624147844,196.8278882210933,0.019705537428258424
2026-09-14 08:30:00,246.0,56.164209704385925,189.81520674350384,0.020583552110238656
2026-09-14 08:31:00,313.0,56.176012544516865,256.8025258871054,0.021461568377745266
2026-09-14 08:32:00,88.0,56.187814761019425,31.78984565219573,0.022339586784845267
2026-09-14 08:33:00,95.0,56.199616353038536,38.7490965000212,0.05128714694026115
2026-09-14 08:34:00,88.0,56.211417319716595,31.764487048011524,0.024095632271880163
2026-09-14 08:35:00,92.0,56.22321766019268,35.75180867932093,0.024973660486388383
2026-09-14 08:36:00,104.0,56.23501737360216,47.73913093328827,0.025851693109565588
2026-09-14 08:37:00,86.0,56.24681645907894,29.72645381019865,0.026729730722408362
2026-09-14 08:38:00,88.0,56.25861491575003,31.713777310341737,0.02760777390822966
2026-09-14 08:39:00,102.0,56.27041274274538,45.70110143400028,0.02848582325434279
2026-09-14 08:40:00,92.0,56.282209939185734,36.14191737406273,-0.4241273132484622
2026-09-14 08:41:00,121.0,56.294006504192645,64.67575155299708,0.030241942810270928
2026-09-14 08:42:00,72.0,56.30580243688233,15.663077548895789,0.031120014221883707
2026-09-14 08:43:00,111.0,56.31759773637303,54.650404169429954,0.03199809419701438
2026-09-14 08:44:00,85.0,56.3293924017735,28.637731414875013,0.03287618335149034
2026-09-14 08:45:00,89.0,56.34118643219229,32.625059285504285,0.03375428230342692
2026-09-14 08:46:00,98.0,56.35297982673759,41.612387781586655,0.034632391675756935
2026-09-14 08:47:00,100.0,56.36477258450875,44.04369956671246,-0.4084721512212113
2026-09-14 08:48:00,100.0,56.37656470460495,43.5870466511855,0.03638864420954491
2026-09-14 08:49:00,94.0,56.388356186121996,37.574377025232224,0.03726678864578048
2026-09-14 08:50:00,106.0,56.400147028155935,49.56170802579125,0.038144946052817374
2026-09-14 08:51:00,82.0,56.41193722979375,25.549039653123394,0.03902311708285566
2026-09-14 08:52:00,86.0,56.4237267901229,29.5363719074848,0.03990130239230183
2026-09-14 08:53:00,83.0,56.43551570822696,26.523704789129393,0.040779502643644605
2026-09-14 08:54:00,99.0,56.44730398318451,42.5110382983096,0.0416577185058884
2026-09-14 08:55:00,96.0,56.45909161407283,39.49837243527463,0.04253595065253535
2026-09-14 08:56:00,103.0,56.4708785999637,46.485707200271975,0.04341419976432803
2026-09-14 08:57:00,87.0,56.48266493992782,30.47304259354525,0.04429246652692598
2026-09-14 08:58:00,90.0,56.49445063302952,33.46037861533775,0.04517075163272466
2026-09-14 08:59:00,101.0,56.50623567833168,44.44771526588844,0.04604905577988205
2026-09-14 09:00:00,76.0,56.51802007489316,19.435052545433713,0.046927379673128655
2026-09-14 09:01:00,88.0,56.52980382176879,31.42239045420762,0.04780572402359695
2026-09-14 09:02:00,82.0,56.541586918010076,25.409728992443608,0.04868408954632031
2026-09-14 09:03:00,82.0,56.55336936266526,25.26090461790896,0.18572601942577904
2026-09-14 09:04:00,130.0,56.56515115477825,73.38440795820932,0.05044088701242799
2026-09-14 09:05:00,131.0,56.57693229339017,74.37174838618961,0.05131932042021958
2026-09-14 09:06:00,102.0,56.588712777537204,45.35908944453347,0.05219777792932945
2026-09-14 09:07:00,62.0,56.60049260625223,5.346431133458243,0.05307626028952939
2026-09-14 09:08:00,88.0,56.61227177856446,31.333773453179436,0.05395476825610501
2026-09-14 09:09:00,83.0,56.62405029350146,26.321116403911553,0.054833302586985155
2026-09-14 09:10:00,104.0,56.635828150082446,47.74374033568327,-0.37956848576571645
2026-09-14 09:11:00,84.0,56.6476053473272,27.295804199245378,0.0565904534274182
2026-09-14 09:12:00,103.0,56.65938188425019,46.28314904425805,0.057469071491759394
2026-09-14 09:13:00,113.0,56.67115775986495,56.27049452110502,0.05834771903003144
2026-09-14 09:14:00,81.0,56.68293297317755,24.257840629983605,0.05922639683884512
2026-09-14 09:15:00,119.0,56.6947075231932,62.245187371089024,0.060105105717774165
2026-09-14 09:16:00,92.0,56.706481408911046,35.232534744613965,0.06098384647498989
2026-09-14 09:17:00,109.0,56.71825462932751,52.21988275074624,0.061862619926252194
2026-09-14 09:18:00,85.0,56.730027183438054,28.207231389671346,0.06274142689059659
2026-09-14 09:19:00,87.0,56.74179907022765,30.76150500764666,-0.5033040778743114
2026-09-14 09:20:00,105.0,56.75357028868169,48.18193056662834,0.06449914468996809
2026-09-14 09:21:00,82.0,56.7653408377826,25.153729370274228,0.08092979194316996
2026-09-14 09:22:00,97.0,56.77711071651072,40.15663227690223,0.06625700658705114
2026-09-14 09:23:00,102.0,56.78887992383723,45.143984082462396,0.0671359937003757
2026-09-14 09:24:00,100.0,56.800648458733306,43.131336521863446,0.06801501940324783
2026-09-14 09:25:00,91.0,56.81241632016502,34.11868959526666,0.06889408456832058
2026-09-14 09:26:00,124.0,56.82418350709422,67.1060433028331,0.06977319007268079
2026-09-14 09:27:00,117.0,56.835950018479714,60.093397644719,0.07065233680128813
2026-09-14 09:28:00,99.0,56.84771585327451,42.08075262107759,0.07153152564789877
2026-09-14 09:29:00,119.0,56.859481010427714,62.0681082320597,0.07241075751258563
2026-09-14 09:30:00,95.0,56.87124548888567,38.05546447781125,0.07329003330308126
2026-09-14 09:31:00,100.0,56.88300928758946,43.042821358475,0.07416935393553814
2026-09-14 09:32:00,101.0,56.89477240547566,44.03017887419144,0.07504872033289445
2026-09-14 09:33:00,127.0,56.9065348414774,70.01753702509646,0.0759281334261388
2026-09-14 09:34:00,88.0,56.91829659452262,31.004895811323237,0.07680759415413974
2026-09-14 09:35:00,99.0,56.93005766353572,41.99225523300137,0.07768710346290675
2026-09-14 09:36:00,86.0,56.94181804743734,28.979615290256305,0.07856666230635767
2026-09-14 09:37:00,99.0,56.95357774514165,41.96697598321205,0.07944627164629736
2026-09-14 09:38:00,115.0,56.9653367555604,57.95433731198789,0.08032593245170716
2026-09-14 09:39:00,76.0,56.97709507760057,18.941699276699403,0.08120564570002387
2026-09-14 09:40:00,101.0,56.98885271016394,43.92906187746029,0.08208541237576839
2026-09-14 09:41:00,100.0,57.00060965214871,42.91642511438036,0.08296523347092943
2026-09-14 09:42:00,99.0,57.01236590244842,41.903788987566195,0.08384510998538275
2026-09-14 09:43:00,88.0,57.024121459951836,30.891153497120023,0.08472504292814165
2026-09-14 09:44:00,101.0,57.03587632354249,43.87851864314558,0.08560503331192848
2026-09-14 09:45:00,114.0,57.04763049210141,56.73482581406546,0.21754369383312877
2026-09-14 09:46:00,11.0,57.05938396450349,-46.14674915500748,0.08736519050398783
2026-09-14 09:47:00,14.0,57.071136739618886,-43.15938209899848,0.08824535937959155
2026-09-14 09:48:00,16.0,57.08288881631373,-41.17201440614227,0.0891255898285408
2026-09-14 09:49:00,13.0,57.094640193449145,-44.184646076353545,0.09000588290439993
2026-09-14 09:50:00,21.0,57.10639086988138,-36.19727710954635,0.09088623966496812
2026-09-14 09:51:00,9.0,57.118140844462246,-48.20990750563784,0.09176666117559051
2026-09-14 09:52:00,16.0,57.12989011603855,-41.22253726454747,0.09264714850891664
2026-09-14 09:53:00,11.0,57.14163868345305,-46.23516638619734,0.09352770274428934
2026-09-14 09:54:00,14.0,57.1533865455428,-43.247794870511,0.09440832496819951
2026-09-14 09:55:00,15.0,57.16513370114082,-42.26042271741491,0.09528901627409425
2026-09-14 09:56:00,120.0,57.17688014907481,62.72695007316386,0.09616977776132529
2026-09-14 09:57:00,90.0,57.188625888167444,32.71432350129609,0.09705061053646347
2026-09-14 09:58:00,93.0,57.20037091723707,35.70169756705078,0.09793151571214764
2026-09-14 09:59:00,100.0,57.212115235096725,42.68907227049659,0.09881249440668682
2026-09-14 10:00:00,116.0,57.223858840554826,58.676447611699935,0.09969354774523964
2026-09-14 10:01:00,109.0,57.235601732414665,51.663823590727304,0.1005746768580309
2026-09-14 10:02:00,107.0,57.24734390947384,49.65120020764473,0.10145588288143159
2026-09-14 10:03:00,94.0,57.25908537052631,36.638577462516864,0.10233716695682915
2026-09-14 10:04:00,100.0,57.27082611436024,42.62595535540929,0.10321853023047112
2026-09-14 10:05:00,96.0,57.28256613975817,38.61333388638784,0.10409997385399095
2026-09-14 10:06:00,123.0,57.294305445498125,65.60071305551823,0.10498149898364773
2026-09-14 10:07:00,86.0,57.30604403035344,28.588092862866635,0.10586310677992827
2026-09-14 10:08:00,95.0,57.3177818930923,37.575473308501664,0.10674479840603368
2026-09-14 10:09:00,96.0,57.32951903247702,38.56285439249236,0.1076265750306149
2026-09-14 10:10:00,91.0,57.341255447265226,33.550236114910156,0.10850843782461794
2026-09-14 10:11:00,87.0,57.352991136208736,29.537618475828854,0.10939038796241363
2026-09-14 10:12:00,87.0,57.36472609805513,29.525001475323894,0.11027242662098047
2026-09-14 10:13:00,94.0,57.37646033154594,36.51238511347489,0.11115455497916571
2026-09-14 10:14:00,86.0,57.388193835416935,28.4997693903649,0.11203677421816138
2026-09-14 10:15:00,84.0,57.39992660839991,26.487154306080402,0.11291908551969243
2026-09-14 10:16:00,82.0,57.41165864921948,24.47453986071326,0.11380149006725304
2026-09-14 10:17:00,90.0,57.42338995659607,32.46192605435964,0.11468398904429478
2026-09-14 10:18:00,118.0,57.4351205292435,60.44931288712228,0.11556658363421946
2026-09-14 10:19:00,92.0,57.44685036587394,34.436700359107974,0.11644927501808411
2026-09-14 10:20:00,89.0,57.45857946518893,31.746338631147246,-0.2049180963361792
2026-09-14 10:21:00,95.0,57.47030782588709,37.41147722122101,0.11821495289189698
2026-09-14 10:22:00,96.0,57.48203544666174,38.398866611601534,0.11909794173672594
2026-09-14 10:23:00,97.0,57.493762326202436,39.38625664171315,0.1199810320844108
2026-09-14 10:24:00,92.0,57.50548846319038,34.373647311706,0.12086422510361672
2026-09-14 10:25:00,96.0,57.51721385630239,38.36103862173863,0.12174752195898009
2026-09-14 10:26:00,82.0,57.52893850420907,24.34843057198285,0.1226309238080816
2026-09-14 10:27:00,84.0,57.54066240557603,26.335823162620546,0.12351443180342869
2026-09-14 10:28:00,95.0,57.552385559062515,37.32321639384821,0.12439804708927227
2026-09-14 10:29:00,78.0,57.56410796332175,20.310610265876,0.12528177080224623
2026-09-14 10:30:00,93.0,57.57582961700203,35.298004778927854,0.1261656040701169
2026-09-14 10:31:00,98.0,57.58755051874528,40.28539993324505,0.1270495480096656
2026-09-14 10:32:00,99.0,57.59927066718685,41.27279572908548,0.12793360372766927
2026-09-14 10:33:00,87.0,57.61099006095643,29.260192166725876,0.12881777231769576
2026-09-14 10:34:00,92.0,57.62270869867901,34.247589246460834,0.12970205486015374
2026-09-14 10:35:00,120.0,57.63442657897134,62.23498696860711,0.13058645242154654
2026-09-14 10:36:00,73.0,57.64614370044627,15.222385333502013,0.13147096605172237
2026-09-14 10:37:00,91.0,57.65786006170858,33.20978434150728,0.13235559678413722
2026-09-14 10:38:00,100.0,57.66957566135882,42.197183993008565,0.13324034563261478
2026-09-14 10:39:00,126.0,57.68129049798961,68.18458428841706,0.13412521359333596
2026-09-14 10:40:00,110.0,57.69300457018888,52.171985228171884,0.13501020163923272
2026-09-14 10:41:00,97.0,57.70471787653741,39.15938681274175,0.1358953107208407
2026-09-14 10:42:00,84.0,57.71643041560955,26.146789042625567,0.1367805417648782
2026-09-14 10:43:00,75.0,57.728142185974335,17.134191918353945,0.1376658956717165
2026-09-14 10:44:00,111.0,57.73985318619365,53.121595440491376,0.13855137331497502
2026-09-14 10:45:00,87.0,57.751563414822634,29.108999609641614,0.13943697553575163
2026-09-14 10:46:00,102.0,57.76327287041115,43.87125674122425,0.36547038836459933
2026-09-14 10:47:00,96.0,57.77498155150214,38.083809891568826,0.1412085569290369
2026-09-14 10:48:00,79.0,57.78668945663091,21.071216005745647,0.14209453762344282
2026-09-14 10:49:00,90.0,57.798396584326255,32.058622769739756,0.14298064593398863
2026-09-14 10:50:00,95.0,57.81010293311223,37.046030184358784,0.1438668825289824
2026-09-14 10:51:00,104.0,57.82180850150423,46.033438250463384,0.1447532480323872
2026-09-14 10:52:00,94.0,57.83351328801129,36.02084696896363,0.14563974302507887
2026-09-14 10:53:00,79.0,57.84521729113683,21.008256340821397,0.14652636804177632
2026-09-14 10:54:00,97.0,57.85692050937632,38.995666367054746,0.14741312356893133
2026-09-14 10:55:00,120.0,57.86862294121953,61.98307704873896,0.14830001004150972
2026-09-14 10:56:00,78.0,57.88032458514736,19.970488387009773,0.14918702784286353
2026-09-14 10:57:00,87.0,57.89202543963888,28.957900383065628,0.15007417729549388
2026-09-14 10:58:00,88.0,57.903725503159464,30.389161599502643,-0.2928871026621067
2026-09-14 10:59:00,104.0,57.91542477417193,45.93272635366034,0.1518488721677258
2026-09-14 11:00:00,113.0,57.92712325113152,54.920140330937436,0.1527364179310453
2026-09-14 11:01:00,96.0,57.93882093249037,37.63818151486292,0.4229975526467058
2026-09-14 11:02:00,105.0,57.950517816687224,46.894970276847175,0.15451190646560065
2026-09-14 11:03:00,79.0,57.96221390215837,20.88238624867626,0.1553998491653772
2026-09-14 11:04:00,100.0,57.97390918733018,41.86388517257092,0.1622056400989038
2026-09-14 11:05:00,96.0,57.98560367062371,37.85722019869608,0.15717613068020597
2026-09-14 11:06:00,76.0,57.99729735045236,17.844638180595545,0.15806446895209803
2026-09-14 11:07:00,109.0,58.00899022522111,50.832056836386215,0.1589529383926731
2026-09-14 11:08:00,113.0,58.02068229332886,54.81947616815796,0.15984153851317728
2026-09-14 11:09:00,93.0,58.03237355316652,34.80689617810454,0.16073026872894047
2026-09-14 11:10:00,96.0,58.04406400311813,37.79431686852374,0.16161912835813297
2026-09-14 11:11:00,87.0,58.05575364156014,28.781738241822115,0.1625081166177509
2026-09-14 11:12:00,103.0,58.06744246686139,44.769160300516624,0.16339723262198902
2026-09-14 11:13:00,102.0,58.07913047738276,43.75658304724178,0.16428647537545515
2026-09-14 11:14:00,116.0,58.09081767147846,57.74400648474992,0.1651758437716211
2026-09-14 11:15:00,102.0,58.102504047495124,43.73143061591705,0.16606533658782752
2026-09-14 11:16:00,101.0,58.114189603770356,42.71885544374665,0.16695495248299608
2026-09-14 11:17:00,114.0,58.12587433863561,55.70628097137241,0.16784468999198054
2026-09-14 11:18:00,93.0,58.13755825041416,34.693707202062896,0.16873454752294492
2026-09-14 11:19:00,73.0,58.149241337420605,14.68113413922568,0.16962452335371836
2026-09-14 11:20:00,90.0,58.16092359796298,31.6685617864097,0.17051461562732584
2026-09-14 11:21:00,106.0,58.172605030340975,47.655990147310725,0.17140482234830046
2026-09-14 11:22:00,93.0,58.18428563284566,34.64341922577452,0.17229514137981994
2026-09-14 11:23:00,110.0,58.19596540376148,51.63084902579956,0.1731855704389602
2026-09-14 11:24:00,96.0,58.20764434136339,37.61827955154261,0.17407610709400245
2026-09-14 11:25:00,104.0,58.21932244391863,45.60571080732008,0.17496674876129248
2026-09-14 11:26:00,87.0,58.230999709689115,28.593142797610998,0.17585749269989037
2026-09-14 11:27:00,104.0,58.24267613692342,46.069580221068904,-0.3122563579923252
2026-09-14 11:28:00,95.0,58.25435172386603,36.43902821275091,0.3066200633830576
2026-09-14 11:29:00,91.0,58.26602646875167,32.55544322291643,0.17853030833190076
2026-09-14 11:30:00,88.0,58.27770036981135,29.542878199467832,0.17942143072081507
2026-09-14 11:31:00,120.0,58.28937342526104,61.530313935511444,0.18031263922751606
2026-09-14 11:32:00,92.0,58.30104563331316,33.51775043657099,0.18120393011584923
2026-09-14 11:33:00,86.0,58.3127169921696,27.505187708361753,0.18209529946864933
2026-09-14 11:34:00,87.0,58.32438750002412,28.20593707608315,0.4696754238927312
2026-09-14 11:35:00,106.0,58.33605715506391,47.48006458790122,0.18387825703486982
2026-09-14 11:36:00,97.0,58.34772595546333,38.75977922511678,-0.10750518058011238
2026-09-14 11:37:00,107.0,58.35939389938989,48.45494462354331,0.1856614770667946
2026-09-14 11:38:00,91.0,58.371060985003645,32.44238584116528,0.18655317383107217
2026-09-14 11:39:00,102.0,58.38272721045708,43.42982786770455,0.18744492183837025
2026-09-14 11:40:00,93.0,58.39439257389028,34.41727071018066,0.18833671592906143
2026-09-14 11:41:00,90.0,58.406057073436905,31.40471437579865,0.18922855076444733
2026-09-14 11:42:00,87.0,58.41772070722182,28.39215887194635,0.1901204208318319
2026-09-14 11:43:00,103.0,58.42938347335972,44.37960420619155,0.19101232044872773
2026-09-14 11:44:00,83.0,58.44104536995715,24.367050386278915,0.19190424376392912
2026-09-14 11:45:00,84.0,58.452706395111115,25.354497420124563,0.19279618476432603
2026-09-14 11:46:00,95.0,58.4643665469099,36.341945315811365,0.19368813727873402
2026-09-14 11:47:00,89.0,58.47602582343215,30.32939408158431,0.1945800949835359
2026-09-14 11:48:00,80.0,58.48768422274706,21.316843725841125,0.19547205141181223
2026-09-14 11:49:00,83.0,58.49934174291572,24.30429425712541,0.19636399995887643
2026-09-14 11:50:00,99.0,58.51099838198736,40.29174568411786,0.19725593389477325
2026-09-14 11:51:00,97.0,58.52265413800575,38.27919801562605,0.19814784636820093
2026-09-14 11:52:00,90.0,58.53430900900083,31.557727204041896,-0.09203621304272502
2026-09-14 11:53:00,90.0,58.54596299299556,31.254105427975222,0.19993157902921865
2026-09-14 11:54:00,89.0,58.55761608800451,30.234034391660753,0.20834952033473542
2026-09-14 11:55:00,74.0,58.56926829203165,15.519818354406796,-0.08908664643844588
2026-09-14 11:56:00,95.0,58.58091960306926,36.21647355640829,0.20260684052244926
2026-09-14 11:57:00,93.0,58.592570019105096,34.203931505403716,0.2034984754911875
2026-09-14 11:58:00,94.0,58.60421953811486,35.63108146135252,-0.23530099946738403
2026-09-14 11:59:00,101.0,58.615868158062554,42.17885031835222,0.2052815235852279
2026-09-14 12:00:00,89.0,58.627515876905456,30.166311200836834,0.20617292225771422
2026-09-14 12:01:00,88.0,58.6391626925928,29.153815677390373,0.2070216300168326
2026-09-14 12:02:00,69.0,58.650808603059545,10.141321211041912,0.20787018589854256
2026-09-14 12:03:00,100.0,58.66245360623275,41.12882780339932,0.20871859036792983
2026-09-14 12:04:00,90.0,58.67409770003003,31.1163354560597,0.2095668439102667
2026-09-14 12:05:00,84.0,58.68574088235718,25.10384417061156,0.21041494703126062
2026-09-14 12:06:00,86.0,58.69738315111046,27.091353948632726,0.2112629002568127
2026-09-14 12:07:00,86.0,58.70902450417521,27.078864791694986,0.21211070412980604
2026-09-14 12:08:00,89.0,58.720664939427735,30.057817617059676,0.22151744351258884
2026-09-14 12:09:00,96.0,58.73230445473147,37.05388967916627,0.2138058661022626
2026-09-14 12:10:00,67.0,58.74394304794111,8.041403726668802,0.21465322539008724
2026-09-14 12:11:00,73.0,58.75558071690025,14.028918845398762,0.2155004377009888
2026-09-14 12:12:00,82.0,58.767217459441234,23.016435036878367,0.216347503680403
2026-09-14 12:13:00,100.0,58.77885327338645,41.00395230262349,0.21719442399005828
2026-09-14 12:14:00,71.0,58.79048815654643,11.99147064414077,0.21804119931280042
2026-09-14 12:15:00,94.0,58.802122106721455,34.9789900629274,0.218887830351143
2026-09-14 12:16:00,91.0,58.81375512170067,31.966510560472443,0.2197343178268838
2026-09-14 12:17:00,72.0,58.825387199262344,12.954032138255284,0.2205806624823694
2026-09-14 12:18:00,69.0,58.837018337173134,9.941554797747372,0.2214268650794935
2026-09-14 12:19:00,74.0,58.848648533188715,14.929078540411277,0.2222729264000094
2026-09-14 12:20:00,84.0,58.86027778505399,24.916603367700702,0.22311884724530984
2026-09-14 12:21:00,78.0,58.871906090501284,18.90412928106207,0.22396462843664722
2026-09-14 12:22:00,90.0,58.88353344725287,30.891656281931798,0.22481027081532545
2026-09-14 12:23:00,65.0,58.89515985301888,5.879184371738827,0.22565577524228786
2026-09-14 12:24:00,98.0,58.9067853054973,38.86671355190449,0.22650114259820953
2026-09-14 12:25:00,83.0,58.91840980237574,23.854243823840655,0.2273463737836039
2026-09-14 12:26:00,88.0,58.93003334132917,28.8417751889523,0.22819146971853144
2026-09-14 12:27:00,82.0,58.94165592002069,22.829307648635726,0.2290364313435802
2026-09-14 12:28:00,76.0,58.95327753610244,16.81684120427986,0.22988125961769867
2026-09-14 12:29:00,79.0,58.964898187213905,19.804375857265274,0.23072595552082475
2026-09-14 12:30:00,90.0,58.97651787098246,30.791911608965368,0.23157052005217338
2026-09-14 12:31:00,97.0,58.988136585022836,37.77944846074582,0.23241495423134495
2026-09-14 12:32:00,102.0,58.999754326940305,42.76698641396403,0.23325925909566791
2026-09-14 12:33:00,93.0,59.011371094325234,33.7545254699708,0.23410343570396464
2026-09-14 12:34:00,92.0,59.022986884755845,32.74206563010984,0.23494748513431318
2026-09-14 12:35:00,76.0,59.034601695798955,16.7296068957167,0.23579140848434577
2026-09-14 12:36:00,120.0,59.046215525008364,60.71714926812036,0.23663520687127715
2026-09-14 12:37:00,73.0,59.057828369925595,13.70469274864216,0.23747888143224571
2026-09-14 12:38:00,82.0,59.06944022807884,22.692237338597813,0.23832243332334713
2026-09-14 12:39:00,92.0,59.08105109698437,32.6797830392947,0.23916586372093462
2026-09-14 12:40:00,125.0,59.09266097414531,65.6673298520341,0.24000917382058873
2026-09-14 12:41:00,98.0,59.104269857051904,38.65487777811067,0.2408523648374299
2026-09-14 12:42:00,68.0,59.11587774318114,8.64242681881224,0.24169543800662296
2026-09-14 12:43:00,76.0,59.12748462999753,16.629976975420604,0.24253839458186377
2026-09-14 12:44:00,84.0,59.139090514952265,24.617528249210448,0.24338123583728333
2026-09-14 12:45:00,82.0,59.15069539548276,22.60508064145131,0.2442239630659344
2026-09-14 12:46:00,93.0,59.1622992690137,33.59263415340561,0.24506657758068684
2026-09-14 12:47:00,88.0,59.173902132956144,28.580188786330382,0.24590908071347428
2026-09-14 12:48:00,99.0,59.18550398470793,39.56774454147608,0.2467514738159906
2026-09-14 12:49:00,82.0,59.197104821652594,22.555301420088288,0.24759375825912144
2026-09-14 12:50:00,90.0,59.20870464116117,30.54285942340576,0.24843593543307207
2026-09-14 12:51:00,103.0,59.22030344059044,43.53041855266247,0.24927800674709033
2026-09-14 12:52:00,77.0,59.231901217283706,17.517978809086106,0.25011997363019134
2026-09-14 12:53:00,74.0,59.2434979685701,14.243637979792425,0.5128640516374787
2026-09-14 12:54:00,80.0,59.25509369176436,20.493102708320862,0.25180359991477985
2026-09-14 12:55:00,87.0,59.266688384167566,27.480666353562746,0.252645262269688
2026-09-14 12:56:00,75.0,59.278282043066135,15.468231130833754,0.253486826100108
2026-09-14 12:57:00,79.0,59.28987466573195,19.45579704133751,0.2543282929305377
2026-09-14 12:58:00,92.0,59.301466249423356,32.44336408627225,0.2551696643043968
2026-09-14 12:59:00,95.0,59.31305679138296,35.43093226683241,0.2560109417846306
2026-09-14 13:00:00,71.0,59.32464628883971,11.418501584207398,0.25685212695289295
2026-09-14 13:01:00,72.0,59.33623473900739,12.406072039582407,0.25769322141020723
2026-09-14 13:02:00,68.0,59.3478221390854,8.39364363413822,0.2585342267763764
2026-09-14 13:03:00,94.0,59.359408486257614,34.15502704796732,0.48556446577506307
2026-09-14 13:04:00,81.0,59.3709937776942,21.799852160974787,-0.17084593866898956
2026-09-14 13:05:00,72.0,59.38257801054809,12.356365264639962,0.26105672481195086
2026-09-14 13:06:00,91.0,59.39416118195946,31.34394142765197,0.26189739038856885
2026-09-14 13:07:00,88.0,59.40574328905316,28.331518735694452,0.26273797525238507
2026-09-14 13:08:00,62.0,59.417324328938236,2.3190971899268957,0.26357848113487137
2026-09-14 13:09:00,61.0,59.42890429870896,1.3066767915057373,0.2644189097853058
2026-09-14 13:10:00,78.0,59.44048319544306,18.294257541584088,0.2652592629728545
2026-09-14 13:11:00,73.0,59.452061016203416,13.027209005688318,0.5207299781082639
2026-09-14 13:12:00,76.0,59.46363775803715,16.85107376791293,-0.3147115259500808
2026-09-14 13:13:00,82.0,59.47521341797437,22.257006694301815,0.2677798877238118
2026-09-14 13:14:00,79.0,59.486787993032145,19.244592049850393,0.26861995711745834
2026-09-14 13:15:00,88.0,59.49836148021037,28.232178559621726,0.2694599601679002
2026-09-14 13:16:00,77.0,59.50993387649354,17.219766224752032,0.2702998987544234
2026-09-14 13:17:00,72.0,59.52150517884947,12.207355046376225,0.27113977477430495
2026-09-14 13:18:00,90.0,59.53307538422978,30.194945025626353,0.2719795901438644
2026-09-14 13:19:00,75.0,59.544644489569414,15.164951448263723,0.2904040621668642
2026-09-14 13:20:00,82.0,59.55621249178667,22.170128461525298,0.27365904668803864
2026-09-14 13:21:00,90.0,59.56777938778314,30.157721920430944,0.2744986917859151
2026-09-14 13:22:00,59.0,59.579345174443674,-1.1314970083024667,0.5521518338587939
2026-09-14 13:23:00,62.0,59.5909098486356,2.132912325788827,0.2761778255755729
2026-09-14 13:24:00,67.0,59.602473407209146,7.120509274492182,0.27701731829867526
2026-09-14 13:25:00,67.0,59.614035846996735,7.1081073887119235,0.277856764291343
2026-09-14 13:26:00,64.0,59.62559716481439,4.095706669571195,0.27869616561442
2026-09-14 13:27:00,81.0,59.63715735745973,21.08330711819333,0.2795355243469402
2026-09-14 13:28:00,80.0,59.648716421713246,20.07090873570046,0.28037484258629775
2026-09-14 13:29:00,77.0,59.66027435433759,16.783271778840046,0.5564538668223662
2026-09-14 13:30:00,75.0,59.67183115207732,15.046115481857626,0.2820533660650568
2026-09-14 13:31:00,79.0,59.683386811659254,19.033720612752255,0.282892575588491
2026-09-14 13:32:00,77.0,59.69494132979136,17.021326917021415,0.2837317531872259
2026-09-14 13:33:00,67.0,59.70649470316379,7.0089343957882,0.2845709010480064
2026-09-14 13:34:00,84.0,59.71804692844872,24.520863363029097,-0.23891029147781495
2026-09-14 13:35:00,78.0,59.72959800229894,18.256113932494387,0.014288065206670808
2026-09-14 13:36:00,75.0,59.74114792135214,14.971763890311461,0.2870881883363978
2026-09-14 13:37:00,68.0,59.752696682226116,7.959376078308618,0.28792723946526877
2026-09-14 13:38:00,61.0,59.764244281521414,0.8104874746627111,0.4252682438158786
2026-09-14 13:39:00,104.0,59.77579071581954,43.93460399579437,0.2896052883860918
2026-09-14 13:40:00,80.0,59.78733598168183,19.92221972754186,0.29044429077631406
2026-09-14 13:41:00,73.0,59.79888007565125,12.90983664280122,0.29128328154752836
2026-09-14 13:42:00,76.0,59.81042299425103,15.897454742706792,0.2921222630421809
2026-09-14 13:43:00,74.0,59.82196473398495,13.748124639502926,0.4299106265121253
2026-09-14 13:44:00,67.0,59.83350529133735,6.872694501002877,0.2938002076597712
2026-09-14 13:45:00,81.0,59.8450446627719,20.860316161673637,0.2946391755544653
2026-09-14 13:46:00,86.0,59.856582844732934,25.84793901155141,0.2954781437156555
2026-09-14 13:47:00,79.0,59.868119833645,18.83556305178321,0.2963171145717922
2026-09-14 13:48:00,87.0,59.87965562591181,26.823188283519222,0.2971560905689685
2026-09-14 13:49:00,80.0,59.891190217916936,19.810814707912197,0.29799507417086346
2026-09-14 13:50:00,65.0,59.90272360602393,4.798442326118694,0.29883406785737066
2026-09-14 13:51:00,59.0,59.91425578657542,-1.2139288607018783,0.29967307412645994
2026-09-14 13:52:00,94.0,59.92578675589264,33.773701148614045,0.3005120954933176
2026-09-14 13:53:00,74.0,59.93731651027791,13.761332355232875,0.3013511344892166
2026-09-14 13:54:00,72.0,59.9488450460104,11.748964760325592,0.30219019366401056
2026-09-14 13:55:00,62.0,59.96037235934928,1.7365983650676267,0.3030292755830928
2026-09-14 13:56:00,78.0,59.97189844653171,17.72423317063832,0.3038683828299682
2026-09-14 13:57:00,59.0,59.9834233037742,-1.2881308217783909,0.30470751800418583
2026-09-14 13:58:00,69.0,59.99494692727136,8.699506389006105,0.30554668372253957
2026-09-14 13:59:00,90.0,60.00646931319536,29.68714480418562,0.30638588261901845
2026-09-14 14:00:00,82.0,60.01799045769699,21.674784424959004,0.3072251173440108
2026-09-14 14:01:00,78.0,60.029510356905334,18.20604595922108,-0.23555631612641292
2026-09-14 14:02:00,81.0,60.0410290069267,20.65006728810979,0.3089037049635124
2026-09-14 14:03:00,62.0,60.05254640384694,1.4988359272562524,0.44861766889680865
2026-09-14 14:04:00,71.0,60.06406254373038,11.1687852969865,-0.2328478407168788
2026-09-14 14:05:00,67.0,60.075577422616895,6.613000655081036,0.3114219223020669
2026-09-14 14:06:00,81.0,60.08709103652637,20.600647534911637,0.312261428561996
2026-09-14 14:07:00,80.0,60.09860338145616,20.131514131805943,-0.23011751326210117
2026-09-14 14:08:00,79.0,60.11011445337911,18.57594493827517,0.31394060834571746
2026-09-14 14:09:00,71.0,60.12162424824828,10.563595464313149,0.3147802874385661
2026-09-14 14:10:00,85.0,60.13313276199222,24.551247208270485,0.3156200297372962
2026-09-14 14:11:00,58.0,60.14463999051632,-2.4610998285825803,0.3164598380662653
2026-09-14 14:12:00,83.0,60.15614592970172,22.38673872837278,0.4571153419255012
2026-09-14 14:13:00,66.0,60.16765057540609,5.374286582080797,0.45806284251310814
2026-09-14 14:14:00,71.0,60.179153923462415,10.501866388824684,0.3189796877129041
2026-09-14 14:15:00,62.0,60.19065596967856,1.4895242416041579,0.31981978871728245
2026-09-14 14:16:00,68.0,60.2021567098384,7.477183320056778,0.3206599701048205
2026-09-14 14:17:00,91.0,60.21365613970091,30.46484362550708,0.32150023479201195
2026-09-14 14:18:00,70.0,60.22515425499971,9.452505159288654,0.32234058571163615
2026-09-14 14:19:00,70.0,60.236651051444156,9.440167922744523,0.3231810258113228
2026-09-14 14:20:00,76.0,60.24814652471775,15.42783191722776,0.32402155805448984
2026-09-14 14:21:00,55.0,60.259640670479,-5.58450285589947,0.3248621854204714
2026-09-14 14:22:00,66.0,60.27113348436005,5.403163604736427,0.325702910903523
2026-09-14 14:23:00,65.0,60.28262496196842,4.8011437555257475,-0.08376871749417347
2026-09-14 14:24:00,44.0,60.2941150988846,-16.621499767158934,0.327384668274334
2026-09-14 14:25:00,67.0,60.30560389066541,6.366170403109937,0.3282257062246572
2026-09-14 14:26:00,90.0,60.31709133284032,29.35384181274202,0.32906685441766115
2026-09-14 14:27:00,67.0,60.32857742091321,6.341514463165705,0.3299081159210786
2026-09-14 14:28:00,72.0,60.34006215036035,11.329188355821604,0.33074949381804686
2026-09-14 14:29:00,63.0,60.351545516632264,2.316863492162079,0.33159099120565827
2026-09-14 14:30:00,62.0,60.36302751515088,1.3045398736523213,0.33243261119679346
2026-09-14 14:31:00,80.0,60.37450814131251,19.29221750176962,0.3332743569178689
2026-09-14 14:32:00,61.0,60.38598739048461,0.27989637800462547,0.3341162315107695
2026-09-14 14:33:00,73.0,60.397465258008,12.267576503861104,0.33495823813089487
2026-09-14 14:34:00,86.0,60.40894173919492,25.255257880856075,0.33580037994899925
2026-09-14 14:35:00,83.0,60.42041682932957,22.24294051052067,0.33664266014976363
2026-09-14 14:36:00,70.0,60.43189052366808,9.230624394400559,0.3374850819313622
2026-09-14 14:37:00,71.0,60.44336281743769,10.218309534054635,0.33832764850767916
2026-09-14 14:38:00,74.0,60.45483370583701,13.205995931057828,0.33917036310516124
2026-09-14 14:39:00,67.0,60.466303184035525,6.193683586999224,0.34001322896524755
2026-09-14 14:40:00,64.0,60.47777124717407,3.1813725034832285,0.34085624934269987
2026-09-14 14:41:00,78.0,60.489237890363185,17.16906268213038,0.341699427506434
2026-09-14 14:42:00,79.0,60.500703108684576,18.1567541245767,0.34254276673872397
2026-09-14 14:43:00,86.0,60.51216689718994,25.14444683247451,0.34338627033554303
2026-09-14 14:44:00,68.0,60.523629250900235,7.1321408074924175,0.3442299416073453
2026-09-14 14:45:00,65.0,60.535090164807066,4.1198360513161445,0.3450737838767921
2026-09-14 14:46:00,80.0,60.54654963387092,18.858947313393,0.59450305273608
2026-09-14 14:47:00,77.0,60.558007653021555,16.095230352209636,0.346761994768805
2026-09-14 14:48:00,67.0,60.5694642171577,6.482328312125675,-0.05179252928337519
2026-09-14 14:49:00,66.0,60.58091932114716,5.607773800703411,-0.1886931218505694
2026-09-14 14:50:00,66.0,60.59237295982699,5.018505667849436,0.38912137232357225
2026-09-14 14:51:00,71.0,60.603825128005965,10.0460342558042,0.35014061618983305
2026-09-14 14:52:00,69.0,60.61527582045968,8.033738429970557,0.3509857495697659
2026-09-14 14:53:00,68.0,60.62672503193227,7.021443887085176,0.35183108098255644
2026-09-14 14:54:00,70.0,60.63817275713627,9.009150629002356,0.3526766138613766
2026-09-14 14:55:00,60.0,60.64961899075025,-1.0031413424021929,0.35352235165194656
2026-09-14 14:56:00,64.0,60.66106372742099,2.9845679747667457,0.35436829781226464
2026-09-14 14:57:00,65.0,60.67250696176151,3.972278582425197,0.3552144558132895
2026-09-14 14:58:00,54.0,60.683948688352196,-6.505157391297571,-0.17879129705462304
2026-09-14 14:59:00,59.0,60.695388901739086,-2.0522963230186777,0.35690742127959396
2026-09-14 15:00:00,50.0,60.70682759643773,-11.064581832182036,0.3577542357443022
2026-09-14 15:01:00,64.0,60.71826476692793,2.923133957022526,0.35860127604954073
2026-09-14 15:02:00,81.0,60.72970040765637,19.8670478951015,0.4032516972421334
2026-09-14 15:03:00,55.0,60.74113451303516,-6.101430561340561,0.3602960483054005
2026-09-14 15:04:00,65.0,60.75256707744117,3.8862891352118525,0.3611437873469754
2026-09-14 15:05:00,88.0,60.76399809521605,27.105908954307505,0.13009295047643832
2026-09-14 15:06:00,85.0,60.77542756066604,23.861732450267077,0.3628399890668845
2026-09-14 15:07:00,65.0,60.78685546806344,3.8494560730356726,0.36368845890088153
2026-09-14 15:08:00,67.0,60.79828181164299,5.837181008850858,0.3645371795061578
2026-09-14 15:09:00,71.0,60.80970658560531,9.82490725990753,0.3653861544871546
2026-09-14 15:10:00,70.0,60.82112978411289,8.812634828427207,0.36623538745990203
2026-09-14 15:11:00,61.0,60.83255140129227,-0.19963628334365766,0.3670848820513868
2026-09-14 15:12:00,76.0,60.843971431232575,14.788093926867706,0.3679346418997227
2026-09-14 15:13:00,73.0,60.85538986798546,11.775825461360764,0.36878467065377407
2026-09-14 15:14:00,62.0,60.86680670556614,1.383724784254426,-0.25053148982056683
2026-09-14 15:15:00,72.0,60.87822193795069,10.751292512524437,0.3704855495248722
2026-09-14 15:16:00,66.0,60.889635559080325,4.739028033929627,0.37133640699004644
2026-09-14 15:17:00,82.0,60.90104756285735,20.726764889086816,0.37218754805583387
2026-09-14 15:18:00,67.0,60.91245794314588,5.7145030804334445,0.3730389764206734
2026-09-14 15:19:00,65.0,60.9238666937706,3.7022426104365627,0.37389069579283785
2026-09-14 15:20:00,80.0,60.93527380851703,18.689983481592314,0.37474270989065417
2026-09-14 15:21:00,63.0,60.94667928113116,1.67772569642721,0.37559502244162957
2026-09-14 15:22:00,72.0,60.958083105318615,10.665469257498351,0.3764476371830341
2026-09-14 15:23:00,63.0,60.96948527474523,1.6532141673931462,0.37730055786162353
2026-09-14 15:24:00,52.0,60.98088578303568,-9.359039571268731,0.3781537882330497
2026-09-14 15:25:00,79.0,60.992284623774026,17.628708044164153,0.3790073320618177
2026-09-14 15:26:00,66.0,61.003681790503464,4.616457016374998,0.3798611931215419
2026-09-14 15:27:00,44.0,61.01507727672496,-17.395792651919397,0.3807153751944341
2026-09-14 15:28:00,56.0,61.026471075897824,-5.408040957969002,0.3815698820711759
2026-09-14 15:29:00,54.0,61.037863181439775,-7.420287898990001,0.3824247175502222
2026-09-14 15:30:00,76.0,61.04925358672549,14.567466527835247,0.38327988543925784
2026-09-14 15:31:00,64.0,61.060642285087475,2.5552223253599404,0.38413538955258275
2026-09-14 15:32:00,67.0,61.072029269814564,5.542979496472126,0.3849912337133077
2026-09-14 15:33:00,69.0,61.08341453415231,7.5307380440957585,0.385847421751933
2026-09-14 15:34:00,65.0,61.09479807130227,3.5184979711912323,0.3867039575064979
2026-09-14 15:35:00,67.0,61.106179874422054,5.506259280755683,0.3875608448222607
2026-09-14 15:36:00,75.0,61.11755993662455,13.494021975823491,0.3884180875519547
2026-09-14 15:37:00,69.0,61.1289382509774,7.481786059467112,0.38927568955548963
2026-09-14 15:38:00,48.0,61.14031481050359,-13.466340409997088,0.32602559949349796
2026-09-14 15:39:00,66.0,61.151689608180334,4.457318404963711,0.39099198685595127
2026-09-14 15:40:00,67.0,61.163062636938655,5.445086673157283,0.3918506899040608
2026-09-14 15:41:00,69.0,61.17443388966409,7.432856342608038,0.39270976772787236
2026-09-14 15:42:00,66.0,61.18580335919485,4.420627416587633,0.39356922421751506
2026-09-14 15:43:00,66.0,61.19717103832227,4.408399898407754,0.39442906326998184
2026-09-14 15:44:00,52.0,61.20853691979064,-9.60382620857823,0.3952892887875876
2026-09-14 15:45:00,63.0,61.219900996295806,1.3839490990249332,0.3961499046792625
2026-09-14 15:46:00,67.0,61.23126326048563,5.158314187417304,0.610422552097063
2026-09-14 15:47:00,61.0,61.2426237049595,-0.6404960282065627,0.39787232324706423
2026-09-14 15:48:00,65.0,61.25398232226776,3.2859198222885313,0.4600978554437063
2026-09-14 15:49:00,55.0,61.26533910491086,-6.6649354552608955,0.3995963503500377
2026-09-14 15:50:00,64.0,61.276694045340214,2.322846977732534,0.4004589769272542
2026-09-14 15:51:00,63.0,61.28804713595618,1.3106308466060612,0.40132201743776363
2026-09-14 15:52:00,76.0,61.29939836910875,14.298416155067143,0.4021854758241048
2026-09-14 15:53:00,64.0,61.310747737098204,2.8573680536599335,-0.16811579075813654
2026-09-14 15:54:00,59.0,61.32209523217167,-2.72600889418987,0.4039136620181978
2026-09-14 15:55:00,74.0,61.33344084652921,12.26178075573786,0.4047783977329331
2026-09-14 15:56:00,86.0,61.34478457231695,24.09493635386153,0.5602790738215262
2026-09-14 15:57:00,51.0,61.35612640162972,-10.84856104111241,0.4924346394826884
2026-09-14 15:58:00,69.0,61.367466326508655,7.2251584506227635,0.4073752228685805
2026-09-14 15:59:00,72.0,61.378804338941656,10.212953943926816,0.40824171713152424
2026-09-14 16:00:00,55.0,61.39014043086325,-6.865768102970748,0.4756276721074997
2026-09-14 16:01:00,74.0,61.40147459415334,12.188549347531957,0.4099760583146974
2026-09-14 16:02:00,61.0,61.41280682063687,-0.8236507338265077,0.41084391318963753
2026-09-14 16:03:00,88.0,61.424137102084146,26.164150668354537,0.41171222956131714
2026-09-14 16:04:00,58.0,61.435465430209284,-3.9236020753960608,0.4881366451867777
2026-09-14 16:05:00,70.0,61.446791796670865,8.486109757152777,0.06709844617635952
2026-09-14 16:06:00,57.0,61.45811619307136,-4.872436180586721,0.4143199875153556
2026-09-14 16:07:00,66.0,61.46943861095862,4.459930177448074,0.07063121159330876
2026-09-14 16:08:00,61.0,61.48075904182183,-0.8968199152354499,0.4160608734136204
2026-09-14 16:09:00,62.0,61.49207747709567,0.09099048038719998,0.4169320425171321
2026-09-14 16:10:00,59.0,61.50339390815503,-2.921197609204664,0.4178037010496283
2026-09-14 16:11:00,64.0,61.51470832631812,2.0666158206744747,0.4186758530074073
2026-09-14 16:12:00,59.0,61.52602072284214,-2.9455692252315835,0.4195485023894392
2026-09-14 16:13:00,71.0,61.53733108892565,9.042247257877294,0.42042165319706015
2026-09-14 16:14:00,75.0,61.54863941570659,13.030065274860538,0.4212953094328711
2026-09-14 16:15:00,86.0,61.55994569426222,24.017884830635907,0.4221694751018745
2026-09-14 16:16:00,65.0,61.57124991560933,3.4197887077574087,0.008961376633266127
2026-09-14 16:17:00,79.0,61.58255207070228,16.993528578532505,0.4239193507652175
2026-09-14 16:18:00,69.0,61.593852150436035,6.981352780788967,0.42479506877499773
2026-09-14 16:19:00,62.0,61.605150145642405,-0.030821457891630155,0.4256713122492286
2026-09-14 16:20:00,48.0,61.616446047090626,-14.042994132288117,0.42654808519748855
2026-09-14 16:21:00,72.0,61.627739845485614,9.944834762882921,0.4274253916314663
2026-09-14 16:22:00,79.0,61.639031531468845,16.932665232968475,0.42830323556268013
2026-09-14 16:23:00,59.0,61.6503210956169,-3.0795027166209064,0.42918162100400536
2026-09-14 16:24:00,46.0,61.66160852844113,-16.251732190545248,0.5901236621041193
2026-09-14 16:25:00,59.0,61.67289382038692,-3.1038338528566576,0.4309400324697421
2026-09-14 16:26:00,60.0,61.68417696183319,-2.1159970283524596,0.43182006651927196
2026-09-14 16:27:00,72.0,61.69545794309181,9.871841398777894,0.4327006581302939
2026-09-14 16:28:00,60.0,61.70673675440791,-1.815729337769309,0.10899258336139894
2026-09-14 16:29:00,65.0,61.71801338595759,2.8475230839599854,0.4344635300824251
2026-09-14 16:30:00,63.0,61.7292878278519,1.1579521852268169,0.11275998692128297
2026-09-14 16:31:00,77.0,61.74056007013096,14.823211249464107,0.43622868040493046
2026-09-14 16:32:00,59.0,61.751830102768835,-3.1889422227397595,0.43711211997092647
2026-09-14 16:33:00,74.0,61.76309791566793,11.798905943186632,0.4379961411454403
2026-09-14 16:34:00,58.0,61.774363498661714,-3.6036947109881594,-0.17066878767355576
2026-09-14 16:35:00,65.0,61.78562684151111,2.774607214164275,0.4397659443246127
2026-09-14 16:36:00,65.0,61.796887933909446,2.730886531112695,0.47222553497785924
2026-09-14 16:37:00,61.0,61.808146765476664,-1.2496848874086535,0.44153812193199116
2026-09-14 16:38:00,54.0,61.81940332576119,-8.261828436894408,0.44242511113321115
2026-09-14 16:39:00,57.0,61.83065760423762,-5.251234126683238,0.4205765224456144
2026-09-14 16:40:00,55.0,61.8419095903065,-7.286110500592799,0.44420091028629827
2026-09-14 16:41:00,61.0,61.8531592732934,-1.2982490015062667,0.44508972821286363
2026-09-14 16:42:00,80.0,61.86440664244905,17.689614193866525,0.44597916368442725
2026-09-14 16:43:00,54.0,61.87565168694689,-8.322520907627908,0.4468692206810161
2026-09-14 16:44:00,56.0,61.88689439588527,-6.12961454516271,0.24272014927743868
2026-09-14 16:45:00,72.0,61.89813475828406,9.653214026557405,0.44865121515853446
2026-09-14 16:46:00,58.0,61.909372763087184,-4.358915923673765,0.44954316058657895
2026-09-14 16:47:00,75.0,61.9206083991587,12.628955857407394,0.450435743433907
2026-09-14 16:48:00,74.0,61.93184165528484,11.61682937704883,0.4513289676663277
2026-09-14 16:49:00,62.0,61.94307252017118,-0.3952953574176771,0.45222283724650225
2026-09-14 16:50:00,65.0,61.954300982442696,2.592581661424031,0.4531173561332693
2026-09-14 16:51:00,68.0,61.96552703064329,5.580460441074071,0.4540125282826395
2026-09-14 16:52:00,70.0,61.9767506532357,8.24276518902909,-0.2195158422647836
2026-09-14 16:53:00,64.0,61.98797183859887,1.5562233132303436,0.4558048481707928
2026-09-14 16:54:00,61.0,61.99919057503397,-1.4558925788313888,0.45670200379741743
2026-09-14 16:55:00,72.0,62.010406850756475,9.531993320780906,0.4575998284626195
2026-09-14 16:56:00,66.0,62.021620653898644,3.5198810200036625,0.4584983260976898
2026-09-14 16:57:00,65.0,62.03283197250696,2.5077705268632604,0.4593975006297768
2026-09-14 16:58:00,47.0,62.04404079454231,-15.495772045160516,0.4517312506182023
2026-09-14 16:59:00,58.0,62.055247107878756,-4.516445003945007,0.4611978960662526
2026-09-14 17:00:00,40.0,62.066450900302385,-22.528550025098923,0.4620991247965378
2026-09-14 17:01:00,55.0,62.07765215951229,-7.540653205587308,0.46300104607501424
2026-09-14 17:02:00,76.0,62.088850873117536,13.447245463083172,0.46390366379929304
2026-09-14 17:03:00,71.0,62.10004702863844,8.43514598950021,0.4648069818613436
2026-09-14 17:04:00,70.0,62.11124061350439,7.423048382348169,0.4657110041474368
2026-09-14 17:05:00,53.0,62.12243161505359,-9.787910641934435,0.6654790268808384
2026-09-14 17:06:00,58.0,62.13362002053305,-4.601141197436638,0.4675211769035883
2026-09-14 17:07:00,73.0,62.14480581709589,10.386766847791254,0.4684273351128567
2026-09-14 17:08:00,66.0,62.15598899180279,3.375648381168291,0.46836262702891673
2026-09-14 17:09:00,55.0,62.16716953161977,-7.6374113461048125,0.47024181448504265
2026-09-14 17:10:00,60.0,62.17834742341771,-2.649497566758473,0.47115014334075767
2026-09-14 17:11:00,53.0,62.18952265397206,-9.661581857396712,0.47205920342464935
2026-09-14 17:12:00,70.0,62.20069520996204,7.326335791475528,0.472968998562429
2026-09-14 17:13:00,44.0,62.21186507796909,-18.824577004393632,0.6127119264245451
2026-09-14 17:14:00,64.0,62.22303224447647,1.3021769462587058,0.47479080926482453
2026-09-14 17:15:00,60.0,62.23419669586912,-2.709899528310234,0.4757028324411081
2026-09-14 17:16:00,63.0,62.24535841843191,0.27287580316812227,0.4817657783999678
2026-09-14 17:17:00,56.0,62.25651739834856,-6.734046531753849,0.4775291334052909
2026-09-14 17:18:00,53.0,62.26767362170336,-9.313287263836092,0.04561364213272867
2026-09-14 17:19:00,50.0,62.278827074476666,-12.75818554016143,0.47935846568476137
2026-09-14 17:20:00,64.0,62.28997774254875,1.2297479794871464,0.4802742779641065
2026-09-14 17:21:00,52.0,62.30112561169639,-10.66545460877198,0.36432899707558875
2026-09-14 17:22:00,61.0,62.312270667592216,-1.794378881088607,0.48210821349638877
2026-09-14 17:23:00,9.0,62.32341289580297,-53.80643923999647,0.48302634419350454
2026-09-14 17:24:00,11.0,62.3345522817898,-51.554448026869714,0.21989574507991705
2026-09-14 17:25:00,5.0,62.34568881090589,-57.830553760877294,0.48486494997140284
2026-09-14 17:26:00,7.0,62.356822468398335,-55.84260790082262,0.4857854324242865
2026-09-14 17:27:00,8.0,62.367953239404386,-54.85465994555217,0.48670670614778544
2026-09-14 17:28:00,10.0,62.379081108951716,-52.866709883748676,0.4876287747969599
2026-09-14 17:29:00,8.0,62.39020606195672,-54.87875770397249,0.4885516420157714
2026-09-14 17:30:00,3.0,62.401328083223895,-59.89080339466022,0.4894753114363226
2026-09-14 17:31:00,2.0,62.41244715744569,-60.90284694412307,0.49039978667737927
2026-09-14 17:32:00,6.0,62.42356326919917,-56.91488834054518,0.49132507134601155
2026-09-14 17:33:00,2.0,62.43467640294807,-60.92692757198378,0.4922511690357112
2026-09-14 17:34:00,10.0,62.44578654304003,-52.61730198564723,0.17151544260720186
2026-09-14 17:35:00,59.0,62.45689367370544,-3.9509994914922526,0.49410581778681717
2026-09-14 17:36:00,52.0,62.467997779061,-10.395297844691395,-0.0726999343696022
2026-09-14 17:37:00,77.0,62.4790988431035,14.024937395491945,0.49596376140455334
2026-09-14 17:38:00,64.0,62.49019684971566,1.0129091726633592,0.4968939776209851
2026-09-14 17:39:00,51.0,62.501291782657844,-11.999116810780341,0.49782502812249874
2026-09-14 17:40:00,56.0,62.5123836255711,-7.011140541970918,0.4987569163998202
2026-09-14 17:41:00,55.0,62.52347236197264,-8.02316200790137,0.4996896459287328
2026-09-14 17:42:00,61.0,62.534557975257414,-2.1536769787156906,0.6191190034582803
2026-09-14 17:43:00,56.0,62.545640448694975,-7.047198091258463,0.5015576425634904
2026-09-14 17:44:00,55.0,62.55671976542933,-8.059212681967486,0.5024929165381593
2026-09-14 17:45:00,68.0,62.567795908478686,4.928775046020622,0.5034290455006953
2026-09-14 17:46:00,73.0,62.57886886073364,9.916765106424178,0.504366032842178
2026-09-14 17:47:00,71.0,62.589938604956174,7.9047575131084775,0.5053038819353475
2026-09-14 17:48:00,63.0,62.601005123778755,-0.10724771991390891,0.5062425961351522
2026-09-14 17:49:00,63.0,62.61206839970435,-0.11925057848201576,0.5071821787776685
2026-09-14 17:50:00,68.0,62.62312841510364,4.868748951716612,0.5081226331797453
2026-09-14 17:51:00,65.0,62.63418515221496,1.8567508851469365,0.5090639626381019
2026-09-14 17:52:00,44.0,62.64523859314264,-19.155244763571666,0.5100061704290226
2026-09-14 17:53:00,55.0,62.65628871985616,-8.16723797966348,0.510949259807326
2026-09-14 17:54:00,47.0,62.66733551418887,-16.179228748195012,0.5118932340061448
2026-09-14 17:55:00,49.0,62.67837895783662,-14.191217054072382,0.512838096235761
2026-09-14 17:56:00,51.0,62.689419032357065,-12.203202882040173,0.513783849683108
2026-09-14 17:57:00,56.0,62.700455719169604,-6.63077851223323,-0.06967720693637602
2026-09-14 17:58:00,57.0,62.71148899955127,-6.22716704240812,0.5156780428568482
2026-09-14 17:59:00,45.0,62.72251885464365,-18.239145343474476,0.5166264888308234
2026-09-14 18:00:00,75.0,62.73354526544361,11.748878896039372,0.5175758385170184
2026-09-14 18:01:00,76.0,62.74456821280613,12.736905692222056,0.5185260949718185
2026-09-14 18:02:00,38.0,62.755587677439756,-25.275064938664435,0.5194772612246794
2026-09-14 18:03:00,49.0,62.7666036399081,-14.287032980184451,0.5204293402763511
2026-09-14 18:04:00,59.0,62.777616080626,-4.298998415725939,0.5213823350999434
2026-09-14 18:05:00,53.0,62.78862497986024,-10.443208899394838,0.6545839195346019
2026-09-14 18:06:00,55.0,62.79963031772877,-8.417923776288527,0.618293458559755
2026-09-14 18:07:00,58.0,62.81063207419639,-5.334878917672715,0.5242468434763268
2026-09-14 18:08:00,65.0,62.82163022907801,1.6531662404169998,0.5252035305049887
2026-09-14 18:09:00,43.0,62.832624762034115,-20.358785909740035,0.5261611477059205
2026-09-14 18:10:00,61.0,62.84361565257147,-2.37073535043465,0.5271196978631778
2026-09-14 18:11:00,56.0,62.85460288004041,-7.382682063768673,0.5280791837282592
2026-09-14 18:12:00,82.0,62.865586423634724,18.605373968346207,0.5290396080190689
2026-09-14 18:13:00,64.0,62.87656626238908,0.5934327641905075,0.5300009734204068
2026-09-14 18:14:00,43.0,62.88754237518094,-19.828841458100893,-0.058700917080045656
2026-09-14 18:15:00,59.0,62.89851474072415,-4.430441278842962,0.5319265381188103
2026-09-14 18:16:00,39.0,62.909483337577534,-24.442374080185807,0.5328907426082736
2026-09-14 18:17:00,47.0,62.92044814413537,-15.93405785883153,0.013609714696158903
2026-09-14 18:18:00,58.0,62.93140913862969,-4.833643338514553,-0.09776580011513403
2026-09-14 18:19:00,47.0,62.942366299128594,-16.47815537414582,0.5357890750172274
2026-09-14 18:20:00,52.0,62.953319603540486,-11.490076703884668,0.5367571003441824
2026-09-14 18:21:00,50.0,62.96426902960293,-13.501995116542265,0.5377260869393297
2026-09-14 18:22:00,61.0,62.97521455488801,-2.136362397150619,0.1611478422626078
2026-09-14 18:23:00,58.0,62.98615615679418,-5.525823110070532,0.5396669532763525
2026-09-14 18:24:00,70.0,62.997093812552045,6.462267349855502,0.5406388375924536
2026-09-14 18:25:00,56.0,63.00802749921826,-7.5496391915420284,0.5416116923237695
2026-09-14 18:26:00,47.0,63.018957193675774,-16.364369669281054,0.3454124756052792
2026-09-14 18:27:00,64.0,63.029882872631156,0.42655680562809073,0.5435603217407561
2026-09-14 18:28:00,65.0,63.04080451261459,1.2677995611486363,0.6913959262367726
2026-09-14 18:29:00,63.0,63.05172208997864,-0.5972349485072594,0.5455128585286175
2026-09-14 18:30:00,59.0,63.06263558089508,-4.609126178207959,0.5464905973128751
2026-09-14 18:31:00,62.0,63.07354496135352,-1.6210142803611813,0.5474693190076607
2026-09-14 18:32:00,51.0,63.08445020716267,-12.283307427522175,0.19885722035950693
2026-09-14 18:33:00,47.0,63.09535129394565,-16.644781012766664,0.5494297188210169
2026-09-14 18:34:00,43.0,63.10624819714414,-20.65665959782154,0.5504114006774046
2026-09-14 18:35:00,61.0,63.11714089201231,-2.6685349649308576,0.5513940729185478
2026-09-14 18:36:00,48.0,63.12802935361682,-15.680407090920426,0.5523777373036083
2026-09-14 18:37:00,57.0,63.13891355683492,-6.692275952383276,0.5533623955483549
2026-09-14 18:38:00,51.0,63.14979347635308,-12.704141525678317,0.5543480493252346
2026-09-14 18:39:00,46.0,63.160669086665486,-17.71600378692846,0.5553347002629749
2026-09-14 18:40:00,50.0,63.171540362072605,-13.727862712018629,0.5563223499460221
2026-09-14 18:41:00,65.0,63.182407276679996,1.260281723405245,0.5573109999147619
2026-09-14 18:42:00,67.0,63.193269804397175,3.2484295439375677,0.558300651665256
2026-09-14 18:43:00,48.0,63.20412791893632,-15.424802847076911,0.2206749281405891
2026-09-14 18:44:00,64.0,63.21498159380928,0.22473543992398065,0.5602829662667403
2026-09-14 18:45:00,59.0,63.225830802332176,-4.787106434211319,0.5612756318791412
2026-09-14 18:46:00,61.0,63.23667551761729,-2.798944822412705,0.5622693047954144
2026-09-14 18:47:00,48.0,63.24751571257545,-16.012909512217174,0.7653937996417284
2026-09-14 18:48:00,50.0,63.25835135991205,-13.822611037460105,0.5642596775480584
2026-09-14 18:49:00,54.0,63.26918243212613,-9.834438811899478,0.565256379773345
2026-09-14 18:50:00,59.0,63.280008901510705,-4.8462629955901475,0.56625409407944
2026-09-14 18:51:00,50.0,63.29083074014797,-13.858083561692125,0.5672528215441588
2026-09-14 18:52:00,58.0,63.30164791991159,-5.869900483110599,0.5682525631990103
2026-09-14 18:53:00,72.0,63.31246041246319,8.11828626750858,0.5692533200282313
2026-09-14 18:54:00,51.0,63.32326818925075,-12.893523282220212,0.5702550929694681
2026-09-14 18:55:00,57.0,63.3340712215087,-6.905329104422282,0.5712578829135779
2026-09-14 18:56:00,47.0,63.34486948025535,-16.917131170959163,0.5722616907038187
2026-09-14 18:57:00,62.0,63.35566293629128,-1.928929453428184,0.5732665171369007
2026-09-14 18:58:00,64.0,63.36645156019925,0.08957743791394018,0.5439710018868098
2026-09-14 18:59:00,64.0,63.377235322342194,0.047485448782152384,0.575279228875651
2026-09-14 19:00:00,61.0,63.38801419286178,-2.964301308393291,0.5762871155315068
2026-09-14 19:01:00,50.0,63.39878814167681,-13.976084165206776,0.5772960235299678
2026-09-14 19:02:00,58.0,63.409557138484075,-5.98786309190774,0.5783059534236656
2026-09-14 19:03:00,41.0,63.420321152753885,-22.999638058471287,0.5793169057174055
2026-09-14 19:04:00,52.0,63.431080153730754,-12.011409034599126,0.5803288808683718
2026-09-14 19:05:00,53.0,63.44183411043036,-11.023175989715824,0.5813418792854677
2026-09-14 19:06:00,47.0,63.45258299163988,-16.71675848379151,0.2641754921516295
2026-09-14 19:07:00,46.0,63.46332676591505,-18.046697713223796,0.5833709473087438
2026-09-14 19:08:00,69.0,63.474065401583545,4.941547580931375,0.5843870174850849
2026-09-14 19:09:00,53.0,63.48479886673762,-11.295868290315797,0.811069423578175
2026-09-14 19:10:00,56.0,63.49552712923846,-8.081949360454239,0.586422231215785
2026-09-14 19:11:00,62.0,63.50625015670876,-2.0936915317487017,0.5874413750399441
2026-09-14 19:12:00,61.0,63.5169679165348,-3.1054294601364614,0.5884615436016603
2026-09-14 19:13:00,67.0,63.52768037586556,3.4651926371122728,0.007126987022168407
2026-09-14 19:14:00,58.0,63.53838750160776,-6.128892456539509,0.5905049549317454
2026-09-14 19:15:00,48.0,63.549089260435466,-16.140617458008045,0.5915281975725861
2026-09-14 19:16:00,64.0,63.55978561877778,0.15819416586018875,0.2820202153620315
2026-09-14 19:17:00,63.0,63.570476542822554,-1.1640542989266733,0.5935777561041178
2026-09-14 19:18:00,57.0,63.581161998516436,-7.17576607007753,0.5946040715610934
2026-09-14 19:19:00,50.0,63.591841951557655,-14.187473362329738,0.5956314107720857
2026-09-14 19:20:00,51.0,63.602516367400135,-13.199176140795041,0.5966597733949115
2026-09-14 19:21:00,41.0,63.61318521124909,-22.5979763918968,-0.015208819352288572
2026-09-14 19:22:00,57.0,63.623848448060016,-7.22256801531802,0.5987195672580015
2026-09-14 19:23:00,49.0,63.63450604254506,-15.23425704010783,0.5997509975627722
2026-09-14 19:24:00,68.0,63.64515795916477,3.7540585914267517,0.6007834494084747
2026-09-14 19:25:00,49.0,63.655804162128426,-15.257621084330136,0.6018169222017136
2026-09-14 19:26:00,66.0,63.66644461539164,1.7307039693089314,0.6028514152994262
2026-09-14 19:27:00,52.0,63.67707928265497,-12.280966210664921,0.6038869280099561
2026-09-14 19:28:00,35.0,63.687708127364424,-29.29263158695633,0.6049234595919089
2026-09-14 19:29:00,46.0,63.698331112708196,-18.304292121963137,0.6059610092549335
2026-09-14 19:30:00,58.0,63.70894820161721,-6.315947777776803,0.6069995761595877
2026-09-14 19:31:00,40.0,63.71955935676527,-24.327598516181375,0.6080391594161156
2026-09-14 19:32:00,52.0,63.730164540565696,-12.339244298652133,0.6090797580864376
2026-09-14 19:33:00,53.0,63.74076371517175,-11.350885086354532,0.6101213711827853
2026-09-14 19:34:00,42.0,63.751356842476326,-22.362520840144462,0.6111639976681431
2026-09-14 19:35:00,58.0,63.76194388410961,-6.374151520566381,0.6122076364567732
2026-09-14 19:36:00,46.0,63.77252480143896,-18.38577708785168,0.6132522864127168
2026-09-14 19:37:00,42.0,63.78309955557002,-21.804783195129072,0.02168363955905761
2026-09-14 19:38:00,47.0,63.7936681073424,-17.409012722380126,0.6153446150377277
2026-09-14 19:39:00,58.0,63.804230417339156,-6.42062270852424,0.616392291185079
2026-09-14 19:40:00,40.0,63.81478644587581,-24.43222741933274,0.6174409734569366
2026-09-14 19:41:00,47.0,63.82533615300369,-17.4438268134703,0.6184906604666054
2026-09-14 19:42:00,66.0,63.83587949850777,1.5445791507128384,0.619541350779393
2026-09-14 19:43:00,44.0,63.84641644190551,-20.326577022480738,0.48016058057522315
2026-09-14 19:44:00,61.0,63.856946942447664,-3.4785926777708207,0.6216457353231561
2026-09-14 19:45:00,73.0,63.86747095911856,8.509829614449409,0.6226994264320211
2026-09-14 19:46:00,51.0,63.877988450633886,-13.501742565233485,0.6237541145995991
2026-09-14 19:47:00,50.0,63.88849937544251,-14.513309173581218,0.6248097981387133
2026-09-14 19:48:00,49.0,63.89900369172355,-15.52487016703702,0.6258664753134724
2026-09-14 19:49:00,59.0,63.909501357387974,-5.536425501726524,0.6269241443385525
2026-09-14 19:50:00,51.0,63.91999233007679,-13.547975133456823,0.6279828033800285
2026-09-14 19:51:00,49.0,63.930476567163105,-15.559519017718017,0.6290424505549126
2026-09-14 19:52:00,54.0,63.94095402575,-10.572236440455677,0.6312824147056801
2026-09-14 19:53:00,51.0,63.9514246626714,-13.582589364194815,0.6311647015234172
2026-09-14 19:54:00,46.0,63.9618884344941,-18.304646817299062,0.3427583828049592
2026-09-14 19:55:00,39.0,63.97234529751376,-25.605636178687107,0.6332908811733446
2026-09-14 19:56:00,33.0,63.98279520776252,-31.617150646768234,0.6343554390057164
2026-09-14 19:57:00,40.0,63.99323812100346,-24.628659093611734,0.6354209726082729
2026-09-14 19:58:00,54.0,64.00367399273212,-10.640161472474306,0.6364874797421862
2026-09-14 19:59:00,44.0,64.01410277817655,-20.65165773629709,0.6375549581205462
2026-09-14 20:00:00,33.0,64.02452443229872,-31.663147837704873,0.6386234054061504
2026-09-14 20:01:00,52.0,64.0349389097935,-12.674631729007054,0.6396928192135505
2026-09-14 20:02:00,51.0,64.04534616509059,-13.686109362198065,0.640763197107475
2026-09-14 20:03:00,65.0,64.05574615235456,0.302419311041642,0.6418345366037954
2026-09-14 20:04:00,56.0,64.06613882548618,-8.70904566065516,0.6429068351689864
2026-09-14 20:05:00,54.0,64.0765241381235,-10.720504228343895,0.6439800902203956
2026-09-14 20:06:00,53.0,64.08690204364248,-11.731956342768044,0.6450542991255617
2026-09-14 20:07:00,32.0,64.09727249515787,-32.74340195436148,0.6461294592036069
2026-09-14 20:08:00,66.0,64.1076354455256,1.245158986751055,0.647205567723347
2026-09-14 20:09:00,56.0,64.11799084734234,-8.766273469247311,0.6482826219049684
2026-09-14 20:10:00,38.0,64.1283386529489,-26.777699271867718,0.6493606189188199
2026-09-14 20:11:00,40.0,64.13867881443026,-24.789118370316512,0.6504395558862512
2026-09-14 20:12:00,49.0,64.14901128361763,-15.800530713496148,0.651519429878519
2026-09-14 20:13:00,51.0,64.1593360120903,-14.089312553166256,0.9299765410759591
2026-09-14 20:14:00,57.0,64.16965295117726,-8.10346867712066,0.9338157259434041
2026-09-14 20:15:00,29.0,64.17996205195931,-35.299641952777634,0.11967990081832625
2026-09-14 20:16:00,53.0,64.19026326526833,-11.846111501042635,0.6558482357743003
2026-09-14 20:17:00,42.0,64.20055654170181,-22.857489290898165,0.6569327491963577
2026-09-14 20:18:00,48.0,64.21084183161244,-16.995458485164754,0.7846166535523196
2026-09-14 20:19:00,38.0,64.22111908511688,-26.88022361301908,0.6591045279022012
2026-09-14 20:20:00,38.0,64.23138825209271,-26.891580038650247,0.6601917865575331
2026-09-14 20:21:00,64.0,64.2416492821847,-0.902929235761061,0.6612799535763685
2026-09-14 20:22:00,30.0,64.25190212480736,-34.914271150323614,0.6623690255162558
2026-09-14 20:23:00,38.0,64.26214672914602,-26.925605728029932,0.663458998883911
2026-09-14 20:24:00,42.0,64.27238304416248,-22.932605069593965,0.6602220254314801
2026-09-14 20:25:00,36.0,64.28261101859663,-28.948252654276658,0.6656416356800321
2026-09-14 20:26:00,37.0,64.29283060097113,-27.95956489284033,0.6667342918692043
2026-09-14 20:27:00,37.0,64.30304173959412,-27.970869574602535,0.6678278350084099
2026-09-14 20:28:00,41.0,64.3132443825635,-23.982166643914198,0.6689222613507013
2026-09-14 20:29:00,50.0,64.32343847776988,-14.993456044868216,0.670017567098327
2026-09-14 20:30:00,46.0,64.3336239729041,-19.13476150647151,0.8011375335673989
2026-09-14 20:31:00,46.0,64.34380081545817,-19.01601161681498,0.6722108013568118
2026-09-14 20:32:00,51.0,64.35396895272831,-14.319659364096115,0.9656904113678024
2026-09-14 20:33:00,60.0,64.36412833182352,-5.038535838171461,0.6744075063479329
2026-09-14 20:34:00,45.0,64.37427889966344,-20.243207932424216,0.868929032760775
2026-09-14 20:35:00,44.0,64.38442060299103,-20.93075377506451,0.5463331720734885
2026-09-14 20:36:00,54.0,64.3945533883732,-11.07226238894661,0.6777090005734152
2026-09-14 20:37:00,51.0,64.40467720221115,-14.083488400686054,0.6788111984749037
2026-09-14 20:38:00,54.0,64.41479199074115,-11.094706229938211,0.6799142391970605
2026-09-14 20:39:00,47.0,64.42489770004275,-18.105915818445553,0.6810181184028039
2026-09-14 20:40:00,41.0,64.43499427604232,-24.11711710774362,0.6821228317013066
2026-09-14 20:41:00,49.0,64.44508166452263,-16.12831003916976,0.683228374647129
2026-09-14 20:42:00,58.0,64.45515981112551,-7.351523771542513,0.8963639604170055
2026-09-14 20:43:00,62.0,64.4652286613618,-3.1506705927884866,0.6854419314266806
2026-09-14 20:44:00,35.0,64.47528816061661,-30.161838096710373,0.6865499360937548
2026-09-14 20:45:00,39.0,64.48533825415609,-26.172997006230357,0.6876587520742703
2026-09-14 20:46:00,49.0,64.49537888713404,-16.18414726177864,0.6887683746445958
2026-09-14 20:47:00,48.0,64.50541000459953,-17.19528880362283,0.6898787990233046
2026-09-14 20:48:00,43.0,64.51543155150542,-22.206421571878302,0.6909900203728938
2026-09-14 20:49:00,48.0,64.52544347271453,-17.21754550651114,0.6921020337966155
2026-09-14 20:50:00,41.0,64.53544571300905,-24.22866054734947,0.6932148343404236
2026-09-14 20:51:00,53.0,64.54543821709831,-12.239766634089246,0.6943284169909418
2026-09-14 20:52:00,54.0,64.55542092962702,-11.250863706302075,0.6954427766750513
2026-09-14 20:53:00,39.0,64.5653937951857,-26.261951703445238,0.6965579082595355
2026-09-14 20:54:00,40.0,64.57535675831645,-25.273030564867653,0.697673806551208
2026-09-14 20:55:00,45.0,64.58530976352628,-20.2841002298206,0.6987904662943123
2026-09-14 20:56:00,45.0,64.59525275529437,-20.29516063746612,0.6999078821717575
2026-09-14 20:57:00,45.0,64.60518567808042,-20.306211726884126,0.7010260488037119
2026-09-14 20:58:00,41.0,64.61510847633834,-24.31725343708537,0.7021449607470345
2026-09-14 20:59:00,51.0,64.62502109452431,-14.328285707018448,0.703264612494138
2026-09-14 21:00:00,36.0,64.63492347710768,-29.339308475581177,0.7043849984735004
2026-09-14 21:01:00,34.0,64.64481556858142,-31.35859814040471,0.7137825718232875
2026-09-14 21:02:00,44.0,64.65469731347375,-21.36132526398217,0.7066279505084196
2026-09-14 21:03:00,51.0,64.66456865636,-14.372319161443482,0.7077505050834816
2026-09-14 21:04:00,41.0,64.67442954187172,-24.38330331279938,0.7088737709276671
2026-09-14 21:05:00,44.0,64.6842799147115,-21.39427765683914,0.7099977421276407
2026-09-14 21:06:00,26.0,64.69411971966375,-39.40524213236422,0.711122412700476
2026-09-14 21:07:00,31.0,64.70394890160684,-34.416196678199434,0.712247776592605
2026-09-14 21:08:00,45.0,64.71376740552715,-20.427141233207156,0.7133738276800017
2026-09-14 21:09:00,42.0,64.72357517652975,-23.43807573629538,0.7145005597656393
2026-09-14 21:10:00,50.0,64.73337215985435,-15.449000126434651,0.7156279665802998
2026-09-14 21:11:00,46.0,64.74315830088464,-19.459914342664813,0.7167560417801724
2026-09-14 21:12:00,29.0,64.7529335451683,-36.003574544798525,0.250640999630221
2026-09-14 21:13:00,54.0,64.76269783842343,-11.481712010009277,0.7190141715858402
2026-09-14 21:14:00,33.0,64.77245112656726,-32.49259533968898,0.7201442131217277
2026-09-14 21:15:00,32.0,64.78219335571767,-33.50346825262065,0.7212748969029832
2026-09-14 21:16:00,33.0,64.79192447221013,-32.75186929390488,0.9599448216947621
2026-09-14 21:17:00,45.0,64.80164442261419,-20.525182586806565,0.7235381641923766
2026-09-14 21:18:00,34.0,64.81135315374388,-31.53602388773738,0.7246707339934915
2026-09-14 21:19:00,42.0,64.82105061267606,-23.5468545313001,0.7258039186240381
2026-09-14 21:20:00,29.0,64.83073674676591,-36.918692402813775,1.0879556560478676
2026-09-14 21:21:00,45.0,64.84041150366404,-20.56848360771174,0.7280721040476976
2026-09-14 21:22:00,46.0,64.85007483132868,-19.57928192179626,0.7292070904675683
2026-09-14 21:23:00,48.0,64.85972667804604,-17.590069341013606,0.7303426629675585
2026-09-14 21:24:00,23.0,64.8693669924447,-42.965743040887624,1.0963760484429201
2026-09-14 21:25:00,34.0,64.87899572351495,-31.61161126002567,0.7326155365107212
2026-09-14 21:26:00,32.0,64.88861282062034,-33.62236564310411,0.7337528224837655
2026-09-14 21:27:00,27.0,64.89821823352065,-38.633108897916415,0.7348906643957633
2026-09-14 21:28:00,43.0,64.90781191238602,-22.643840966872233,0.7360290544862096
2026-09-14 21:29:00,8.0,64.91739380781657,-57.6545617927208,0.7371679849042323
2026-09-14 21:30:00,5.0,64.92696387085913,-60.665271318566596,0.73830744770747
2026-09-14 21:31:00,5.0,64.93652205302365,-60.803876459754235,0.8673544067305841
2026-09-14 21:32:00,4.0,64.9460683063066,-61.24547541753918,0.2994071112325827
2026-09-14 21:33:00,9.0,64.955602583197,-56.697331532785526,0.74172894958852
2026-09-14 21:34:00,6.0,64.96512483671766,-59.707995297325404,0.7428704606077332
2026-09-14 21:35:00,1.0,64.9746350204218,-64.7186474832834,0.7440124628616047
2026-09-14 21:36:00,5.0,64.98413308843693,-60.72928803626398,0.7451549478270465
2026-09-14 21:37:00,2.0,64.99361899547407,-63.739916902357976,0.7462979068839104
2026-09-14 21:38:00,5.0,65.0030926968515,-60.750534028165404,0.7474413313139081
2026-09-14 21:39:00,4.0,65.01255414851178,-61.761139360811256,0.7485852122994743
2026-09-14 21:40:00,6.0,65.0220033070421,-59.77173284796553,0.7497295409234255
2026-09-14 21:41:00,7.0,65.03144012969061,-58.782314437859135,0.7508743081685196
2026-09-14 21:42:00,5.0,65.04086457438174,-60.7928840792981,0.7520195049163476
2026-09-14 21:43:00,5.0,65.05027659974387,-60.80344172169082,0.7531651219469495
2026-09-14 21:44:00,5.0,65.05967616510127,-60.813987315038666,0.7543111499374078
2026-09-14 21:45:00,6.0,65.06906323051825,-59.824520809980484,0.7554575794622309
2026-09-14 21:46:00,2.0,65.07843775680743,-63.835042157799904,0.7566044009924724
2026-09-14 21:47:00,4.0,65.08779970554613,-61.845551310441984,0.7577516048958444
2026-09-14 21:48:00,3.0,65.09714903910478,-62.856048220540636,0.7588991814358508
2026-09-14 21:49:00,2.0,65.1064857206349,-63.866532841405906,0.7600471207710058
2026-09-14 21:50:00,6.0,65.11580971411438,-59.877005127069715,0.7611954129553311
2026-09-14 21:51:00,4.0,65.12512098435249,-61.887465032290486,0.7623440479380008
2026-09-14 21:52:00,35.0,65.13441949700713,-30.89791251257002,0.7634930155628865
2026-09-14 21:53:00,35.0,65.14370521860302,-30.908347524172505,0.7646423055694953
2026-09-14 21:54:00,32.0,65.15297811652984,-33.91877002412059,0.7657919075907529
2026-09-14 21:55:00,36.0,65.16223815905555,-30.317706859367753,1.1554687003121984
2026-09-14 21:56:00,27.0,65.1714853153405,-38.939577321020515,0.7680920056800176
2026-09-14 21:57:00,20.0,65.18071955544274,-45.949962035924834,0.7692424804821059
2026-09-14 21:58:00,36.0,65.18994085033749,-29.960334075105823,0.770393224768327
2026-09-14 21:59:00,38.0,65.1991491719235,-27.97069339956458,0.7715442276410869
2026-09-14 22:00:00,46.0,65.2083444930362,-19.981039971135075,0.772695478098882
2026-09-14 22:01:00,40.0,65.21752678745418,-25.99137375249058,0.7738469650363982
2026-09-14 22:02:00,27.0,65.22669602990783,-39.00169470715354,0.7749986772457191
2026-09-14 22:03:00,42.0,65.2358521960864,-24.012002799502856,0.776150603416454
2026-09-14 22:04:00,33.0,65.24499526264329,-33.02229799478096,0.7773027321376702
2026-09-14 22:05:00,42.0,65.25412520719868,-24.0325802590969,0.7784550518982201
2026-09-14 22:06:00,27.0,65.26324200834657,-38.95977221585588,0.696530207509312
2026-09-14 22:07:00,37.0,65.27234564565153,-29.05310586365292,0.7807602180013902
2026-09-14 22:08:00,47.0,65.28143609965363,-19.06334914048762,0.7819130408339845
2026-09-14 22:09:00,27.0,65.29051335186423,-39.07357935955367,0.7830660076894276
2026-09-14 22:10:00,43.0,65.29957738476293,-23.083796491341033,0.7842191065781066
2026-09-14 22:11:00,39.0,65.30862818179261,-27.094000507213877,0.7853723254212639
2026-09-14 22:12:00,37.0,65.31766572735178,-29.104191379402728,0.7865256520509405
2026-09-14 22:13:00,34.0,65.3266900067881,-32.11436908100244,0.7876790742143385
2026-09-14 22:14:00,35.0,65.3357010063846,-31.124533585959796,0.7888325795751996
2026-09-14 22:15:00,32.0,65.34469871334673,-34.134684869064166,0.789986155717429
2026-09-14 22:16:00,22.0,65.35368311579141,-44.0879984218566,0.7343153060651844
2026-09-14 22:17:00,20.0,65.36265420272244,-46.12202128585366,0.7593670831312238
2026-09-14 22:18:00,26.0,65.37161196401732,-40.1650591475384,0.7934471835210815
2026-09-14 22:19:00,41.0,65.38055639039943,-25.175157307512467,0.7946009171130299
2026-09-14 22:20:00,33.0,65.38948747341342,-33.185242131708705,0.7957546582952801
2026-09-14 22:21:00,24.0,65.39840520539704,-42.195313599627774,0.7969083942307407
2026-09-14 22:22:00,38.0,65.40730957944764,-28.20537169147471,0.7980621120270683
2026-09-14 22:23:00,34.0,65.41620058938764,-32.21541638812872,0.7992157987410735
2026-09-14 22:24:00,32.0,65.42507822972625,-34.225447671109116,0.8003694413828697
2026-09-14 22:25:00,25.0,65.43394249561746,-41.23546552253827,0.8015230269208189
2026-09-14 22:26:00,34.0,65.44279338281379,-32.2454699251011,0.8026765422873154
2026-09-14 22:27:00,21.0,65.45163088761655,-45.25546086200047,0.8038299743839161
2026-09-14 22:28:00,35.0,65.46045500682543,-31.057567089773,0.5971120829475751
2026-09-14 22:29:00,28.0,65.4692657376745,-38.27540227392656,0.8061365362520547
2026-09-14 22:30:00,20.0,65.47806307778174,-46.285352717506406,0.8072896397246723
2026-09-14 22:31:00,30.0,65.4868470250714,-36.29528963241264,0.8084426073412487
2026-09-14 22:32:00,21.0,65.49561757770824,-45.305213003648795,0.8095954259405431
2026-09-14 22:33:00,46.0,65.50437473401583,-20.31512281638501,0.8107480823691873
2026-09-14 22:34:00,34.0,65.51311849239903,-32.54235158162581,1.0292330892267785
2026-09-14 22:35:00,33.0,65.52184885125556,-33.33490170744291,0.8130528561873547
2026-09-14 22:36:00,20.0,65.53056580887821,-46.3447707562556,0.8142049473773909
2026-09-14 22:37:00,36.0,65.53926936336369,-30.354626187379125,0.8153568240154385
2026-09-14 22:38:00,35.0,65.54795951250371,-31.579539917382426,1.03158040487871
2026-09-14 22:39:00,26.0,65.55663625368072,-40.37429613539164,0.8176598817109095
2026-09-14 22:40:00,39.0,65.56529958374148,-27.38411062070178,0.8188110369602981
2026-09-14 22:41:00,29.0,65.57394949887987,-37.8335978421635,1.2596483432836294
2026-09-14 22:42:00,28.0,65.58258599450664,-38.40369853081843,0.8211125363117873
2026-09-14 22:43:00,36.0,65.59120906510638,-30.4134719202113,0.8222628551049098
2026-09-14 22:44:00,25.0,65.59981870409769,-41.42323157404662,0.8234128699489247
2026-09-14 22:45:00,27.0,65.60841490368006,-39.43297747215402,0.824562568473965
2026-09-14 22:46:00,35.0,65.61699765467075,-31.44270959311741,0.8257119384466591
2026-09-14 22:47:00,25.0,65.62556694634027,-41.45242791412163,0.8268609677813572
2026-09-14 22:48:00,43.0,65.63412276622971,-23.46213241078479,0.8280096445550811
2026-09-14 22:49:00,33.0,65.6426650999688,-33.47182305698791,0.8291579570191203
2026-09-14 22:50:00,27.0,65.65119393107209,-39.79753676388544,1.146342832813346
2026-09-14 22:51:00,25.0,65.65970924074283,-41.49116268372296,0.8314534429801341
2026-09-14 22:52:00,31.0,65.66821100764246,-35.50081160162128,0.8326005939788246
2026-09-14 22:53:00,29.0,65.67669920767797,-37.5104465433792,0.8337473357012328
2026-09-14 22:54:00,29.0,65.68517381376084,-37.52006747124808,0.8348936574872425
2026-09-14 22:55:00,32.0,65.69363479552113,-34.52967434446835,0.8360395489472126
2026-09-14 22:56:00,35.0,65.70092145301443,-31.538012626838203,0.8370911738237652
2026-09-14 22:57:00,25.0,65.70819176899346,-41.54633372896692,0.8381419599734556
2026-09-14 22:58:00,24.0,65.71544574264576,-42.55463764341657,0.839191900770814
2026-09-14 22:59:00,24.0,65.72268337375426,-42.562924363392035,0.8402409896377634
2026-09-14 23:00:00,25.0,65.72990466270468,-41.5711938827489,0.8412892200442172
2026-09-14 23:01:00,22.0,65.7371096104226,-44.579446195926025,0.8423365855034177
2026-09-14 23:02:00,20.0,65.74429821560645,-46.58768129501398,0.8433830794075305
2026-09-14 23:03:00,27.0,65.75147047924742,-39.59589917453796,0.8444286952905458
2026-09-14 23:04:00,24.0,65.7586264014914,-42.604099828147525,0.8454734266561275
2026-09-14 23:05:00,29.0,65.76576598344269,-37.61228325050426,0.8465172670615715
2026-09-14 23:06:00,28.0,65.77288922678282,-38.62044943689623,0.8475602101134001
2026-09-14 23:07:00,19.0,65.77999613380331,-47.62859838326616,0.8486022494628571
2026-09-14 23:08:00,26.0,65.78708670738678,-40.63673008619743,0.8496433788106543
2026-09-14 23:09:00,24.0,65.79416095097855,-42.644844542876946,0.8506835918983882
2026-09-14 23:10:00,35.0,65.80121886862278,-31.652941751148752,0.8517228825259622
2026-09-14 23:11:00,15.0,65.8082604649308,-51.661021709449756,0.852761244518959
2026-09-14 23:12:00,25.0,65.81528574503038,-41.66908441679268,0.8537986717623056
2026-09-14 23:13:00,26.0,65.8222947144915,-40.67712987263428,0.8548351581427767
2026-09-14 23:14:00,26.0,65.82928737953488,-40.685158077150405,0.8558706976155293
2026-09-14 23:15:00,35.0,65.83626374684708,-31.69316903101849,0.856905284171404
2026-09-14 23:16:00,17.0,65.84322382368237,-49.70116273552749,0.8579389118451246
2026-09-14 23:17:00,29.0,65.85016761788438,-37.7091391926119,0.8589715747275193
2026-09-14 23:18:00,21.0,65.8570951378209,-45.71709840476492,0.8600032669440196
2026-09-14 23:19:00,22.0,65.86400639235777,-44.72504037502012,0.8610339826623488
2026-09-14 23:20:00,28.0,65.87090139097427,-38.73296510707948,0.8620637161052116
2026-09-14 23:21:00,27.0,65.87778014360767,-39.740872605135074,0.8630924615274154
2026-09-14 23:22:00,25.0,65.88464266070402,-41.74876287394141,0.8641202132373991
2026-09-14 23:23:00,22.0,65.89148895316139,-45.21927322120266,1.3277842680412704
2026-09-14 23:24:00,22.0,65.89831902737971,-44.76449173993813,0.8661727125584235
2026-09-14 23:25:00,19.0,65.90513289349454,-47.82523812465789,0.9201052311633475
2026-09-14 23:26:00,24.0,65.91193055957557,-42.78015172720105,0.8682211676254923
2026-09-14 23:27:00,23.0,65.91871203492146,-43.787955899044405,0.8692438641229501
2026-09-14 23:28:00,19.0,65.92547732940673,-47.79574286170756,0.8702655323008344
2026-09-14 23:29:00,20.0,65.93222645346361,-46.80351261995301,0.8712861664893978
2026-09-14 23:30:00,33.0,65.93895941807614,-33.811265179143845,0.8723057610677074
2026-09-14 23:31:00,25.0,65.9456762347707,-41.81900054523172,0.8733243104610153
2026-09-14 23:32:00,20.0,65.9523769156156,-46.82671872475884,0.874341809143246
2026-09-14 23:33:00,25.0,65.95906147323308,-41.83441972486507,0.8753582516319938
2026-09-14 23:34:00,23.0,65.9657299207624,-43.84210355325847,0.8763736324960689
2026-09-14 23:35:00,26.0,65.97238227115507,-41.24426647017313,1.2718841990180607
2026-09-14 23:36:00,33.0,65.97901853837126,-33.85741972592157,0.8784011875503097
2026-09-14 23:37:00,25.0,65.98563873651516,-41.8650520875083,0.879413350993147
2026-09-14 23:38:00,23.0,65.9922428803165,-43.87266731159002,0.880424431273525
2026-09-14 23:39:00,29.0,65.99883098504239,-37.88026540816653,0.8814344231241478
2026-09-14 23:40:00,27.0,66.00540306642029,-39.68832947858389,0.6829264121635958
2026-09-14 23:41:00,24.0,66.01195913600343,-42.895410256382775,0.8834511203793483
2026-09-14 23:42:00,29.0,66.0184992086893,-37.9029570237383,0.8844578150490037
2026-09-14 23:43:00,25.0,66.02502329760728,-41.91048669757923,0.8854633999719539
2026-09-14 23:44:00,33.0,66.0315314168875,-33.9179992867578,0.8864678698703017
2026-09-14 23:45:00,23.0,66.03802357625167,-44.31646534345279,1.278441767201116
2026-09-14 23:46:00,33.0,66.04449978911856,-33.93297323176572,0.8884734426471539
2026-09-14 23:47:00,13.0,66.05096006685281,-53.940434601661046,0.8894745348082438
2026-09-14 23:48:00,23.0,66.05740441907135,-43.94787890923302,0.8904744901616795
2026-09-14 23:49:00,24.0,66.063832857782,-42.9553061611387,0.8914733033567046
2026-09-14 23:50:00,28.0,66.07024539402835,-38.96271636302185,0.8924709689935071
2026-09-14 23:51:00,31.0,66.07664203985169,-35.970109521601415,0.8934674817497239
2026-09-14 23:52:00,26.0,66.08302280770963,-40.97748564405075,0.8944628363411198
2026-09-14 23:53:00,19.0,66.08938771059843,-47.98484473812929,0.8954570275308527
2026-09-14 23:54:00,21.0,66.09573676205572,-45.99218681218623,0.896450050130511
2026-09-14 23:55:00,18.0,66.10206997615042,-48.99951187515053,0.8974418990001141
2026-09-14 23:56:00,23.0,66.10838736748539,-44.00681993653298,0.8984325690475856
2026-09-14 23:57:00,27.0,66.11468894661402,-40.01411100154722,0.899422054933197
2026-09-14 23:58:00,32.0,66.12097472750735,-35.02138507905792,0.9004103515505761
2026-09-14 23:59:00,21.0,66.12724472239236,-46.02864217608698,0.9013974536946137
2026-09-15 00:00:00,26.0,66.1334989446111,-41.638945097365884,1.5054461527547716
2026-09-15 00:01:00,21.0,66.1397374080567,-35.95781203615176,-9.181925371904946
2026-09-15 00:02:00,21.0,66.14596012713712,-29.461838649007614,-15.684121478129498
2026-09-15 00:03:00,15.0,66.15216711683486,-26.465855579999833,-24.686311536835028
2026-09-15 00:04:00,22.0,66.15835839267763,-35.969862842945005,-8.188495549732622
2026-09-15 00:05:00,27.0,66.16453397075506,-32.47386045203407,-6.690673518720992
2026-09-15 00:06:00,23.0,66.17069386770805,-43.012113694824016,-0.15858017288402948
2026-09-15 00:07:00,21.0,66.17683810072906,-37.98182676728084,-7.195011333448214
2026-09-15 00:08:00,26.0,66.18296668755085,-41.02526575105407,0.8422990635032193
2026-09-15 00:09:00,23.0,66.1890796464675,-34.98975464707043,-8.199324999397078
2026-09-15 00:10:00,32.0,66.19517699624028,-37.30265220478591,3.1074752085456367
2026-09-15 00:11:00,18.0,66.2012587562093,-41.497644216822785,-6.703614539386514
2026-09-15 00:12:00,20.0,66.2073249461643,-32.50157467491397,-13.705750271250338
2026-09-15 00:13:00,20.0,66.21337558639908,-50.505495601616104,4.292120015217023
2026-09-15 00:14:00,20.0,66.21941069774198,-46.73518267604377,0.5157719783017853
2026-09-15 00:15:00,20.0,66.22543030146072,-39.5133089223864,-6.712121379074318
2026-09-15 00:16:00,23.0,66.23143441940755,-44.71554024726843,1.4841058278608728
2026-09-15 00:17:00,21.0,66.23742307379248,-42.52108430389096,-2.716338769901526
2026-09-15 00:18:00,28.0,66.24339628726123,-47.02495780578027,8.781561518519041
2026-09-15 00:19:00,28.0,66.24935408297996,-48.5288218692315,10.279467786251544
2026-09-15 00:20:00,13.0,66.25529648454959,-48.53267651021165,-4.722619974337938
2026-09-15 00:21:00,22.0,66.26122351610763,-44.769373593655445,0.5081500775478105
2026-09-15 00:22:00,28.0,66.2671352021623,-46.540357590549434,8.27322238838714
2026-09-15 00:23:00,21.0,66.27303156768141,-50.04418406381547,4.77115249613405
2026-09-15 00:24:00,20.0,66.27891263809866,-46.09177475143548,-0.1871378866631801
2026-09-15 00:25:00,26.0,66.28477843933136,-51.55180896070232,11.267030521370955
2026-09-15 00:26:00,21.0,66.2906289977273,-47.675157669515286,2.38452867178799
2026-09-15 00:27:00,25.0,66.2964643401046,-47.559396570208676,6.26293223010407
2026-09-15 00:28:00,27.0,66.30228449369598,-48.06317643250507,8.760891938809081
2026-09-15 00:29:00,19.0,66.30808948619016,-47.471399371143825,0.1633098849536765
2026-09-15 00:30:00,23.0,66.3138793420249,-45.684671594569664,2.37079225254476
2026-09-15 00:31:00,19.0,66.31965408832258,-48.456446716589696,1.1367926282671164
2026-09-15 00:32:00,22.0,66.32541374511469,-48.03446088533739,3.709047140222694
2026-09-15 00:33:00,18.0,66.33115833681845,-39.58193699342041,-8.749221343398034
2026-09-15 00:34:00,26.0,66.3368878854065,-36.085661473367225,-4.251226412039273
2026-09-15 00:35:00,28.0,66.34260241420091,-35.08937678102794,-3.253225633172974
2026-09-15 00:36:00,19.0,66.34830194674366,-34.59308293094762,-12.755219015796044
2026-09-15 00:37:00,14.0,66.35398650716382,-30.096779939266817,-22.257206567897008
2026-09-15 00:38:00,35.0,66.35965611989646,-34.3474265655937,2.987770445697251
2026-09-15 00:39:00,22.0,66.36531080985446,-39.604146588882195,-4.761164220972269
2026-09-15 00:40:00,17.0,66.37095060238971,-37.6078162597932,-11.763134342596508
2026-09-15 00:41:00,20.0,66.37657552332642,-36.61147684833743,-9.765098674988991
2026-09-15 00:42:00,20.0,66.38218559422137,-36.61512836997828,-9.76705722424309
2026-09-15 00:43:00,11.0,66.38778084007622,-35.118770840517996,-20.26900999955822
2026-09-15 00:44:00,20.0,66.3933612840134,-36.122404276007984,-10.27095700800541
2026-09-15 00:45:00,29.0,66.39892695023003,-37.17847733764014,-0.2204496125898885
2026-09-15 00:46:00,22.0,66.40447786340395,-37.629644107890485,-6.77483375551347
2026-09-15 00:47:00,24.0,66.41001404773428,-41.775346138567784,-0.6346679091664953
2026-09-15 00:48:00,27.0,66.41553552850874,-34.13684799854012,-5.278687529968622
2026-09-15 00:49:00,23.0,66.4210423309903,-37.140436507426855,-6.280605823563448
2026-09-15 00:50:00,31.0,66.426534481029,-34.785072164839576,-0.6414623161894184
2026-09-15 00:51:00,19.0,66.43201200493702,-33.1475867307946,-14.284425274142421
2026-09-15 00:52:00,25.0,66.43747492461983,-33.65114847741766,-7.786326447202178
2026-09-15 00:53:00,25.0,66.44292326553078,-30.654701335877427,-10.788221929653353
2026-09-15 00:54:00,21.0,66.44835705116564,-32.65824532290598,-12.790111728259667
2026-09-15 00:55:00,28.0,66.45377630612087,-38.21739509821089,-0.23638120790998585
2026-09-15 00:56:00,22.0,66.4591810554722,-33.665306750980385,-10.793874304491816
2026-09-15 00:57:00,19.0,66.46457132477967,-37.66882422686176,-9.79574709791791
2026-09-15 00:58:00,23.0,66.469947140076,-35.67233290098017,-7.797614239095829
2026-09-15 00:59:00,13.0,66.47530852786308,-37.1758327914313,-16.29947573643178
2026-09-15 01:00:00,19.0,66.48065551510976,-39.17932391658317,-8.301331598526588
2026-09-15 01:01:00,33.0,66.48598812924541,-39.682806295042724,6.1968181657973105
2026-09-15 01:02:00,19.0,66.4913063981541,-41.68627994571155,-5.805026452442547
2026-09-15 01:03:00,23.0,66.49661035017655,-36.68974488774474,-6.806865462431816
2026-09-15 01:04:00,22.0,66.50190001410068,-34.693201140573635,-9.80869887352705
2026-09-15 01:05:00,18.0,66.5071754191596,-42.696184746949996,-5.8109906722095985
2026-09-15 01:06:00,21.0,66.51243659502629,-35.6991607985089,-9.813275796517388
2026-09-15 01:07:00,17.0,66.51768356565739,-33.70212931862733,-15.815554247030065
2026-09-15 01:08:00,27.0,66.52291635321693,-35.20509032911715,-4.31782602409978
2026-09-15 01:09:00,21.0,66.52813497501506,-34.70804385034669,-10.820091124668373
2026-09-15 01:10:00,27.0,66.53333944433436,-34.71098990134528,-4.82234954298908
2026-09-15 01:11:00,22.0,66.5385297705416,-34.213928499908405,-10.324601270633195
2026-09-15 01:12:00,34.0,66.54370595877943,-37.716859662681685,5.173153703902258
2026-09-15 01:13:00,21.0,66.54886801114873,-37.71978340525678,-7.82908460589195
2026-09-15 01:14:00,30.0,66.55401592502541,-29.722699742248818,-6.83131618277659
2026-09-15 01:15:00,28.0,66.55914969411197,-39.00789931453898,0.4487496204270087
2026-09-15 01:16:00,27.0,66.56426930840381,-36.72851025359614,-2.835759054807667
2026-09-15 01:17:00,20.0,66.56937475379657,-37.73140445303977,-8.837970300756794
2026-09-15 01:18:00,21.0,66.57446601260388,-34.734291297226,-10.840174715377877
2026-09-15 01:19:00,24.0,66.57954306341773,-36.73717079705189,-5.842372266365842
2026-09-15 01:20:00,32.0,66.58460588121969,-33.865146622381545,-0.7194592588381425
2026-09-15 01:21:00,26.0,66.58965443747269,-32.742907804597735,-7.846746632874954
2026-09-15 01:22:00,19.0,66.5946887001022,-30.245765331654106,-17.34892336844809
2026-09-15 01:23:00,19.0,66.59970863348713,-22.248615553134613,-25.351093080352513
2026-09-15 01:24:00,29.0,66.60471419888165,-34.7514584778112,-2.853255721070454
2026-09-15 01:25:00,27.0,66.6097053539887,-37.33431308142124,-2.2753922725674585
2026-09-15 01:26:00,21.0,66.61468205322838,-38.257122470513956,-7.357559582714423
2026-09-15 01:27:00,23.0,66.61964424773898,-33.25994355491136,-10.359700692827616
2026-09-15 01:28:00,19.0,66.62459188546632,-34.762757375322344,-12.861834510143971
2026-09-15 01:29:00,35.0,66.62952491105997,-32.39108723457425,0.7615623235142834
2026-09-15 01:30:00,40.0,66.6344432660559,-34.76836325553079,8.13391998947489
2026-09-15 01:31:00,19.0,66.63934688928033,-38.271155330861944,-9.368191558418388
2026-09-15 01:32:00,21.0,66.64423571624692,-36.773940173341366,-8.87029554290556
2026-09-15 01:33:00,23.0,66.64910967924001,-35.7767177907477,-7.872391888492309
2026-09-15 01:34:00,29.0,66.65396870756484,-34.77948819091113,-2.874480516653712
2026-09-15 01:35:00,24.0,66.65881272744929,-36.282251381746754,-6.376561345702534
2026-09-15 01:36:00,33.0,66.6636416622368,-33.348573048450916,-0.3150686137858827
2026-09-15 01:37:00,31.0,66.66845543212534,-38.412343285579155,2.7438878534538134
2026-09-15 01:38:00,34.0,66.67325395466636,-41.290497779149526,8.617243824483154
2026-09-15 01:39:00,30.0,66.67803714454416,-35.9012272066617,-0.7768099378824616
2026-09-15 01:40:00,24.0,66.68280491370224,-34.295959481596306,-8.386845432105936
2026-09-15 01:41:00,27.0,66.68755717134167,-39.36222594628278,-0.3253312250588891
2026-09-15 01:42:00,23.0,66.69229382416708,-27.801392548629575,-15.890901275537502
2026-09-15 01:43:00,28.0,66.69701477601676,-30.80409836666672,-7.892916409350036
2026-09-15 01:44:00,19.0,66.70171992825406,-32.80679705367476,-14.894922874579308
2026-09-15 01:45:00,21.0,66.70640917947341,-36.309488619443144,-9.396920560030267
2026-09-15 01:46:00,23.0,66.71108242600965,-34.81217307401792,-8.898909351991733
2026-09-15 01:47:00,26.0,66.71573956147074,-35.81485042772181,-4.900889133748933
2026-09-15 01:48:00,35.0,66.72038047710424,-27.31752069115742,-4.4028597859468235
2026-09-15 01:49:00,26.0,66.72500506179834,-28.320183875213722,-12.40482118658462
2026-09-15 01:50:00,23.0,66.72961320216909,-23.822839991077675,-19.90677321109142
2026-09-15 01:51:00,27.0,66.73420478258565,-34.825489050232406,-4.908715732353244
2026-09-15 01:52:00,36.0,66.7387796858786,-31.475847241304468,0.7370675554258668
2026-09-15 01:53:00,26.0,66.74333779231155,-31.830766045867986,-8.912571746443561
2026-09-15 01:54:00,12.0,66.74787898146921,-35.83339400684338,-18.914484974625836
2026-09-15 01:55:00,28.0,66.75240313007906,-29.83601496009981,-8.91638816997925
2026-09-15 01:56:00,19.0,66.75691011341192,-30.33862891866557,-17.41828119474635
2026-09-15 01:57:00,22.0,66.7613998057573,-34.341235895877986,-10.42016390987932
2026-09-15 01:58:00,16.0,66.76587207875342,-35.34383590538933,-15.422036173364091
2026-09-15 01:59:00,65.0,66.77032680272619,-40.84642896116763,39.076102158441444
2026-09-15 02:00:00,66.0,66.77476384603303,-37.349015077491146,36.57425123145812
2026-09-15 02:01:00,67.0,66.77918307523346,-34.35159426894843,34.57241119371497
2026-09-15 02:02:00,82.0,66.7835843558857,-38.35416655044163,53.57058219455594
2026-09-15 02:03:00,71.0,66.78796755141184,-27.35673193717742,31.568764385765576
2026-09-15 02:04:00,54.0,66.79233252395198,-32.85929044466748,20.066957920715495
2026-09-15 02:05:00,82.0,66.79667913396804,-38.36184208872403,53.56516295475599
2026-09-15 02:06:00,96.0,66.80100724046484,-30.86438688545521,60.06337964499038
2026-09-15 02:07:00,72.0,66.80531670063418,-33.866924851267314,39.061608150633134
2026-09-15 02:08:00,88.0,66.80960737064048,-32.36945600285352,53.55984863221305
2026-09-15 02:09:00,61.0,66.81387910460306,-33.371980357194516,27.558101252591456
2026-09-15 02:10:00,90.0,66.81813175529506,-30.874497931547914,54.056366176252865
2026-09-15 02:11:00,59.0,66.82236517427691,-29.877008743452418,22.05464356917551
2026-09-15 02:12:00,77.0,66.8265792116206,-28.87951281071104,39.05293359909045
2026-09-15 02:13:00,76.0,66.83077371628464,-37.88201015139844,47.05123643511381
2026-09-15 02:14:00,98.0,66.83494853583305,-35.884500783843535,67.04955224801047
2026-09-15 02:15:00,72.0,66.83910351606114,-37.38698472663664,42.5478812105755
2026-09-15 02:16:00,75.0,66.84323850169986,-36.88946199860673,45.04622349690686
2026-09-15 02:17:00,111.0,66.84735333646654,43.128370309847284,1.0242763536861759
2026-09-15 02:18:00,23.0,66.85144786312043,-33.894396606631155,-9.957051256489272
2026-09-15 02:19:00,21.0,66.85552192351201,-31.89685398154663,-13.958667941965388
2026-09-15 02:20:00,33.0,66.85957535864806,-33.45284016296861,-0.4067351956794454
2026-09-15 02:21:00,47.0,66.86360800870898,-21.54480085202732,1.6811928433183425
2026-09-15 02:22:00,27.0,66.86761971332994,-27.904186627818305,-11.963433085511639
2026-09-15 02:23:00,21.0,66.8716103112477,-26.906617751072506,-18.96499256017519
2026-09-15 02:24:00,22.0,66.87557964068033,-31.9090423624119,-12.966537278268433
2026-09-15 02:25:00,24.0,66.87952753921081,-33.91146048262709,-8.96806705658372
2026-09-15 02:26:00,33.0,66.88345384393484,-29.913872132695786,-3.9695817112390586
2026-09-15 02:27:00,40.0,66.88735839264808,-29.450097207747408,2.5627388150993227
2026-09-15 02:28:00,30.0,66.8912410219542,-29.418676107177944,-7.472564914776257
2026-09-15 02:29:00,20.0,66.89510156857999,-41.92106847441358,-4.974033094166408
2026-09-15 02:30:00,25.0,66.89893986848182,-44.45228159787668,2.553341729394859
2026-09-15 02:31:00,24.0,66.90275575737314,-37.4258340771319,-5.47692168024124
2026-09-15 02:32:00,32.0,66.90654907159427,-46.92820735636811,12.02165828477385
2026-09-15 02:33:00,24.0,66.91031964676958,-49.430574316933345,6.520254670163766
2026-09-15 02:34:00,34.0,66.91406731886059,-40.432934981048774,7.518867662188185
2026-09-15 02:35:00,30.0,66.91779192356269,-43.93528937106157,7.017497447498883
2026-09-15 02:36:00,24.0,66.92149329673404,-42.48149363792507,-0.43999965880897207
2026-09-15 02:37:00,38.0,66.92517127405713,-43.43997941877499,14.514808144717847
2026-09-15 02:38:00,26.0,66.92882569135105,-40.90542703338822,-0.02339865796282936
2026-09-15 02:39:00,28.0,66.93245638459932,-37.15510892581387,-1.7773474587854565
2026-09-15 02:40:00,24.0,66.93606318997958,-44.9716019791464,2.0355387891668215
2026-09-15 02:41:00,32.0,66.939645943959,-41.94928522071635,7.009639276757355
2026-09-15 02:42:00,27.0,66.94320448325317,-41.97590603308017,2.03270154982701
2026-09-15 02:43:00,21.0,66.94673864592781,-40.45390134158772,-5.492837304340085
2026-09-15 02:44:00,28.0,66.95024826958475,-40.980197920848894,2.029949651264147
2026-09-15 02:45:00,34.0,66.95373319303647,-40.458493189001565,7.504759995965088
2026-09-15 02:46:00,30.0,66.957193256726,-36.496845844776225,-0.460347411949769
2026-09-15 02:47:00,33.0,66.96062830075779,-36.46504708483772,2.504418784079931
2026-09-15 02:48:00,39.0,66.9640381677103,-41.96533585519549,14.001297687485192
2026-09-15 02:49:00,36.0,66.96742269977022,-43.46760480957693,12.500182109806701
2026-09-15 02:50:00,31.0,66.97078174047984,-35.50244407780682,-0.46833766267302224
2026-09-15 02:51:00,34.0,66.97411513405083,-24.47212495777032,-8.501990176280515
2026-09-15 02:52:00,23.0,66.97742272560725,-26.474376198672466,-17.50304652693479
2026-09-15 02:53:00,44.0,66.98070436117152,-24.31430874394793,1.3336043827764144
2026-09-15 02:54:00,31.0,66.98395988779004,-25.978861131980292,-10.00509875580974
2026-09-15 02:55:00,26.0,66.987189153483,-24.981094871591896,-16.00609428189111
2026-09-15 02:56:00,40.0,66.99039200743302,-21.983322824660593,-5.007069182772426
2026-09-15 02:57:00,28.0,66.99356829988616,-26.985545014804917,-12.00802328508125
2026-09-15 02:58:00,31.0,66.99671788235753,-29.487761465641416,-6.508956416716117
2026-09-15 02:59:00,37.0,66.99984060760659,-18.489972200781494,-11.509868406825092
2026-09-15 03:00:00,35.0,67.00293632949239,-28.99217724382661,-3.010759085665775
2026-09-15 03:01:00,37.0,67.0060049032889,-23.49437661835991,-6.511628284928989
2026-09-15 03:02:00,33.0,67.00904618571636,-13.496570347951678,-20.512475837764683
2026-09-15 03:03:00,27.0,67.01206003498946,-23.49875845614411,-16.51330157884535
2026-09-15 03:04:00,34.0,67.01504631089223,-28.000940966456273,-5.014105344435961
2026-09-15 03:05:00,38.0,67.01800487479188,-30.348044429798104,1.3300395550062234
2026-09-15 03:06:00,26.0,67.02093558981007,-26.005289287346294,-15.015646302463772
2026-09-15 03:07:00,91.0,67.0238383206614,-14.507455144790963,38.48361682412957
2026-09-15 03:08:00,107.0,67.02671293397155,-23.509615498075135,63.48290256410358
2026-09-15 03:09:00,102.0,67.02955929819476,-27.01177037052727,61.98221107233252
2026-09-15 03:10:00,97.0,67.03237728369142,-19.01391978542201,48.9815425017306
2026-09-15 03:11:00,107.0,67.03516676280262,-27.016063765986242,66.98089700318363
2026-09-15 03:12:00,143.0,67.03792760979407,74.89818139134633,1.0638909988596055
2026-09-15 03:13:00,99.0,67.04065970110996,-19.02033551674106,50.9796758156311
2026-09-15 03:14:00,97.0,67.04336291515284,-20.52246333309942,50.47910041794658
2026-09-15 03:15:00,87.0,67.04603713245855,-21.02458580745464,40.97854867499609
2026-09-15 03:16:00,116.0,67.0486822358436,-22.026702962728827,70.97802072688522
2026-09-15 03:17:00,127.0,67.0512981103436,58.881555080305745,1.0671468093506604
2026-09-15 03:18:00,131.0,67.05388464322584,62.87832477266597,1.0677905841081952
2026-09-15 03:19:00,115.0,67.05644172427051,-20.533022742253046,68.47658101798254
2026-09-15 03:20:00,100.0,67.05896924547893,-22.035118849030628,54.97614960355169
2026-09-15 03:21:00,88.0,67.06146710136508,-27.037209750267902,47.97574264890282
2026-09-15 03:22:00,41.0,67.06393518894924,-22.539295468442774,-3.524639720506471
2026-09-15 03:23:00,36.0,67.06637340788808,-18.541376025945354,-12.524997381942725
2026-09-15 03:24:00,50.0,67.06878166740795,-27.043451445077615,9.97466977766966
2026-09-15 03:25:00,39.0,67.07115987498946,-12.045521748053664,-16.025638126935796
2026-09-15 03:26:00,33.0,67.07350794423704,-14.047586956994873,-20.02592098724216
2026-09-15 03:27:00,35.0,67.07582579171505,-18.54964709393135,-13.526178697783699
2026-09-15 03:28:00,24.0,67.07811333584031,-13.551702180795319,-29.526411155044997
2026-09-15 03:29:00,45.0,67.08037049847029,-17.053752239424682,-5.026618259045605
2026-09-15 03:30:00,30.0,67.08259720406389,-14.555797291557354,-22.526799912506533
2026-09-15 03:31:00,38.0,67.08479337996602,-17.557837358829335,-11.526956021136684
2026-09-15 03:32:00,42.0,67.08695895647446,-23.927193099491063,-1.1597658569833982
2026-09-15 03:33:00,50.0,67.0890938667033,-15.92636249341474,-1.1627313732885511
2026-09-15 03:34:00,49.0,67.0911980466554,-19.738569966264645,1.6473719196092418
2026-09-15 03:35:00,48.0,67.09327143530103,-23.494374383179476,4.401102947878442
2026-09-15 03:36:00,36.0,67.09531397445268,-16.56796367234629,-14.527350302106385
2026-09-15 03:37:00,42.0,67.09732560882436,-16.069974278995474,-9.027351329828889
2026-09-15 03:38:00,45.0,67.09930628644635,-18.571980049292854,-3.5273262371534955
2026-09-15 03:39:00,29.0,67.10125595841379,-20.573981004014037,-17.52727495439975
2026-09-15 03:40:00,49.0,67.10317457913408,-16.085317554264744,-2.017857024869329
2026-09-15 03:41:00,45.0,67.10506210615193,-15.077968549276509,-7.027093556875428
2026-09-15 03:42:00,28.0,67.10691850050266,-17.07995518080726,-22.026963319695398
2026-09-15 03:43:00,45.0,67.10874372751782,-16.581937078736583,-5.526806648781232
2026-09-15 03:44:00,45.0,67.11053775502991,-15.083914263270112,-7.0266234917598
2026-09-15 03:45:00,34.0,67.11230055579885,-8.585886754495611,-24.526413801303242
2026-09-15 03:46:00,42.0,67.11403210640822,-15.587854572383591,-9.526177534024626
2026-09-15 03:47:00,56.0,67.11573238631226,-14.726840121815508,3.6111077355032535
2026-09-15 03:48:00,57.0,67.11740137887975,-11.76837487792002,1.6509734990402762
2026-09-15 03:49:00,38.0,67.11903907039408,-10.093730183909951,-19.025308886484126
2026-09-15 03:50:00,58.0,67.12064545079934,-18.59567950574186,9.475034054942512
2026-09-15 03:51:00,58.0,67.12222051318021,-17.097624252283836,7.975403739103626
2026-09-15 03:52:00,54.0,67.12376425445369,-11.10008891143229,-2.023675343021395
2026-09-15 03:53:00,50.0,67.12527667622659,-20.05146088176205,2.9261842055354634
2026-09-15 03:54:00,43.0,67.12675778272167,-13.603431232017483,-10.523326550704184
2026-09-15 03:55:00,47.0,67.1282075824656,-5.105357868634064,-15.02284971383154
2026-09-15 03:56:00,44.0,67.12962608736294,-20.107280024964684,-3.022346062398256
2026-09-15 03:57:00,40.0,67.13101331430448,1.3908022803598783,-28.52181559466436
2026-09-15 03:58:00,32.0,67.13236928292783,-1.1111109711659215,-34.021258311761905
2026-09-15 03:59:00,50.0,67.13369401740128,-10.113019797926295,-7.020674219474984
2026-09-15 04:00:00,59.0,67.13498754503831,-14.614924218174734,6.479936673136422
2026-09-15 04:01:00,58.0,67.13624989698039,-16.616824250043088,7.480574353062707
2026-09-15 04:02:00,59.0,67.13748110806583,-8.04085105289334,-0.0966300551724828
2026-09-15 04:03:00,58.0,67.13868121689819,-7.1206112205352055,-2.018069996362982
2026-09-15 04:04:00,48.0,67.13985026585361,-6.122498194790085,-13.017352071063527
2026-09-15 04:05:00,44.0,67.14098830108561,-13.124380851927365,-10.01660744915825
2026-09-15 04:06:00,44.0,67.14209537253855,-20.12625920944626,-3.0158361630922883
2026-09-15 04:07:00,66.0,67.14317153397829,-19.628133284720946,18.484961750742656
2026-09-15 04:08:00,55.0,67.14421684283886,-5.630003094999459,-6.514213747839399
2026-09-15 04:09:00,46.0,67.14523136054113,-4.6318686574060175,-16.513362703135115
2026-09-15 04:10:00,47.0,67.14621515204027,-14.633729988934967,-5.512485163105303
2026-09-15 04:11:00,66.0,67.14716828607799,-3.5375543194590553,2.390386033381077
2026-09-15 04:12:00,45.0,67.14809083515802,-2.137440026724536,-20.010650808433482
2026-09-15 04:13:00,68.0,67.14898287554448,-8.139288766352939,8.990305890808457
2026-09-15 04:14:00,51.0,67.14984448731292,-12.64113334184083,-3.508711145472091
2026-09-15 04:15:00,41.0,67.15067575433777,-9.64297376956102,-16.507701984776745
2026-09-15 04:16:00,37.0,67.15147676431793,-12.644810065758854,-17.50666669855908
2026-09-15 04:17:00,49.0,67.15224760876531,-18.46653638684786,0.31428877808255606
2026-09-15 04:18:00,49.0,67.1529883829996,-3.1484703279575914,-15.004518055042006
2026-09-15 04:19:00,65.0,67.15369919285025,-16.650294325827524,14.496595132977276
2026-09-15 04:20:00,53.0,67.154380143615,-11.65211425591324,-2.5022658877017676
2026-09-15 04:21:00,46.0,67.15503134763944,-7.653930133841664,-13.501101213797774
2026-09-15 04:22:00,59.0,67.15565292007695,-18.1557419751124,10.000089055035446
2026-09-15 04:23:00,56.0,67.15624497973454,-9.157549795101907,-1.9986951846326235
2026-09-15 04:24:00,45.0,67.15680765572777,-12.659353609067638,-9.497454046660138
2026-09-15 04:25:00,56.0,67.1573410831654,2.8388465678566135,-13.99618765102202
2026-09-15 04:26:00,57.0,67.15784539967513,-11.835900126756268,1.6780547270811468
2026-09-15 04:27:00,45.0,67.15832074877765,-6.164741165552622,-15.993579583225035
2026-09-15 04:28:00,47.0,67.15876727642905,-6.666529105546863,-13.492238170882182
2026-09-15 04:29:00,53.0,67.1591851318825,-7.668313113974797,-6.490872017907698
2026-09-15 04:30:00,61.0,67.15957446774797,4.829906794635853,-10.989481262383826
2026-09-15 04:31:00,54.0,67.15993543991408,-10.171869394126144,-2.9880660457879316
2026-09-15 04:32:00,44.0,67.160268207528,-8.673641694551415,-14.486626512976592
2026-09-15 04:33:00,66.0,67.1605729329647,-9.675410120812009,8.514837187847306
2026-09-15 04:34:00,51.0,67.16084978180459,-4.1771746869635065,-11.983675094841082
2026-09-15 04:35:00,53.0,67.16109892280939,-8.17893540694238,-5.982163515867008
2026-09-15 04:36:00,44.0,67.16132052798358,-4.18069229456845,-18.980628233415125
2026-09-15 04:37:00,50.0,67.16151477217447,3.317554636454976,-20.47906940862945
2026-09-15 04:38:00,61.0,67.16168183351043,-4.887324780093303,-1.2743570534171198
2026-09-15 04:39:00,45.0,67.16182189419796,0.314059900209923,-22.475881794407883
2026-09-15 04:40:00,66.0,67.16193513946273,-12.187681793886611,11.025746654423884
2026-09-15 04:41:00,68.0,67.16202175649444,-4.178363436652887,5.0163416801584475
2026-09-15 04:42:00,46.0,67.16208193546616,-3.1911539002410994,-17.970928035225064
2026-09-15 04:43:00,62.0,67.16211586854902,3.3071156613560113,-8.46923152990503
2026-09-15 04:44:00,53.0,67.16212375013778,8.305388948892993,-22.467512699030777
2026-09-15 04:45:00,59.0,67.16210577680779,-4.696334050421362,-3.4657717263864285
2026-09-15 04:46:00,59.0,67.16206214726897,-6.887430572470617,-1.2746315747983488
2026-09-15 04:47:00,68.0,67.16199306327547,8.800231039788013,-7.962224103063491
2026-09-15 04:48:00,60.0,67.16189872820092,-8.552646815466673,1.3907480872657487
2026-09-15 04:49:00,67.0,67.16177934782957,1.7968108318689473,-1.9585901796985183
2026-09-15 04:50:00,75.0,67.16163513005183,-3.7048937896923184,11.543258659640486
2026-09-15 04:51:00,74.0,67.1614662854737,7.423611561485981,-0.5850778469596776
2026-09-15 04:52:00,64.0,67.16127302685524,3.2917078713293195,-6.452980898184563
2026-09-15 04:53:00,79.0,67.16105556933702,-0.2099858700256919,12.048930300688667
2026-09-15 04:54:00,49.0,67.16081413016781,9.788323991596167,-27.949138121763973
2026-09-15 04:55:00,69.0,67.16054892884016,-0.19739823902410725,2.0368493101839533
2026-09-15 04:56:00,58.0,67.16026018697133,-10.562532156072184,1.4022719691008518
2026-09-15 04:57:00,63.0,67.15994812837943,0.7832750778305101,-4.943223206209936
2026-09-15 04:58:00,61.0,67.15961297871425,-7.238323576482508,1.0787105977682643
2026-09-15 04:59:00,60.0,67.15925496674062,9.279926938462415,-16.439181905203036
2026-09-15 05:00:00,74.0,67.15887432222388,10.278258175870503,-3.4371324980943854
2026-09-15 05:01:00,76.0,67.1584712776461,3.8041034941471517,5.037425228206743
2026-09-15 05:02:00,54.0,67.15804606712311,1.7749312094853664,-14.932977276608476
2026-09-15 05:03:00,63.0,67.15759892669782,-3.581778923483615,-0.5758200032142042
2026-09-15 05:04:00,71.0,67.15713009424208,-0.4317797106916006,4.274649616449523
2026-09-15 05:05:00,61.0,67.1566398094372,7.769966993757423,-13.926606803194616
2026-09-15 05:06:00,40.0,67.15612831365513,-1.731680791928597,-25.424447521726535
2026-09-15 05:07:00,58.0,67.15559584997534,-1.2333251187212295,-7.922270731254109
2026-09-15 05:08:00,64.0,67.15504266309803,-10.234965997000547,7.079923333902514
2026-09-15 05:09:00,59.0,67.15446900030817,2.2633965629460753,-10.417865563254246
2026-09-15 05:10:00,62.0,67.15387511074947,0.2617625509268797,-5.4156376616763495
2026-09-15 05:11:00,80.0,67.15326124489991,-5.239868043154947,18.086606798255033
2026-09-15 05:12:00,76.0,67.15262765498848,3.258504770699859,5.588867574311664
2026-09-15 05:13:00,65.0,67.1519745944713,-1.5870390586480676,-0.5649355358232242
2026-09-15 05:14:00,59.0,67.15130231807572,9.255260582677291,-17.406562900753016
2026-09-15 05:15:00,54.0,67.15061108169307,12.253643561263388,-25.40425464295646
2026-09-15 05:16:00,80.0,67.14990114246282,6.252029908710524,6.598068948826651
2026-09-15 05:17:00,56.0,67.14917275838803,2.750419615480844,-13.899592373868877
2026-09-15 05:18:00,64.0,67.14842618819502,2.7488126721246005,-5.897238860319618
2026-09-15 05:19:00,54.0,67.14766169184453,10.747209069282192,-23.894870761126725
2026-09-15 05:20:00,69.0,67.14687953007892,7.245608797684859,-5.392488327763779
2026-09-15 05:21:00,62.0,67.14607996464056,18.74401184815002,-23.890091812790587
2026-09-15 05:22:00,77.0,67.14526325805367,8.410032038848797,1.4447047030975284
2026-09-15 05:23:00,95.0,67.144429673753,9.740827878975868,18.11474244727114
2026-09-15 05:24:00,68.0,67.14357947643549,21.23924084140985,-20.382820317845344
2026-09-15 05:25:00,64.0,67.14271293112255,14.237657090050742,-17.38037002117329
2026-09-15 05:26:00,66.0,67.14183030375935,-2.593619004794403,1.4517887010350563
2026-09-15 05:27:00,77.0,67.14093186096395,14.234499411038028,-4.3754312720019755
2026-09-15 05:28:00,65.0,67.1400178697381,4.2329254661386635,-6.372943335876769
2026-09-15 05:29:00,74.0,67.13908859766151,16.231354772955395,-9.370443370616911
2026-09-15 05:30:00,70.0,67.1381443135831,-13.770212676929527,16.632068363346434
2026-09-15 05:31:00,71.0,67.13718528613231,-18.77177689184781,22.6345916057155
2026-09-15 05:32:00,77.0,67.13621178461098,-24.27333788005234,34.13712609544136
2026-09-15 05:33:00,58.0,67.13522407830024,-11.230560714530515,2.0953366362302717
2026-09-15 05:34:00,76.0,67.13422243666984,-21.776450208934147,30.642227772264306
2026-09-15 05:35:00,62.0,67.13320712908579,-25.278001565718082,20.144794436632296
2026-09-15 05:36:00,73.0,67.13217842504055,-16.779549728005968,22.647371302965425
2026-09-15 05:37:00,75.0,67.1311365940096,-23.781094703654837,31.64995810964524
2026-09-15 05:38:00,87.0,67.13008190543661,-17.282636500446724,37.152554595010116
2026-09-15 05:39:00,79.0,67.12901462867217,-19.78417512608842,31.65516049741626
2026-09-15 05:40:00,85.0,67.1279350329264,-16.785710588209064,34.65777555528267
2026-09-15 05:41:00,73.0,67.12684338723044,-16.78724289436407,22.660399507133633
2026-09-15 05:42:00,193.0,67.12573996030308,124.73915960017652,1.1351004395204
2026-09-15 05:43:00,193.0,67.12462502065081,124.73995768247977,1.13541729686942
2026-09-15 05:44:00,235.0,67.12349883630205,166.74076851814365,1.1357326455542989
2026-09-15 05:45:00,200.0,67.12236167631876,131.7415918251229,1.1360464985583434
2026-09-15 05:46:00,166.0,67.12121380838627,97.74242732288799,1.1363588687257362
2026-09-15 05:47:00,151.0,67.1200555003865,82.74327473072424,1.1366697688892629
2026-09-15 05:48:00,189.0,67.11888701943923,120.74413376876345,1.1369792117973248
2026-09-15 05:49:00,191.0,67.1177086320474,122.74500415782944,1.1372872101231621
2026-09-15 05:50:00,231.0,67.11652060404282,162.74588561948391,1.1375937764732669
2026-09-15 05:51:00,259.0,67.11532320054509,190.74677787610977,1.1378989233451335
2026-09-15 05:52:00,232.0,67.11411668590766,163.74768065088983,1.138202663202506
2026-09-15 05:53:00,50.0,67.11290132510308,29.19461294501345,-46.30751427011653
2026-09-15 05:54:00,75.0,67.11167738129926,5.388508944898246,2.4998136738024925
2026-09-15 05:55:00,79.0,67.11044511744694,11.872863255572865,0.01669162698019022
2026-09-15 05:56:00,75.0,67.10920479601067,21.19014630973732,-13.299351105747988
2026-09-15 05:57:00,72.0,67.1079566780198,22.688663529036297,-17.7966202070561
2026-09-15 05:58:00,59.0,67.10670102494755,16.687183786470964,-24.793884811418522
2026-09-15 05:59:00,77.0,67.10543809621188,3.685707075698379,6.208854828089741
2026-09-15 06:00:00,66.0,67.10416815061424,16.184233390438873,-17.28840154105312
2026-09-15 06:01:00,76.0,67.1028914456849,9.376806684597241,-0.47969813028214503
2026-09-15 06:02:00,58.0,67.10160823720807,3.1812950716374058,-12.282903308845476
2026-09-15 06:03:00,92.0,67.10031877980111,19.179830425838233,5.719850794360653
2026-09-15 06:04:00,69.0,67.09902332661306,17.178368781032475,-15.27739210764554
2026-09-15 06:05:00,79.0,67.09772212954887,23.676910131236564,-11.774632260785438
2026-09-15 06:06:00,74.0,67.09641543906376,20.67545447052535,-13.771869909589114
2026-09-15 06:07:00,75.0,67.09510350420021,13.17400179302945,-5.2691052972296575
2026-09-15 06:08:00,93.0,67.09378657249462,18.672552092934062,7.233661334571309
2026-09-15 06:09:00,71.0,67.0924648899743,19.671105364479356,-15.763570254453654
2026-09-15 06:10:00,66.0,67.09113870240213,36.16966160195996,-37.26080030436209
2026-09-15 06:11:00,92.0,67.08980825296271,19.168220799725066,5.741970947312225
2026-09-15 06:12:00,93.0,67.08847378392768,24.372704817958617,1.5388213981136971
2026-09-15 06:13:00,69.0,67.08713553567983,21.165348053757878,-19.252483589437716
2026-09-15 06:14:00,79.0,67.08579374683126,16.16391609898327,-4.249709845814529
2026-09-15 06:15:00,77.0,67.08444865431504,24.162487082404738,-14.246935736719777
2026-09-15 06:16:00,80.0,67.08310049317564,24.661060998626358,-11.74416149180199
2026-09-15 06:17:00,69.0,67.081749496802,21.65963784230126,-19.74138733910327
2026-09-15 06:18:00,85.0,67.08039589656403,9.15821760813291,8.761386495303057
2026-09-15 06:19:00,80.0,67.07903992197933,12.04648813897904,0.8744719390416265
2026-09-15 06:20:00,85.0,67.07768180199754,18.35794415131147,-0.4356259533090139
2026-09-15 06:21:00,76.0,67.07632176271647,30.653974386298472,-21.730296149014947
2026-09-15 06:22:00,82.0,67.07496002906123,24.65256578872256,-9.727525817783786
2026-09-15 06:23:00,82.0,67.07359682362369,4.651160087522243,10.275243088854069
2026-09-15 06:24:00,94.0,67.07223236700652,18.649757277675633,8.278010355317846
2026-09-15 06:25:00,79.0,67.07086687780705,23.648357354206787,-11.719224232013836
2026-09-15 06:26:00,93.0,67.06950057255396,23.368215777448142,2.5622836499978945
2026-09-15 06:27:00,69.0,67.06813366576591,25.6455661467085,-23.713699812474417
2026-09-15 06:28:00,98.0,67.06676636974795,23.14417485293609,7.789058777315958
2026-09-15 06:29:00,77.0,67.06539889468414,13.142786426053721,-3.2081853207378543
2026-09-15 06:30:00,76.0,67.06403144866725,28.641400861290265,-19.705432309957516
2026-09-15 06:31:00,92.0,67.06266423762993,21.280763512458645,3.65657224991142
2026-09-15 06:32:00,80.0,67.06129746532642,17.638638299233193,-4.699935764559612
2026-09-15 06:33:00,82.0,67.05993133327789,32.637261292589976,-17.697192625867864
2026-09-15 06:34:00,91.0,67.0585660407545,28.135887129366054,-4.194453170120553
2026-09-15 06:35:00,69.0,67.05720178478043,20.63451580497867,-18.6917175897591
2026-09-15 06:36:00,79.0,67.0558387601958,27.13314731488247,-15.188986075078269
2026-09-15 06:37:00,88.0,67.05447715964041,20.416929150935058,0.5285936894245253
2026-09-15 06:38:00,82.0,67.05311717351844,31.63041881955364,-16.683535993072084
2026-09-15 06:39:00,65.0,67.05175899003089,8.129058805404325,-10.180817795435217
2026-09-15 06:40:00,78.0,67.05040279479623,21.127701607712225,-10.178104402508453
2026-09-15 06:41:00,82.0,67.04904877143693,37.126347222103945,-22.175395993540874
2026-09-15 06:42:00,75.0,67.04769710103872,15.124995644236778,-7.172692745275498
2026-09-15 06:43:00,78.0,67.04634796243855,29.623646869801917,-18.669994832240462
2026-09-15 06:44:00,72.0,67.04500153221865,35.62230089451885,-30.6673024267375
2026-09-15 06:45:00,82.0,67.04365798464372,23.620957714140296,-8.664615698784011
2026-09-15 06:46:00,83.0,67.04231749170629,25.119617324447162,-9.161934816153448
2026-09-15 06:47:00,106.0,67.04098022302799,38.409825466157685,0.5491943108143289
2026-09-15 06:48:00,78.0,67.03964634602849,46.616944900383785,-35.656591246412276
2026-09-15 06:49:00,106.0,67.03831603010104,28.615612857721356,10.346071112177597
2026-09-15 06:50:00,82.0,67.03698944384121,24.114283589157605,-9.151273032998816
2026-09-15 06:51:00,86.0,67.03566675719448,24.11295709061433,-5.148623847808807
2026-09-15 06:52:00,67.0,67.03434814071842,16.61163335803972,-16.645981498758147
2026-09-15 06:53:00,78.0,67.0330337655024,15.610312387408996,-4.643346152911391
2026-09-15 06:54:00,90.0,67.03172380304413,26.60899417472071,-3.6407179777648366
2026-09-15 06:55:00,84.0,67.0304184250973,36.607678715998894,-19.63809714109619
2026-09-15 06:56:00,96.0,67.02911780362736,27.349628738051038,1.621253458321604
2026-09-15 06:57:00,75.0,67.02782211057239,24.1050560446648,-16.132878155237186
2026-09-15 06:58:00,84.0,67.02653151773563,15.348687095573231,1.62478138669114
2026-09-15 06:59:00,80.0,67.0252461968418,33.10244434206526,-20.127690538907068
2026-09-15 07:00:00,101.0,67.02396631502359,24.601142594346626,9.374891090629788
2026-09-15 07:01:00,77.0,67.02269203733958,10.31136137422152,-0.3340534115611007
2026-09-15 07:02:00,72.0,67.02142352591981,17.598547286874375,-12.619970812794193
2026-09-15 07:03:00,120.0,67.02016093889772,40.097253719501566,12.882585341600716
2026-09-15 07:04:00,85.0,67.01890443144812,11.595962871327512,6.385132697224364
2026-09-15 07:05:00,86.0,67.01765415532711,20.594674738590033,-1.6123288939171374
2026-09-15 07:06:00,72.0,67.0164102590007,17.593389317548645,-12.609799576549335
2026-09-15 07:07:00,80.0,67.01517288767953,28.592106604478634,-15.607279492158156
2026-09-15 07:08:00,105.0,67.01394218439691,35.715819481428916,2.2702383341741665
2026-09-15 07:09:00,78.0,67.0127182882979,26.089549287436906,-15.102267575734814
2026-09-15 07:10:00,111.0,67.01150133575034,30.088274676099868,13.90022398814979
2026-09-15 07:11:00,91.0,67.01029145982166,17.08700275800104,6.902705782177307
2026-09-15 07:12:00,93.0,67.0090887904181,15.085733529495904,10.905177680085984
2026-09-15 07:13:00,94.0,67.00789345432257,36.58446698695522,-9.59236044127779
2026-09-15 07:14:00,79.0,67.00670557522332,42.58320312676276,-30.589908701986083
2026-09-15 07:15:00,80.0,67.00552527369227,36.08194194531634,-23.08746721900861
2026-09-15 07:16:00,78.0,67.00435266730166,36.580683439026174,-25.585036106327834
2026-09-15 07:17:00,95.0,67.00318787055406,42.579427604315036,-14.582615474869094
2026-09-15 07:18:00,79.0,67.00203099484386,28.578174437619076,-16.58020543246294
2026-09-15 07:19:00,116.0,67.00088214870408,32.07692393538448,16.922193915911436
2026-09-15 07:20:00,101.0,66.99974143746793,54.075676094068704,-20.075417531536637
2026-09-15 07:21:00,103.0,66.99860896359743,36.907664510229814,-0.9062734738272411
2026-09-15 07:22:00,98.0,66.9974848265339,43.073188380075685,-12.070673206609591
2026-09-15 07:23:00,100.0,66.99636912273938,37.57194850036479,-4.568317623104171
2026-09-15 07:24:00,91.0,66.99526194573178,29.07071126750469,-5.065973213236475
2026-09-15 07:25:00,105.0,66.9941633861318,26.069476678001244,11.936359935866946
2026-09-15 07:26:00,97.0,66.99307353191345,30.898034015493906,-0.8911075474073584
2026-09-15 07:27:00,114.0,66.99199246918126,32.567015415125994,14.440992115692751
2026-09-15 07:28:00,76.0,66.99092028066713,18.065788734806084,-9.05670901547321
2026-09-15 07:29:00,87.0,66.98985704697932,36.06456468394516,-16.05442173092448
2026-09-15 07:30:00,75.0,66.98880284600021,32.563343259083474,-24.552146105083686
2026-09-15 07:31:00,95.0,66.98775775306046,50.06212445677078,-22.049882209831246
2026-09-15 07:32:00,106.0,66.9867218409705,23.06090827356105,15.952369885468443
2026-09-15 07:33:00,87.0,66.985695179739,35.05969470601293,-15.045389885751923
2026-09-15 07:34:00,112.0,66.98467783711833,29.05848375068989,15.956838412191786
2026-09-15 07:35:00,78.0,66.98366987829196,23.057275404159174,-12.040945282451133
2026-09-15 07:36:00,106.0,66.98267136608685,45.55606966299343,-6.538741029080278
2026-09-15 07:37:00,94.0,66.98168236098655,28.55486652376586,-1.5365488847524205
2026-09-15 07:38:00,93.0,66.98070292087168,58.553665983054735,-32.53436890392641
2026-09-15 07:39:00,90.0,66.9797331015081,40.05246803743901,-17.032201138947116
2026-09-15 07:40:00,85.0,66.97877295626543,44.55127268350173,-26.53004563976716
2026-09-15 07:41:00,90.0,66.97782253632836,28.050079917825396,-5.027902454153761
2026-09-15 07:42:00,109.0,66.97688189066244,40.02079656972483,2.0023215396127227
2026-09-15 07:43:00,89.0,66.97595106609862,51.54770213759578,-29.523653203694394
2026-09-15 07:44:00,97.0,66.97503010766863,33.04651711621516,-3.0215472238837933
2026-09-15 07:45:00,109.0,66.97411905805049,42.25628404932592,-0.2304031073764179
2026-09-15 07:46:00,106.0,66.9732179580332,47.044154793853856,-8.01737275188706
2026-09-15 07:47:00,106.0,66.97232684630742,52.54297748604688,-13.515304332354305
2026-09-15 07:48:00,89.0,66.97144575954131,24.54180274260484,-2.513248502146155
2026-09-15 07:49:00,97.0,66.97057473241267,34.04063056010965,-4.01120529252232
2026-09-15 07:50:00,115.0,66.96971379763743,40.03946093514602,7.99082526721655
2026-09-15 07:51:00,99.0,66.96886298600342,23.03829386429362,8.992843149702964
2026-09-15 07:52:00,110.0,66.96802232639497,43.847628798534245,-0.815651124929218
2026-09-15 07:53:00,101.0,66.96719184582639,42.0359673712313,-8.003159217057693
2026-09-15 07:54:00,101.0,66.96637156989027,45.03480794216778,-11.001179512058052
2026-09-15 07:55:00,102.0,66.9655615220954,37.53365105350944,-2.4992125756048296
2026-09-15 07:56:00,99.0,66.96476172436842,49.03249670182052,-16.997258426188935
2026-09-15 07:57:00,95.0,66.96397219681707,33.53134488366075,-5.495317080477818
2026-09-15 07:58:00,104.0,66.96319295781699,50.530195595585454,-13.49338855340244
2026-09-15 07:59:00,100.0,66.96242402403577,35.52904883414736,-2.49147285818313
2026-09-15 08:00:00,98.0,66.96166541046541,31.832130792082662,-0.79379620254808
2026-09-15 08:01:00,96.0,66.96091713045195,53.52676287735268,-24.487680007804627
2026-09-15 08:02:00,102.0,66.9601791957319,41.52562367507053,-6.485802870802424
2026-09-15 08:03:00,125.0,66.95945161637206,43.02448698557207,15.016061398055868
2026-09-15 08:04:00,86.0,66.95873440093364,24.02335280537831,-4.982087206311945
2026-09-15 08:05:00,140.0,66.95802755632417,46.02222113100276,27.019751312673066
2026-09-15 08:06:00,109.0,66.95733108801203,48.521091958954884,-6.47842304696691
2026-09-15 08:07:00,98.0,66.95664499994659,30.758644774513993,0.2847102255394134
2026-09-15 08:08:00,105.0,66.95596929550669,50.518841107831626,-12.474810403338317
2026-09-15 08:09:00,90.0,66.95530397607749,36.017719421733666,-12.973023397811154
2026-09-15 08:10:00,117.0,66.95464904206513,36.51660022391931,13.52875073401556
2026-09-15 08:11:00,92.0,66.95400449237563,41.51548351085608,-16.46948800323171
2026-09-15 08:12:00,110.0,66.95337032532505,27.514369279004644,15.532260395670306
2026-09-15 08:13:00,98.0,66.9527465373869,43.01325752481485,-11.966004062201748
2026-09-15 08:14:00,104.0,66.95213312409845,31.52003540620516,5.527831469696395
2026-09-15 08:15:00,96.0,66.9515300793256,26.27085909298594,2.777610827688463
2026-09-15 08:16:00,109.0,66.9509373958436,36.516970347438075,5.532092256718329
2026-09-15 08:17:00,117.0,66.95035506492958,36.00883521336346,14.040809721706964
2026-09-15 08:18:00,94.0,66.94978307670715,44.00773579390782,-16.95751887061497
2026-09-15 08:19:00,90.0,66.94922142007123,51.00663883061321,-27.955860250684438
2026-09-15 08:20:00,102.0,66.94867008274882,35.21085355310967,-0.15952363585849128
2026-09-15 08:21:00,89.0,66.9481290513163,14.504452258004443,7.547418690679251
2026-09-15 08:22:00,102.0,66.94759831122623,54.00336264141682,-18.95096095264305
2026-09-15 08:23:00,73.0,66.94707784682765,4.879717598000573,1.173204555171779
2026-09-15 08:24:00,124.0,66.94656764139286,111.00119072940738,-53.947758370800244
2026-09-15 08:25:00,89.0,66.94606767713672,20.88037033420162,1.1735619886616604
2026-09-15 08:26:00,108.0,66.94557793524395,39.88068231205355,1.1737397527025024
2026-09-15 08:27:00,102.0,66.94509839588896,33.880984724398644,1.1739168797123938
2026-09-15 08:28:00,95.0,66.94462903916717,26.881277592524057,1.1740933683087746
2026-09-15 08:29:00,108.0,66.94416984361695,39.88156093936227,1.1742692170207931
2026-09-15 08:30:00,98.0,66.94372078727093,29.881834788342815,1.1744444243862517
2026-09-15 08:31:00,108.0,66.94328184710336,39.88209916399584,1.1746189889008036
2026-09-15 08:32:00,86.0,66.94285299917226,43.992600155061396,-24.935453154233656
2026-09-15 08:33:00,103.0,66.94243421951903,34.958968641699165,1.0985971387818125
2026-09-15 08:34:00,95.0,66.94202548273714,45.99047663040941,-17.932502113146548
2026-09-15 08:35:00,106.0,66.94162676295305,42.98941846512938,-3.931045228082432
2026-09-15 08:36:00,100.0,66.94123803333696,49.48836269278834,-16.4296007261253
2026-09-15 08:37:00,99.0,66.94085926620733,44.487309309548394,-12.42816857575572
2026-09-15 08:38:00,102.0,66.9404904330949,38.98625831156158,-3.9267487446564715
2026-09-15 08:39:00,85.0,66.9401315047097,57.98520969496394,-39.92534119967364
2026-09-15 08:40:00,120.0,66.93978245103231,49.01581288586349,4.044404663104203
2026-09-15 08:41:00,97.0,66.93944324129895,48.98311959041765,-18.922562831716597
2026-09-15 08:42:00,109.0,66.93911384397582,33.48207809467557,8.57880806134861
2026-09-15 08:43:00,106.0,66.93879422684269,46.481038964734,-7.419833191576686
2026-09-15 08:44:00,109.0,66.93848435770757,31.480002196661843,10.581513445630591
2026-09-15 08:45:00,87.0,66.93818420323437,26.978967786515167,-6.9171519897495415
2026-09-15 08:46:00,129.0,66.93789372979244,39.47793573033387,22.584170539873696
2026-09-15 08:47:00,123.0,66.93761290299324,51.99748541223603,4.0649016847707315
2026-09-15 08:48:00,94.0,66.93734168783723,49.975878663967336,-22.91322035180457
2026-09-15 08:49:00,92.0,66.93708004848531,34.974853645796024,-9.911933694281338
2026-09-15 08:50:00,98.0,66.9368279486286,56.97383096561826,-25.910658914246866
2026-09-15 08:51:00,72.0,66.93658535129421,39.47281061940799,-34.4093959707022
2026-09-15 08:52:00,113.0,66.93635221969045,36.471792603123454,9.591855177186105
2026-09-15 08:53:00,87.0,66.93612851602246,41.970776912710164,-21.906905428732628
2026-09-15 08:54:00,89.0,66.93591420231695,40.96976354410187,-18.905677746418824
2026-09-15 08:55:00,118.0,66.93570924012846,43.96875249321608,7.095538266655467
2026-09-15 08:56:00,100.0,66.9355135904144,49.967743755959035,-16.903257346373437
2026-09-15 08:57:00,99.0,66.9353272137131,40.96673732822254,-8.902064541935637
2026-09-15 08:58:00,99.0,66.93515007006758,38.465733205886586,-6.400883275954165
2026-09-15 08:59:00,95.0,66.93498211983774,53.46473138481702,-25.399713504654763
2026-09-15 09:00:00,117.0,66.93482332256173,34.963731860865565,15.101444816572709
2026-09-15 09:01:00,106.0,66.93467363755171,30.96273462987343,8.10259173257485
2026-09-15 09:02:00,106.0,66.93453302404713,40.96173968766757,-1.8962727117147011
2026-09-15 09:03:00,103.0,66.93440144078919,35.30332157119718,0.7622769880136246
2026-09-15 09:04:00,94.0,66.93427884621329,57.45975665285796,-30.39403549907125
2026-09-15 09:05:00,88.0,66.93416519834263,50.45876855184662,-29.392933750189243
2026-09-15 09:06:00,83.0,66.93406045499889,38.95778272280633,-22.891843177805214
2026-09-15 09:07:00,106.0,66.93396457435004,17.9567991615025,21.109236264147455
2026-09-15 09:08:00,100.0,66.93387751379534,41.45581786368781,-8.38969537748315
2026-09-15 09:09:00,88.0,66.93379923078692,26.95483882510582,-5.888638055892741
2026-09-15 09:10:00,109.0,66.93372968228634,39.971477015819524,2.0947933018941427
2026-09-15 09:11:00,89.0,66.93366882516641,29.452887508542375,-7.386556333708782
2026-09-15 09:12:00,74.0,66.93361661567855,54.95191522198576,-47.8855318376643
2026-09-15 09:13:00,97.0,66.93357301020669,51.95094517751034,-21.884518187717028
2026-09-15 09:14:00,98.0,66.93353796532968,35.94997737079886,-4.883515336128539
2026-09-15 09:15:00,102.0,66.93351143709096,48.94901179752475,-13.882523234615704
2026-09-15 09:16:00,97.0,66.93349338155417,35.94804845334963,-5.8815418349038
2026-09-15 09:17:00,91.0,66.93348375448917,43.447087333923896,-19.38057108841307
2026-09-15 09:18:00,131.0,66.93348251147353,34.946128434888415,29.120389053638064
2026-09-15 09:19:00,114.0,66.93348960786813,44.619262204510036,2.447248187621838
2026-09-15 09:20:00,96.0,66.93350499889834,46.94421728049899,-17.877722279397332
2026-09-15 09:21:00,89.0,66.93352863949953,20.925064794175757,1.1414065663247186
2026-09-15 09:22:00,96.0,66.93356048427519,34.44231495510002,-5.375875439375207
2026-09-15 09:23:00,95.0,66.93360048776887,45.44136709226883,-17.374967580037698
2026-09-15 09:24:00,88.0,66.93364860430776,47.940421423463384,-26.874070027771147
2026-09-15 09:25:00,108.0,66.93370478812884,32.43947794425728,8.626817267613887
2026-09-15 09:26:00,89.0,66.93376899337339,61.43853665021618,-39.37230564358957
2026-09-15 09:27:00,129.0,66.9338411747184,52.437597536897,9.628561288384603
2026-09-15 09:28:00,114.0,66.93392128635823,50.93666059984889,-3.8705818862071197
2026-09-15 09:29:00,128.0,66.93400928273125,46.93572583461246,14.130264882656277
2026-09-15 09:30:00,98.0,66.93410512047963,37.434793236721006,-6.368898357200635
2026-09-15 09:31:00,96.0,66.93420875465748,49.43386280170057,-20.368071556358046
2026-09-15 09:32:00,92.0,66.93432014373207,44.93293452507053,-19.867254668802595
2026-09-15 09:33:00,102.0,66.93443924658382,54.432008402342944,-19.366447648926766
2026-09-15 09:34:00,82.0,66.93456602393162,27.931084429023784,-12.865650452955407
2026-09-15 09:35:00,96.0,66.9347004379863,44.430162600613244,-15.364863038599538
2026-09-15 09:36:00,95.0,66.93484245240191,38.92924291260516,-10.864085365007071
2026-09-15 09:37:00,125.0,66.93499203223003,41.92832536048955,16.13668260728042
2026-09-15 09:38:00,114.0,66.93514914387093,52.92740993974945,-5.862559083620383
2026-09-15 09:39:00,107.0,66.93531375276154,25.42649664586434,14.638189601374108
2026-09-15 09:40:00,95.0,66.93548582491266,50.92558547430985,-22.86107129922251
2026-09-15 09:41:00,94.0,66.93566532566751,42.424676420557844,-15.360341746225359
2026-09-15 09:42:00,111.0,66.93585222001643,34.92376948007613,9.14037829990744
2026-09-15 09:43:00,105.0,66.93604647270772,39.92286464832986,-1.858911121037579
2026-09-15 09:44:00,116.0,66.93624804818437,33.92196192078426,15.141790031031363
2026-09-15 09:45:00,109.0,66.93645691059271,41.26819801644284,0.7953450729644516
2026-09-15 09:46:00,95.0,66.9366730238118,6.420162760134481,21.64316421605372
2026-09-15 09:47:00,106.0,66.93689635128625,-0.08073368204806874,39.14383733076181
2026-09-15 09:48:00,108.0,66.9371268563245,0.9183719618121677,40.14450118186333
2026-09-15 09:49:00,84.0,66.9373645019276,-1.582520312824458,18.645155810896853
2026-09-15 09:50:00,106.0,66.9376092509085,-6.083410510497018,45.145801259588524
2026-09-15 09:51:00,110.0,66.93786106588588,10.915701364258963,32.14643756985515
2026-09-15 09:52:00,110.0,66.93811990930492,6.414815306907752,36.64706478378733
2026-09-15 09:53:00,91.0,66.9383857434231,-2.586068687083412,26.647682943660314
2026-09-15 09:54:00,107.0,66.93865853022905,-1.5869506222441363,41.64829209201508
2026-09-15 09:55:00,119.0,66.9389382315989,7.412169496899368,44.64889227150174
2026-09-15 09:56:00,110.0,66.93922480931003,50.91129166582524,-7.850516475135272
2026-09-15 09:57:00,126.0,66.93951822492804,43.41041588001673,15.650065895055235
2026-09-15 09:58:00,100.0,66.93981844011807,-5.590457865039214,38.65063942492114
2026-09-15 09:59:00,99.0,66.9401254164828,-5.5913295738484114,37.65120415736561
2026-09-15 10:00:00,129.0,66.94043911554361,4.907800749088583,57.15176013536781
2026-09-15 10:01:00,111.0,66.94075949879779,-0.0930669007217737,44.15230740192399
2026-09-15 10:02:00,105.0,66.94108652770453,-3.093932527765167,41.152846000060634
2026-09-15 10:03:00,118.0,66.94142016369315,-8.09479613652103,59.153375972827874
2026-09-15 10:04:00,98.0,66.94176036818554,-4.595657731458845,35.6538973632733
2026-09-15 10:05:00,140.0,66.94210710259058,71.86994339581511,1.1879495015943036
2026-09-15 10:06:00,96.0,66.94246032833905,8.902625102280926,20.154914569380026
2026-09-15 10:07:00,107.0,66.94282000688005,-12.59823047793732,52.655410471057266
2026-09-15 10:08:00,107.0,66.94318609969227,-7.099084062128226,47.15589796243596
2026-09-15 10:09:00,103.0,66.94355856866434,-6.599935654715338,42.656377086050995
2026-09-15 10:10:00,117.0,66.94393737570103,-6.10078526011003,56.156847884409004
2026-09-15 10:11:00,107.0,66.94432248281034,-7.601632882711958,47.65731039990162
2026-09-15 10:12:00,92.0,66.94471385211433,-8.102478526911206,33.157764674796866
2026-09-15 10:13:00,97.0,66.94511144577623,-8.103322197083289,38.15821075130705
2026-09-15 10:14:00,117.0,66.9455152260343,-10.604163897592633,60.658648671558325
2026-09-15 10:15:00,90.0,66.94592515521357,-9.605003632789675,32.6590784775761
2026-09-15 10:16:00,141.0,66.94634119573385,72.86456609439941,1.1890927098667419
2026-09-15 10:17:00,105.0,66.94676330998627,-13.106677224583596,51.159913914597325
2026-09-15 10:18:00,88.0,66.94719146056093,6.892488910186038,14.160319629253038
2026-09-15 10:19:00,89.0,66.94762561010839,-5.108343006999572,27.160717396891187
2026-09-15 10:20:00,104.0,66.94806572141691,32.76957114063907,4.282363137944017
2026-09-15 10:21:00,115.0,66.94851175743761,41.88999898565874,6.16148925690365
2026-09-15 10:22:00,88.0,66.94896368118853,39.389172886986714,-18.338136568175244
2026-09-15 10:23:00,111.0,66.94942145593228,36.388348719328924,7.662229824738802
2026-09-15 10:24:00,87.0,66.94988504497944,34.88752647846717,-14.837411523446612
2026-09-15 10:25:00,96.0,66.95035441189269,48.386706160199914,-19.337060572092604
2026-09-15 10:26:00,82.0,66.95082952024788,42.88588776034234,-27.83671728059022
2026-09-15 10:27:00,82.0,66.9513103339177,32.88507127472653,-17.83638160864423
2026-09-15 10:28:00,94.0,66.9517968169427,38.38425669920261,-11.336053516145313
2026-09-15 10:29:00,91.0,66.95228893363746,40.383444029638,-16.33573296327546
2026-09-15 10:30:00,100.0,66.95278664844793,37.382633261918365,-4.335419910366291
2026-09-15 10:31:00,102.0,66.9532899262103,45.881824391947895,-10.835114318158197
2026-09-15 10:32:00,102.0,66.95379873201372,37.881017415649225,-2.8348161476629485
2026-09-15 10:33:00,87.0,66.9543130311451,49.38021232896436,-29.334525360109467
2026-09-15 10:34:00,92.0,66.95483278913412,39.379409127854046,-14.334241916988162
2026-09-15 10:35:00,93.0,66.95535797175783,62.37860780829875,-36.33396578005659
2026-09-15 10:36:00,81.0,66.95588854504645,17.877808366298623,-3.833696911345072
2026-09-15 10:37:00,103.0,66.95642447528982,43.877010797874085,-7.833435273163907
2026-09-15 10:38:00,104.0,66.9569657290433,42.87621509906568,-5.833180828108986
2026-09-15 10:39:00,116.0,66.9575122731326,55.37542126593387,-6.332933539066467
2026-09-15 10:40:00,116.0,66.95806407466046,38.37462929456148,10.667306630778057
2026-09-15 10:41:00,74.0,66.95862110101048,42.873839181050506,-35.832460282060985
2026-09-15 10:42:00,80.0,66.95918331984254,31.373050921525643,-18.332234241368184
2026-09-15 10:43:00,107.0,66.95975069915299,29.87226451213217,10.167984788714833
2026-09-15 10:44:00,93.0,66.96032320717995,43.37147994903716,-17.331803156217113
2026-09-15 10:45:00,76.0,66.96090081255457,44.37069722843063,-35.3315980409852
2026-09-15 10:46:00,111.0,66.96148348422041,43.60561665507317,0.43289986070642783
2026-09-15 10:47:00,91.0,66.96207119141773,40.86913729954998,-16.831208490967718
2026-09-15 10:48:00,100.0,66.96266390371534,26.368360083766888,6.668976012517774
2026-09-15 10:49:00,99.0,66.9632615909907,41.867584695456884,-9.830846286447581
2026-09-15 10:50:00,116.0,66.96386422374766,28.86681113092152,20.169324645330818
2026-09-15 10:51:00,110.0,66.96447177265544,35.36603938648875,7.669488840855806
2026-09-15 10:52:00,80.0,66.965084209031,41.36526945850846,-28.330353667539462
2026-09-15 10:53:00,90.0,66.96570150432315,32.86450134335462,-9.830202847677768
2026-09-15 10:54:00,139.0,66.96632363045732,41.36373503742471,30.669941332117972
2026-09-15 10:55:00,88.0,66.96695055960456,48.36297053714007,-27.329921096744627
2026-09-15 10:56:00,103.0,66.96758226427427,18.8622078389465,17.170209896779227
2026-09-15 10:57:00,89.0,66.96821871732288,34.36144693931357,-12.329665656636458
2026-09-15 10:58:00,99.0,66.96885989192793,29.891621976479414,2.139518131592652
2026-09-15 10:59:00,98.0,66.96950576164642,52.35993052173274,-21.32943628337916
2026-09-15 11:00:00,88.0,66.97015630028889,47.35917499684763,-26.32933129713652
2026-09-15 11:01:00,94.0,66.97081148205291,27.544819651313606,-0.5156311333665116
2026-09-15 11:02:00,128.0,66.97147128146571,47.857669297731185,13.170859420803112
2026-09-15 11:03:00,95.0,66.97213567344934,39.85691911671454,-11.829054790163887
2026-09-15 11:04:00,113.0,66.97280463325512,44.84913640510029,1.178058961644581
2026-09-15 11:05:00,87.0,66.97347813655739,50.35542407499204,-30.328902211549426
2026-09-15 11:06:00,108.0,66.97415615935883,26.8546792076546,14.171164632986574
2026-09-15 11:07:00,106.0,66.97483867805107,46.85393610495765,-7.828774783008718
2026-09-15 11:08:00,95.0,66.97552566939385,49.8531947636499,-21.82872043304375
2026-09-15 11:09:00,98.0,66.97621711053048,33.85245518050764,-2.8286722910381172
2026-09-15 11:10:00,88.0,66.97691297898712,28.35171735233301,-7.328630331320127
2026-09-15 11:11:00,96.0,66.97761325267707,39.850981275954986,-10.82859452863206
2026-09-15 11:12:00,89.0,66.97831791149682,42.3502469482284,-20.32856485972522
2026-09-15 11:13:00,76.0,66.97902693469348,39.84951436603544,-30.828541300728922
2026-09-15 11:14:00,79.0,66.9797403026743,36.34878352628417,-24.328523828958474
2026-09-15 11:15:00,69.0,66.98045799600364,48.34805442591013,-46.328512421913764
2026-09-15 11:16:00,90.0,66.98117999560752,40.847327061875724,-17.828507057483243
2026-09-15 11:17:00,106.0,66.98190628277672,47.84660143117024,-8.828507713946962
2026-09-15 11:18:00,122.0,66.98263683916818,41.34587753081032,13.671485630021493
2026-09-15 11:19:00,81.0,66.98337164680942,25.345155357840138,-11.328527004649558
2026-09-15 11:20:00,92.0,66.98411068809986,38.34443490933047,-13.328545597430328
2026-09-15 11:21:00,97.0,66.98485394581337,46.84371618238051,-16.82857012819388
2026-09-15 11:22:00,95.0,66.9856014031014,55.84299917411699,-27.82860057721839
2026-09-15 11:23:00,82.0,66.98635304502211,43.34228388169348,-28.328636926715596
2026-09-15 11:24:00,102.0,66.9871088560185,39.841570302292475,-4.828679158310969
2026-09-15 11:25:00,97.0,66.98786882164953,45.34085843312353,-15.328727254773057
2026-09-15 11:26:00,121.0,66.98863292764526,31.84014827142377,22.171218800930973
2026-09-15 11:27:00,108.0,66.98940115998658,37.41936668320957,3.591232156803841
2026-09-15 11:28:00,103.0,66.99017350509287,35.18540805692239,0.8244184379847326
2026-09-15 11:29:00,87.0,66.99094994964378,42.3380280039465,-22.328977953590275
2026-09-15 11:30:00,86.0,66.99173048068678,30.83732464506667,-11.829055125753456
2026-09-15 11:31:00,82.0,66.99251508562536,59.836622980272146,-44.8291380658975
2026-09-15 11:32:00,71.0,66.99330375222797,28.835923006966738,-24.82922675919471
2026-09-15 11:33:00,80.0,66.99409646863388,30.335224722590958,-17.329321191224842
2026-09-15 11:34:00,97.0,66.99489322335414,29.99600193425817,0.009104842387685608
2026-09-15 11:35:00,77.0,66.99569400527845,47.33383321051271,-37.32952721579116
2026-09-15 11:36:00,101.0,66.99649880365105,32.18336305127052,1.820138145078431
2026-09-15 11:37:00,76.0,66.99730760812034,36.83244842411235,-27.829756032232687
2026-09-15 11:38:00,102.0,66.99812040862977,27.33175854694265,7.6701210444275745
2026-09-15 11:39:00,80.0,66.99893719555494,30.831070343933504,-17.83000753948845
2026-09-15 11:40:00,102.0,66.99975795961748,27.33038381272472,7.669858227657798
2026-09-15 11:41:00,86.0,67.00058269193995,28.829698950986412,-9.830281642926366
2026-09-15 11:42:00,121.0,67.00141138399574,23.3290157564178,30.669572859586452
2026-09-15 11:43:00,112.0,67.00224402773847,38.328334226747145,6.669421745514384
2026-09-15 11:44:00,105.0,67.00308061547892,27.327654359732445,10.66926502478863
2026-09-15 11:45:00,76.0,67.00392114002287,25.32697615316054,-16.330897293183412
2026-09-15 11:46:00,91.0,67.00476559482027,39.826299604847684,-15.831065199667954
2026-09-15 11:47:00,94.0,67.00561397369934,20.325624712640057,6.668761313660596
2026-09-15 11:48:00,90.0,67.0064662710801,25.324951474413194,-2.3314177454932974
2026-09-15 11:49:00,85.0,67.00732248156086,39.32427988807198,-21.33160236963284
2026-09-15 11:50:00,89.0,67.00818260052702,33.3236099515509,-11.331792552077921
2026-09-15 11:51:00,92.0,67.00904662378987,42.82294166281531,-17.83198828660518
2026-09-15 11:52:00,99.0,67.00991454756205,30.171433217712288,1.8186522347256613
2026-09-15 11:53:00,88.0,67.0107863687335,27.821610020703847,-6.832396389437349
2026-09-15 11:54:00,101.0,67.01166208438228,32.8119412054707,1.1763967101470172
2026-09-15 11:55:00,91.0,67.01254169214114,22.16918415065753,1.81827415720133
2026-09-15 11:56:00,84.0,67.01342518999529,39.319624866752456,-22.333050056747744
2026-09-15 11:57:00,100.0,67.01431257626923,35.818966423656924,-2.8332789999261507
2026-09-15 11:58:00,100.0,67.01520384982035,30.845930765950868,2.1388653842287795
2026-09-15 11:59:00,87.0,67.016099009763,29.31765443880642,-9.333753448569418
2026-09-15 12:00:00,72.0,67.01699805582203,32.31700089349354,-27.33399894931557
2026-09-15 12:01:00,89.0,67.01790098809137,34.31634897726755,-12.334249965358921
2026-09-15 12:02:00,102.0,67.01880780707216,25.815698688424543,9.165493504503289
2026-09-15 12:03:00,86.0,67.01971851370406,45.31505002529158,-26.334768538995647
2026-09-15 12:04:00,94.0,67.02063310935758,34.81440298622522,-7.835036095582794
2026-09-15 12:05:00,94.0,67.02155159569669,30.31375756961282,-3.3353091653095106
2026-09-15 12:06:00,98.0,67.02247397509429,15.31311377387119,15.66441225103452
2026-09-15 12:07:00,70.0,67.0234002500046,21.312471597450582,-18.33587184745518
2026-09-15 12:08:00,99.0,67.02433042419283,30.801570893785218,1.174098682021949
2026-09-15 12:09:00,70.0,67.02526450150894,29.811192096510037,-26.836456598018984
2026-09-15 12:10:00,75.0,67.02620248638749,12.310554769039733,-4.336757255427223
2026-09-15 12:11:00,89.0,67.02714438372372,-18.190080945011093,40.16293656128737
2026-09-15 12:12:00,106.0,67.02809019879687,-11.690715047042815,50.66262484824594
2026-09-15 12:13:00,88.0,67.0290399373631,-6.191347538422652,27.162307601059553
2026-09-15 12:14:00,76.0,67.02999360563815,-19.6919784204876,28.661984814849447
2026-09-15 12:15:00,76.0,67.03095121024349,-9.192607694544488,18.161656484301005
2026-09-15 12:16:00,100.0,67.0319127582763,-10.693235361868727,43.661322603592424
2026-09-15 12:17:00,64.0,67.03287825743328,-17.693861423705965,14.660983166272686
2026-09-15 12:18:00,99.0,67.03384771564986,-20.694485881270445,52.6606381656206
2026-09-15 12:19:00,106.0,67.03482114164873,-17.69510873574571,56.66028759409697
2026-09-15 12:20:00,90.0,67.03579854460304,-11.695729988284757,34.659931443681714
2026-09-15 12:21:00,97.0,67.03677993413756,-16.19634964000937,46.15956970587182
2026-09-15 12:22:00,70.0,67.03776532032843,-8.19696769201094,11.159202371682511
2026-09-15 12:23:00,94.0,67.03875471365998,-22.697584145349733,49.65882943168975
2026-09-15 12:24:00,88.0,67.0397481252452,-6.198199001054825,27.158450875809635
2026-09-15 12:25:00,82.0,67.04074556643018,23.80118773987508,-8.84193330630525
2026-09-15 12:26:00,67.0,67.04174704937311,31.800576076472833,-31.84232312584595
2026-09-15 12:27:00,85.0,67.04275258669296,26.299966007801935,-8.34271859449489
2026-09-15 12:28:00,88.0,67.04376219148769,24.799357532957007,-3.8431197244446906
2026-09-15 12:29:00,67.0,67.04477587726336,25.29875065106386,-25.343526528327217
2026-09-15 12:30:00,80.0,67.04579365803465,29.29814536127908,-16.343939019313737
2026-09-15 12:31:00,102.0,67.04681554819382,37.797541662790884,-2.844357210984697
2026-09-15 12:32:00,75.0,67.04784156251257,38.796939554817925,-30.8447811173305
2026-09-15 12:33:00,72.0,67.04887171630027,30.796339036610423,-25.84521075291069
2026-09-15 12:34:00,91.0,67.0499060251441,36.79574010745029,-12.84564613259439
2026-09-15 12:35:00,97.0,67.05094450541073,18.29514276664974,11.653912727939527
2026-09-15 12:36:00,102.0,67.05198717381656,51.79454701355284,-16.846534187369393
2026-09-15 12:37:00,74.0,67.05303404758656,29.793952847534527,-22.84698689512109
2026-09-15 12:38:00,86.0,67.05408514447099,22.793360268001763,-3.8474454124727515
2026-09-15 12:39:00,76.0,67.05514048258539,38.79276927439205,-29.847909756977437
2026-09-15 12:40:00,77.0,67.05620008066401,45.29217986617474,-35.348379946838755
2026-09-15 12:41:00,100.0,67.05726395817359,26.291592042850425,6.651143998975982
2026-09-15 12:42:00,80.0,67.0583321348709,17.291005803950977,-4.349337938821876
2026-09-15 12:43:00,79.0,67.05940463105789,22.29042114904012,-10.349825780098008
2026-09-15 12:44:00,118.0,67.06048146749089,18.289838077712478,32.64968045479664
2026-09-15 12:45:00,69.0,67.06156266536142,32.28925658959468,-30.3508192549561
2026-09-15 12:46:00,92.0,67.06264824632385,40.788676684344644,-15.85132493066849
2026-09-15 12:47:00,71.0,67.06373823249069,29.288098361652054,-25.351836594142746
2026-09-15 12:48:00,97.0,67.06483264643144,31.78752162123761,-1.8523542676690425
2026-09-15 12:49:00,94.0,67.06593151117177,28.786946462854587,-1.852877974026356
2026-09-15 12:50:00,98.0,67.06703485019446,33.78637288628677,-2.8534077364812305
2026-09-15 12:51:00,75.0,67.06814268743716,36.78580089135016,-28.853943578787323
2026-09-15 12:52:00,71.0,67.06925504729116,17.28523047789298,-13.354485525184145
2026-09-15 12:53:00,79.0,67.07037195460543,12.47077876993495,-0.5411507245403868
2026-09-15 12:54:00,82.0,67.07149343467907,19.284094394963997,-4.355587829643071
2026-09-15 12:55:00,76.0,67.07261951339358,21.783528725347093,-12.856148238740673
2026-09-15 12:56:00,50.0,67.07375021693977,16.282964636919708,-33.35671485385948
2026-09-15 12:57:00,101.0,67.07488557207787,20.782402129688418,13.142712298233704
2026-09-15 12:58:00,73.0,67.07602560596361,38.78184120369255,-32.85786680965616
2026-09-15 12:59:00,80.0,67.07717034597044,29.28128185900357,-16.358452204974014
2026-09-15 13:00:00,105.0,67.07831982021038,15.280724095724818,22.640956084064797
2026-09-15 13:01:00,97.0,67.07947405713192,15.780167913990656,14.14035802887743
2026-09-15 13:02:00,93.0,67.08063308548991,5.779613313969834,20.13975360054026
2026-09-15 13:03:00,104.0,67.08179693462228,36.505760109262646,0.4124429561150862
2026-09-15 13:04:00,91.0,67.08296563413036,21.79774358295306,2.119290782916579
2026-09-15 13:05:00,103.0,67.08413921399682,15.277959006332951,20.63790177967023
2026-09-15 13:06:00,91.0,67.08531770457215,35.27741073547842,-11.362728440050567
2026-09-15 13:07:00,66.0,67.08650113670434,20.276864047656808,-21.36336518436115
2026-09-15 13:08:00,87.0,67.08768954163304,8.276318943230175,11.63599151513678
2026-09-15 13:09:00,76.0,67.08888295110805,18.775775422591398,-9.864658373699442
2026-09-15 13:10:00,92.0,67.09008139749834,13.275233486167565,11.634685116334097
2026-09-15 13:11:00,82.0,67.09128491361898,15.46805645807951,-0.5593413716984799
2026-09-15 13:12:00,103.0,67.09249353269087,32.97239279870338,2.9351136686057515
2026-09-15 13:13:00,79.0,67.09370728840595,21.773617186921474,-9.867324475327422
2026-09-15 13:14:00,74.0,67.09492621478718,22.273081592259132,-15.368007807046311
2026-09-15 13:15:00,80.0,67.0961503463567,30.77254758442531,-17.868697930782005
2026-09-15 13:16:00,83.0,67.0973797180154,18.772015164040372,-2.869394882055772
2026-09-15 13:17:00,74.0,67.09861436512598,22.271484331756472,-15.370098696882451
2026-09-15 13:18:00,73.0,67.09985432341517,26.270955088259775,-20.370809411674948
2026-09-15 13:19:00,94.0,67.10109962909154,25.749143243551842,1.1497571273566223
2026-09-15 13:20:00,72.0,67.10235031867529,27.76990137052759,-22.872251689202884
2026-09-15 13:21:00,85.0,67.10360642905836,29.269376897826774,-11.372983326885134
2026-09-15 13:22:00,76.0,67.1048679975577,8.933351927858428,-0.038219925416129286
2026-09-15 13:23:00,99.0,67.10613506184725,8.268332728839335,23.625532209313405
2026-09-15 13:24:00,91.0,67.10740766017052,15.267813034284321,8.624779305545161
2026-09-15 13:25:00,62.0,67.10868583097577,9.26729493423379,-14.375980765209562
2026-09-15 13:26:00,77.0,67.10996961343348,17.766778429635004,-7.876748043068481
2026-09-15 13:27:00,77.0,67.1112590471204,34.76626352146965,-24.877522568590045
2026-09-15 13:28:00,83.0,67.11255417201698,25.76575021075357,-9.878304382770551
2026-09-15 13:29:00,80.0,67.11385502850445,12.931050196015583,-0.0449052245200221
2026-09-15 13:30:00,96.0,67.11516165736113,16.764728385887953,12.120109956750923
2026-09-15 13:31:00,100.0,67.11647409976345,16.76421987393338,16.119306026303164
2026-09-15 13:32:00,83.0,67.11779239727761,20.26371296381791,-4.38150536109552
2026-09-15 13:33:00,90.0,67.11911659186559,9.263207656719855,13.617675751414552
2026-09-15 13:34:00,101.0,67.12044672586003,30.390256366335564,3.489296907804402
2026-09-15 13:35:00,77.0,67.12178284198018,8.090880995212538,1.7873361628072786
2026-09-15 13:36:00,66.0,67.1231249832707,19.26170136583723,-20.384826349107925
2026-09-15 13:37:00,70.0,67.12447319309706,7.761202483278143,-4.8856756763752
2026-09-15 13:38:00,74.0,67.12582751521026,6.094668281983505,0.7795042028062369
2026-09-15 13:39:00,83.0,67.12718799371248,24.760209547788346,-8.887397541500832
2026-09-15 13:40:00,79.0,67.12855467299553,23.259715497650326,-11.38827017064586
2026-09-15 13:41:00,74.0,67.12992759807406,12.259223061169301,-5.389150659243363
2026-09-15 13:42:00,83.0,67.1313068140106,20.758732239825946,-4.890039053836546
2026-09-15 13:43:00,80.0,67.13269236669845,12.091498452090415,0.7758091812111303
2026-09-15 13:44:00,88.0,67.13408430237726,14.257755448639502,6.608160248983239
2026-09-15 13:45:00,90.0,67.13548266765696,27.257269481926187,-4.392752149583146
2026-09-15 13:46:00,67.0,67.13688750926543,25.256785136610507,-25.393672645875938
2026-09-15 13:47:00,71.0,67.13829887437622,19.256302414340375,-15.394601288716594
2026-09-15 13:48:00,65.0,67.13971681050889,17.7558213167993,-19.895538127308185
2026-09-15 13:49:00,57.0,67.1411413655181,16.25534184570327,-26.396483211221366
2026-09-15 13:50:00,73.0,67.1425725875978,18.254864002802954,-12.397436590400751
2026-09-15 13:51:00,85.0,67.14401052526377,7.7543877898817515,10.101601684854487
2026-09-15 13:52:00,106.0,67.14545522738925,30.75391320875718,8.100631563853568
2026-09-15 13:53:00,97.0,67.14690674307873,13.753440261280183,16.09965299564108
2026-09-15 13:54:00,77.0,67.1483651218622,18.752968949335564,-8.901334071197766
2026-09-15 13:55:00,59.0,67.14983041355949,7.752499274842364,-15.90232968840185
2026-09-15 13:56:00,73.0,67.1513026683304,10.752031239752661,-4.903333908083063
2026-09-15 13:57:00,88.0,67.15278193667353,9.7515648460531,11.095653217273366
2026-09-15 13:58:00,110.0,67.15426826934475,19.2511000957634,23.59463163489184
2026-09-15 13:59:00,97.0,67.15576171748927,14.750636990938466,15.09360129157227
2026-09-15 14:00:00,75.0,67.15726233271079,18.750175533665626,-10.907437866376412
2026-09-15 14:01:00,83.0,67.15877016674942,13.406371358699325,2.4348584745512625
2026-09-15 14:02:00,65.0,67.16028527167923,20.249257570299793,-22.409542841979018
2026-09-15 14:03:00,83.0,67.16180769968341,15.079024494966813,0.7591678053497759
2026-09-15 14:04:00,85.0,67.16333750320202,15.404914407934664,2.4317480888633156
2026-09-15 14:05:00,77.0,67.16487473489282,14.247893036051636,-4.4127677709444555
2026-09-15 14:06:00,74.0,67.16641944755288,17.747441509851733,-10.913860957404616
2026-09-15 14:07:00,87.0,67.16797169420306,17.403446913921016,2.428581391875923
2026-09-15 14:08:00,68.0,67.16953152811571,19.746543449189133,-18.916074977304845
2026-09-15 14:09:00,58.0,67.1710990025621,13.246096919485511,-22.41719592204761
2026-09-15 14:10:00,88.0,67.17267417129561,14.745652060095018,6.081673768609377
2026-09-15 14:11:00,74.0,67.17425708790887,14.745208873483586,-7.919465961392454
2026-09-15 14:12:00,90.0,67.1758478062611,22.07351413635863,0.7506380573802716
2026-09-15 14:13:00,75.0,67.17744638035799,7.072905683883028,0.7496479357589863
2026-09-15 14:14:00,64.0,67.1790528643571,17.2438893754835,-20.42294223984061
2026-09-15 14:15:00,71.0,67.18066731257005,13.24345290532589,-9.42412021789594
2026-09-15 14:16:00,65.0,67.18228977946448,11.243018120793598,-13.425307900258083
2026-09-15 14:17:00,72.0,67.18392031964774,19.742585024559858,-14.926505344207598
2026-09-15 14:18:00,67.0,67.18555898805116,13.242153619334195,-13.427712607385352
2026-09-15 14:19:00,60.0,67.18720583956345,8.241723907859646,-15.42892974742309
2026-09-15 14:20:00,75.0,67.18886092931464,19.241295892914007,-11.430156822228653
2026-09-15 14:21:00,85.0,67.190524312478,9.740869577309496,8.0686061102125
2026-09-15 14:22:00,75.0,67.19219604435793,14.240444963893781,-6.432641008251707
2026-09-15 14:23:00,74.0,67.19387618043405,4.736986210544449,2.06913760902151
2026-09-15 14:24:00,66.0,67.19556477619791,5.239600855188619,-6.435165631386532
2026-09-15 14:25:00,82.0,67.19726188747848,20.23918136576703,-5.436443253245507
2026-09-15 14:26:00,67.0,67.19896757023888,23.23876359027064,-23.437731160509514
2026-09-15 14:27:00,70.0,67.20068188046606,17.23834753171908,-14.439029412185143
2026-09-15 14:28:00,66.0,67.20240487422406,22.73793319316979,-23.940338067393853
2026-09-15 14:29:00,70.0,67.20413660775625,4.737520577712362,-1.941657185468614
2026-09-15 14:30:00,63.0,67.20587713725291,14.737109688473861,-18.942986825726777
2026-09-15 14:31:00,77.0,67.20762651899707,-18.2632994713853,28.05567295238822
2026-09-15 14:32:00,52.0,67.20938480926398,-22.263706898668985,7.054322089405005
2026-09-15 14:33:00,76.0,67.21115206434686,-21.76411259014586,30.552960525798994
2026-09-15 14:34:00,78.0,67.21292834051245,-13.764516542550384,24.551588202037934
2026-09-15 14:35:00,81.0,67.21471369404537,-17.264918752581348,31.05020505853598
2026-09-15 14:36:00,74.0,67.21650818132917,-21.765319216901645,28.54881103557247
2026-09-15 14:37:00,58.0,67.2183118586246,-19.76571793213972,10.54740607351512
2026-09-15 14:38:00,74.0,67.22012478220262,-18.266114894888375,25.045990112685757
2026-09-15 14:39:00,73.0,67.22194700825415,-24.266510101705833,30.044563093451686
2026-09-15 14:40:00,72.0,67.22377859280364,-23.266903549113696,28.043124956310052
2026-09-15 14:41:00,85.0,67.22561959210782,-16.267295233598908,34.04167564149108
2026-09-15 14:42:00,46.0,67.22747006186914,-16.76768515161316,-4.459784910255976
2026-09-15 14:43:00,62.0,67.22933005847644,-12.268073299572078,7.038743241095645
2026-09-15 14:44:00,59.0,67.23119963810647,-22.26845967385696,14.037260035750492
2026-09-15 14:45:00,86.0,67.23307885704533,8.731155729188831,10.035765413765844
2026-09-15 14:46:00,74.0,67.23496777142593,6.922481635520517,-0.15744940694644072
2026-09-15 14:47:00,63.0,67.23686643730133,19.730391882067064,-23.967258319368398
2026-09-15 14:48:00,84.0,67.23877491044131,14.71476564208313,2.0464594474755557
2026-09-15 14:49:00,75.0,67.2406932465985,5.380784662458642,2.378522090942866
2026-09-15 14:50:00,78.0,67.24262150105116,9.680306304102212,1.0770721948466218
2026-09-15 14:51:00,69.0,67.24455972885909,19.228885680587386,-17.47344540944647
2026-09-15 14:52:00,75.0,67.24650798505044,16.72851363030011,-8.975021615350556
2026-09-15 14:53:00,66.0,67.24846632427737,13.228143387880642,-14.476609712158016
2026-09-15 14:54:00,62.0,67.25043480176595,3.7277749573072785,-8.978209759073223
2026-09-15 14:55:00,73.0,67.25241347262144,8.727408342596206,-2.9798218152176474
2026-09-15 14:56:00,81.0,67.25440239160024,7.727043547798719,6.018554060601048
2026-09-15 14:57:00,68.0,67.25640161341494,12.726680577002625,-11.983082190417562
2026-09-15 14:58:00,70.0,67.25841119238758,0.37514028834931845,2.366448519263102
2026-09-15 14:59:00,63.0,67.26043118304543,0.225960123943322,-4.48639130698875
2026-09-15 15:00:00,93.0,67.26246163892523,0.22560265003478186,25.511935711039982
2026-09-15 15:01:00,76.0,67.26450261425853,17.725247016836754,-8.989749631095286
2026-09-15 15:02:00,81.0,67.26655416272801,12.67091797846977,1.0625278588022127
2026-09-15 15:03:00,88.0,67.26861633786456,5.224541289678587,15.506842372456859
2026-09-15 15:04:00,51.0,67.27068919264438,12.724191204362048,-28.994880397006433
2026-09-15 15:05:00,88.0,67.27277277979604,19.006683829910173,1.7205433902937841
2026-09-15 15:06:00,65.0,67.27486715171382,18.223496612141908,-20.49836376385573
2026-09-15 15:07:00,69.0,67.27697236034614,9.7231521141006,-8.000124474446736
2026-09-15 15:08:00,68.0,67.27908845725979,6.722809487410077,-6.001897944669864
2026-09-15 15:09:00,71.0,67.28121549361951,13.722468736591326,-10.003684230210837
2026-09-15 15:10:00,45.0,67.28335352022991,4.222129866203544,-26.505483386433454
2026-09-15 15:11:00,66.0,67.2855025873328,12.221792880842065,-13.507295468174867
2026-09-15 15:12:00,75.0,67.28766274486873,12.221457785138078,-4.509120530006804
2026-09-15 15:13:00,65.0,67.28983404212843,18.72112458375805,-21.010958625886488
2026-09-15 15:14:00,76.0,67.29201652787212,5.973510376028087,2.7344730960997907
2026-09-15 15:15:00,68.0,67.29421025041408,14.720463882821878,-14.014674133235957
2026-09-15 15:16:00,61.0,67.29641525740664,7.220136392780342,-13.516551650186976
2026-09-15 15:17:00,83.0,67.29863159605637,20.719810816092778,-5.018442412149142
2026-09-15 15:18:00,71.0,67.30085931287954,6.719487157607777,-3.0203464704873113
2026-09-15 15:19:00,99.0,67.30309845416731,1.7191654222081818,29.97773612362451
2026-09-15 15:20:00,58.0,67.3053490653624,13.718845614815098,-23.0241946801775
2026-09-15 15:21:00,66.0,67.30761119174174,6.718527740384791,-8.026138932126536
2026-09-15 15:22:00,64.0,67.30988487800049,8.718211803910624,-12.028096681911109
2026-09-15 15:23:00,79.0,67.3121701681227,-1.2821021895788491,12.969932021456145
2026-09-15 15:24:00,57.0,67.31446710554837,4.717585764983149,-15.032052870531523
2026-09-15 15:25:00,61.0,67.31677573283528,6.217275672699094,-12.534051405534377
2026-09-15 15:26:00,85.0,67.31909609193748,2.2169675387084977,15.463936369354016
2026-09-15 15:27:00,60.0,67.32142822395642,-4.78333863181392,-2.538089592142498
2026-09-15 15:28:00,68.0,67.32377216929714,2.716357166345278,-2.040129335642419
2026-09-15 15:29:00,74.0,67.3261279674689,-5.783945061564517,12.457817094095617
2026-09-15 15:30:00,66.0,67.32849565725442,13.71575468974304,-15.044250346997458
2026-09-15 15:31:00,58.0,67.33087527684008,17.715456425590954,-27.046331702431033
2026-09-15 15:32:00,56.0,67.33326686300107,9.215160151339752,-20.548427014340824
2026-09-15 15:33:00,44.0,67.33567045262053,4.7148658723861825,-28.050536325006718
2026-09-15 15:34:00,68.0,67.33808608179201,14.714573594165259,-14.052659675957273
2026-09-15 15:35:00,54.0,67.34051378569552,10.21428332214876,-23.55479710784428
2026-09-15 15:36:00,57.0,67.34295359875634,5.713995061844547,-16.056948660600888
2026-09-15 15:37:00,62.0,67.3454055544857,7.213708818800692,-12.559114373286384
2026-09-15 15:38:00,67.0,67.34786968548654,-1.7075285380928338,1.3596588526062874
2026-09-15 15:39:00,61.0,67.35034602338852,16.213142406864684,-22.56348843025321
2026-09-15 15:40:00,60.0,67.35283459885791,0.21286224925369535,-7.565696848111607
2026-09-15 15:41:00,70.0,67.35533544150033,10.712584131467487,-8.067919572967817
2026-09-15 15:42:00,65.0,67.35784857989627,18.212308059240122,-20.570156639136393
2026-09-15 15:43:00,64.0,67.36037404159909,0.7120340383453974,-4.072408079944488
2026-09-15 15:44:00,63.0,67.36291185311055,-0.2882379254040923,-4.074673927706456
2026-09-15 15:45:00,74.0,67.3654620398546,18.711492173840696,-12.076954213695302
2026-09-15 15:46:00,71.0,67.36802462619919,3.941346324046892,-0.30937095024607686
2026-09-15 15:47:00,72.0,67.37059963522792,-1.7890414150968743,6.418441779868957
2026-09-15 15:48:00,67.0,67.37318708907806,-1.365732391550745,0.992545302472692
2026-09-15 15:49:00,76.0,67.37578700839947,-1.289566680903662,9.913779672504191
2026-09-15 15:50:00,58.0,67.37839941261424,11.210173822400947,-20.58857323501519
2026-09-15 15:51:00,79.0,67.3810243199308,2.2099164246084486,9.409059255460747
2026-09-15 15:52:00,73.0,67.38366174729818,8.709661131838192,-3.093322879136366
2026-09-15 15:53:00,68.0,67.3863117104335,-3.100251372834561,3.71393966240106
2026-09-15 15:54:00,76.0,67.38897422371282,12.70915688604024,-4.098131109753062
2026-09-15 15:55:00,65.0,67.39164930021619,9.70890794544654,-12.100557245662728
2026-09-15 15:56:00,79.0,67.39433695170882,11.01409620397155,0.5915668443196296
2026-09-15 15:57:00,62.0,67.3970371885685,-4.400650423052104,-0.9963867655164051
2026-09-15 15:58:00,72.0,67.39975001977322,-2.291826071705217,6.892076051931994
2026-09-15 15:59:00,69.0,67.40247545278257,11.707933545300316,-10.110408998082882
2026-09-15 16:00:00,70.0,67.40521349403708,1.6245863896762742,0.970200116286648
2026-09-15 16:01:00,59.0,67.40796414798166,6.207459251930601,-14.61542339991226
2026-09-15 16:02:00,80.0,67.41072741840009,-6.292774645460758,18.882047227060667
2026-09-15 16:03:00,73.0,67.41350330765925,19.706993632067448,-14.120496939726706
2026-09-15 16:04:00,70.0,67.41629181652026,3.610595522036909,-1.0268873385571595
2026-09-15 16:05:00,80.0,67.41909294432185,10.630288023183557,1.9506190324946004
2026-09-15 16:06:00,70.0,67.42190668887358,-4.793688419718276,7.3717817308447025
2026-09-15 16:07:00,80.0,67.42473304612854,10.627750901185134,1.9475160526863249
2026-09-15 16:08:00,71.0,67.427572011042,6.2058678755921415,-2.63343988663415
2026-09-15 16:09:00,64.0,67.43042357610113,4.70564934245206,-8.136072918553197
2026-09-15 16:10:00,62.0,67.43328773327696,4.705433031210621,-10.138720764487573
2026-09-15 16:11:00,45.0,67.43616447292187,-1.294781051261002,-21.14138342166087
2026-09-15 16:12:00,65.0,67.43905378364666,2.7050071019485262,-5.144060885595181
2026-09-15 16:13:00,68.0,67.44195565234442,14.204797497791258,-13.64675315013568
2026-09-15 16:14:00,65.0,67.4448700644806,0.7045901432590165,-3.149460207739608
2026-09-15 16:15:00,63.0,67.44779700333198,18.204385045382498,-22.65218204871448
2026-09-15 16:16:00,85.0,67.45073645069823,13.203016772521465,4.346246776780305
2026-09-15 16:17:00,69.0,67.45368838659562,19.703981647926945,-18.15767003452256
2026-09-15 16:18:00,66.0,67.45665278915357,6.703783362612529,-8.160436151766092
2026-09-15 16:19:00,87.0,67.45962963460616,-1.796412637518285,21.336783002912128
2026-09-15 16:20:00,88.0,67.46261889737046,-1.2966063452311225,21.833987447860665
2026-09-15 16:21:00,71.0,67.46562054984904,9.203202246745956,-5.668822796594995
2026-09-15 16:22:00,71.0,67.46863456250748,6.20301314572694,-2.671647708234417
2026-09-15 16:23:00,58.0,67.47166090386155,-0.7971736409327638,-8.674487262928785
2026-09-15 16:24:00,58.0,67.4746995404426,-10.000575861648654,0.5258763212060558
2026-09-15 16:25:00,68.0,67.47775043677869,14.202459758443341,-13.680210195222031
2026-09-15 16:26:00,53.0,67.48081355535085,2.202279959392743,-16.68309351474359
2026-09-15 16:27:00,71.0,67.48388885659871,11.702102504530728,-8.185991361129439
2026-09-15 16:28:00,74.0,67.48697629887316,4.60024181936524,1.9127818817616031
2026-09-15 16:29:00,54.0,67.4900758383353,14.701754657646243,-28.19183049598154
2026-09-15 16:30:00,69.0,67.4931874291769,-0.4024509745965105,1.9092635454196056
2026-09-15 16:31:00,69.0,67.4963110229894,15.20141627876855,-13.69772730175795
2026-09-15 16:32:00,63.0,67.49944656954149,1.7012506590682275,-6.2006972286097195
2026-09-15 16:33:00,61.0,67.50259401613559,10.70108742953778,-17.203681445673368
2026-09-15 16:34:00,72.0,67.50575330776564,1.9459123867243222,2.548334305510039
2026-09-15 16:35:00,93.0,67.50892438718523,3.700768172256669,21.790307440558095
2026-09-15 16:36:00,71.0,67.5121071946896,4.659890708318426,-1.1719979030080339
2026-09-15 16:37:00,52.0,67.51530166843379,3.200458569886595,-18.715760238320385
2026-09-15 16:38:00,67.0,67.51850774429529,4.200307409148068,-4.718815153443359
2026-09-15 16:39:00,67.0,67.52172535581295,-1.7714214794039866,1.2496961235910362
2026-09-15 16:40:00,73.0,67.52495443490471,-1.299987591362853,6.775033156458136
2026-09-15 16:41:00,60.0,67.52819491093173,-0.8001314149826912,-6.728063495949037
2026-09-15 16:42:00,72.0,67.53144671145547,14.699727223329747,-10.231173934785218
2026-09-15 16:43:00,57.0,67.53470976090935,-2.300411668246798,-8.234298092662556
2026-09-15 16:44:00,64.0,67.53798398245414,-8.554234846849226,5.01625086439509
2026-09-15 16:45:00,58.0,67.54126929683078,11.699317991868215,-21.24058728869899
2026-09-15 16:46:00,59.0,67.54456562231724,3.1991865601275533,-11.743752182444787
2026-09-15 16:47:00,69.0,67.54787287472976,11.699057631637784,-10.246930506367548
2026-09-15 16:48:00,55.0,67.55119096740528,6.698931214784596,-19.25012218218987
2026-09-15 16:49:00,58.0,67.55451981118013,-3.801192682002733,-5.753327129177393
2026-09-15 16:50:00,56.0,67.55785931437318,15.698685949746574,-27.25654526411975
2026-09-15 16:51:00,51.0,67.56120938281462,2.698567118542679,-19.2597765013573
2026-09-15 16:52:00,78.0,67.56456991957533,7.52302981724488,2.9124002631797907
2026-09-15 16:53:00,51.0,67.5679408252872,12.198337101529559,-28.766277926816755
2026-09-15 16:54:00,63.0,67.57132199757599,0.698225932948848,-5.269547930524844
2026-09-15 16:55:00,67.0,67.57471333139259,5.198117335872415,-5.772830667265005
2026-09-15 16:56:00,64.0,67.57811471905465,2.6980113190168877,-6.2761260380715385
2026-09-15 16:57:00,62.0,67.58152605021846,2.1979078911422225,-7.779433941360679
2026-09-15 16:58:00,61.0,67.5849472118661,-7.791431957069355,1.2064847452032552
2026-09-15 16:59:00,59.0,67.58837808824161,2.697708837568398,-11.286086925810011
2026-09-15 17:00:00,72.0,67.59181856096637,-9.80238677040683,14.210568209440453
2026-09-15 17:01:00,87.0,67.59526850930712,1.6975202460460252,17.707211244646857
2026-09-15 17:02:00,50.0,67.5987278094761,13.697429895891792,-31.296157705367897
2026-09-15 17:03:00,55.0,67.60219633630217,1.697342188135568,-14.299538524437736
2026-09-15 17:04:00,51.0,67.60567396179665,10.697257131826499,-27.30293109362315
2026-09-15 17:05:00,64.0,67.60916055530734,-3.5609373734124654,-0.04822318189486907
2026-09-15 17:06:00,48.0,67.61265598338724,-1.8029049900593686,-17.809750993327874
2026-09-15 17:07:00,57.0,67.61616010981407,10.697017962663919,-21.313178072477996
2026-09-15 17:08:00,76.0,67.61967279567807,7.198167494548274,1.1821597097736571
2026-09-15 17:09:00,70.0,67.62319389911691,8.696871941501657,-6.320065840618568
2026-09-15 17:10:00,53.0,67.62672327567904,5.196802986162304,-19.823526261841344
2026-09-15 17:11:00,56.0,67.63026077765275,1.1967367467528094,-12.826997524405563
2026-09-15 17:12:00,71.0,67.63380625453453,7.1966732326470755,-3.8304794871816057
2026-09-15 17:13:00,54.0,67.63735955292715,-12.984877516346831,-0.6524820365803237
2026-09-15 17:14:00,52.0,67.64092051659952,1.6965544180498324,-17.337474934649357
2026-09-15 17:15:00,62.0,67.64448898605919,15.196499136511262,-20.84098812257045
2026-09-15 17:16:00,74.0,67.648064799031,5.189944405912145,1.1619907950568518
2026-09-15 17:17:00,72.0,67.65164779029037,13.196396872636043,-8.848044662926412
2026-09-15 17:18:00,72.0,67.65523779184176,2.2283419646749394,2.1164202434833044
2026-09-15 17:19:00,57.0,67.65883463266381,-8.303694261587646,-2.3551403710761605
2026-09-15 17:20:00,60.0,67.66243813876294,4.196264369088578,-11.858702507851518
2026-09-15 17:21:00,70.0,67.66604813326741,0.8421892957666833,1.4917625709659035
2026-09-15 17:22:00,42.0,67.66966443642734,2.696190074703889,-28.365854511131232
2026-09-15 17:23:00,77.0,67.6732868658227,-24.30384283076398,33.63055596494128
2026-09-15 17:24:00,48.0,67.67691523577969,-21.477057253984363,1.8001420182046672
2026-09-15 17:25:00,64.0,67.68054935841427,-25.803900108968264,22.123350750553996
2026-09-15 17:26:00,67.0,67.68418904294037,-24.303924461876207,23.619735418935832
2026-09-15 17:27:00,54.0,67.68783409565906,-22.803945944034687,9.116111848375638
2026-09-15 17:28:00,69.0,67.69148432015017,-22.303964545433693,23.612480225283534
2026-09-15 17:29:00,70.0,67.69513951692275,-23.80398025602371,26.108840739100955
2026-09-15 17:30:00,58.0,67.69879948367866,-25.80399306571544,16.10519358203679
2026-09-15 17:31:00,58.0,67.70246401516893,-16.804002964385127,7.1015389492161916
2026-09-15 17:32:00,85.0,67.70613290340935,-21.30400994186899,38.59787703845964
2026-09-15 17:33:00,64.0,67.70980593755618,-21.804013987968244,18.094208050412064
2026-09-15 17:34:00,51.0,67.71348290396357,-21.415099434215158,4.701616530251599
2026-09-15 17:35:00,66.0,67.71716358625886,0.6959867549750339,-2.4131503412339015
2026-09-15 17:36:00,66.0,67.72084776518433,-5.612778932486815,3.891931167302488
2026-09-15 17:37:00,63.0,67.72453521883818,5.695999346779462,-10.420534565617643
2026-09-15 17:38:00,65.0,67.72822572231114,1.6960101118910718,-4.424235834202207
2026-09-15 17:39:00,59.0,67.73191904813989,-4.303976129646369,-4.427942918493514
2026-09-15 17:40:00,56.0,67.73561496588152,-1.3039593673813472,-10.431655598500178
2026-09-15 17:41:00,64.0,67.7393132422642,-0.3039395908238821,-3.4353736514403153
2026-09-15 17:42:00,74.0,67.7430136420006,5.543220880397712,0.7137654776016831
2026-09-15 17:43:00,67.0,67.74671592600913,1.1961090472947529,-1.9428249733038854
2026-09-15 17:44:00,50.0,67.75041985414894,2.1961379300085557,-19.9465577841575
2026-09-15 17:45:00,66.0,67.75412518354852,8.196169869322294,-9.950295052870814
2026-09-15 17:46:00,63.0,67.75783166872911,4.196204875898131,-8.954036544627243
2026-09-15 17:47:00,75.0,67.76153906166266,8.696242960433464,-1.4577820220961257
2026-09-15 17:48:00,42.0,67.76524711174426,-5.803715866339554,-19.961531245404707
2026-09-15 17:49:00,58.0,67.76895556584721,2.196328406345585,-11.965283972192793
2026-09-15 17:50:00,66.0,67.77266416833648,7.196375789285894,-8.969039957622371
2026-09-15 17:51:00,52.0,67.77637266111532,0.6964262933153935,-16.472798954430708
2026-09-15 17:52:00,56.0,67.78008078359935,-17.803520070701346,6.023439287102008
2026-09-15 17:53:00,78.0,67.78378827283034,-6.303463291865198,16.519675019034864
2026-09-15 17:54:00,42.0,67.78749486323366,-1.3034033592422127,-24.48409150399145
2026-09-15 17:55:00,63.0,67.79120028755337,-0.30334026186578333,-4.487860025687581
2026-09-15 17:56:00,82.0,67.79490427543773,-10.303273988737766,24.50836971330004
2026-09-15 17:57:00,71.0,67.79860655542441,-0.5899129504625822,3.7913063950381627
2026-09-15 17:58:00,52.0,67.80230685382811,-5.803131871053117,-9.999174982774996
2026-09-15 17:59:00,53.0,67.8060048947065,-1.803056004327794,-13.002948890378711
2026-09-15 18:00:00,57.0,67.80970039993785,6.197023082487061,-17.006723482424917
2026-09-15 18:01:00,67.0,67.81339308914401,4.697105400562002,-5.510498489706016
2026-09-15 18:02:00,86.0,67.81708267980356,-8.802809038900122,26.98572635909656
2026-09-15 18:03:00,52.0,67.82076888754676,-9.302720224659536,-6.5180486628872245
2026-09-15 18:04:00,61.0,67.82445142578308,3.1973718545581358,-10.021823280341216
2026-09-15 18:05:00,64.0,67.82813000634249,-4.474466064899723,0.6463360585572389
2026-09-15 18:06:00,68.0,67.83180434034331,1.070864935262509,-0.9026692756058168
2026-09-15 18:07:00,50.0,67.83547413702867,-0.3023322046609884,-17.533141932367684
2026-09-15 18:08:00,56.0,67.83913910360148,1.6977730479168047,-13.536912151518287
2026-09-15 18:09:00,57.0,67.84279894572086,-7.3021183776175596,-3.540680568103298
2026-09-15 18:10:00,58.0,67.84645336690234,-0.8020064697733674,-9.04444689712897
2026-09-15 18:11:00,69.0,67.85010206882653,-6.301891217020334,7.451789148193811
2026-09-15 18:12:00,67.0,67.85374475139982,13.698227392207551,-14.551972143607365
2026-09-15 18:13:00,57.0,67.85738111282399,5.198349369513432,-16.055730482337417
2026-09-15 18:14:00,60.0,67.86101084956833,-11.58048354076701,3.719472691198675
2026-09-15 18:15:00,54.0,67.8646336566132,4.198603474961687,-18.06323713157488
2026-09-15 18:16:00,68.0,67.86824922700201,-8.801264373498114,8.933015146496103
2026-09-15 18:17:00,60.0,67.87185725318491,-10.159899144287456,2.2880418911025373
2026-09-15 18:18:00,68.0,67.87545742500507,-2.5212412516690197,2.6457838266639584
2026-09-15 18:19:00,58.0,67.8790494320923,-0.8008473824354216,-9.07820204965688
2026-09-15 18:20:00,54.0,67.88263296239946,-6.300701500483178,-7.581931461916277
2026-09-15 18:21:00,74.0,67.88620770284577,-5.300552156241416,11.414344453395657
2026-09-15 18:22:00,77.0,67.88977333900776,4.658594478694581,4.451632182297658
2026-09-15 18:23:00,57.0,67.89332955524534,-4.300243033024834,-6.59308652222051
2026-09-15 18:24:00,56.0,67.89687603514398,5.699916769984853,-17.59679280512883
2026-09-15 18:25:00,35.0,67.90041246101394,-2.299919916644742,-30.600492544369203
2026-09-15 18:26:00,66.0,67.90393851453845,-3.5530397114121968,1.649101196873744
2026-09-15 18:27:00,60.0,67.90745387664877,2.7004172897095273,-10.6078711663583
2026-09-15 18:28:00,60.0,67.91095822725744,-8.491761931450894,0.5808037041934568
2026-09-15 18:29:00,75.0,67.91445124556131,-0.7992313164495074,7.884780070888198
2026-09-15 18:30:00,85.0,67.91793260997896,-10.79905026855403,27.881117658575064
2026-09-15 18:31:00,54.0,67.92140199836997,5.2011343631110325,-19.122536361481004
2026-09-15 18:32:00,68.0,67.92485908771914,-1.86512688974781,1.9402678020286714
2026-09-15 18:33:00,54.0,67.92830355478098,-6.798485572637078,-7.129817982143905
2026-09-15 18:34:00,59.0,67.93173507526392,-5.79829011511958,-3.133444960144331
2026-09-15 18:35:00,57.0,67.93515332447669,-3.298091023977143,-7.637062300499544
2026-09-15 18:36:00,48.0,67.93855797731685,-5.797888286624034,-14.14066969069281
2026-09-15 18:37:00,40.0,67.94194870838723,-7.797681890428406,-20.144266817958822
2026-09-15 18:38:00,79.0,67.94532519192452,1.7025281772908927,9.352146630784588
2026-09-15 18:39:00,44.0,67.9486871022616,-4.297258070732385,-19.65142903152922
2026-09-15 18:40:00,63.0,67.95203411321464,-1.297040621718296,-3.6549934914963416
2026-09-15 18:41:00,56.0,67.95536589905134,-7.296819462834383,-4.658546436216959
2026-09-15 18:42:00,49.0,67.95868213389589,2.2034054188062764,-21.162087552702168
2026-09-15 18:43:00,66.0,67.96198249207944,-3.8759000828096237,1.913917590730179
2026-09-15 18:44:00,57.0,67.96526664796941,4.203866402154396,-15.169133050123811
2026-09-15 18:45:00,64.0,67.9685342760524,0.7041025298954208,-4.672636805947818
2026-09-15 18:46:00,77.0,67.97178505106835,1.204342432463394,7.823872516468256
2026-09-15 18:47:00,51.0,67.97501864807865,-16.567165194323135,-0.4078534537555072
2026-09-15 18:48:00,51.0,67.97823474247471,-7.795166385251355,-9.183068357223355
2026-09-15 18:49:00,51.0,67.9814330099259,-2.794915079056737,-14.186517930869158
2026-09-15 18:50:00,55.0,67.98461312658495,-1.2946599450803014,-11.689953181504649
2026-09-15 18:51:00,34.0,67.98777476901691,-8.794400969939476,-25.193373799077435
2026-09-15 18:52:00,47.0,67.99091761430174,-0.7941381401940969,-20.196779474107636
2026-09-15 18:53:00,65.0,67.99404134021887,8.70612855765496,-11.700169897873835
2026-09-15 18:54:00,54.0,67.99714562497842,-1.2936008628301177,-12.703544762148297
2026-09-15 18:55:00,47.0,68.00023014777787,1.706673611969228,-22.7069037597471
2026-09-15 18:56:00,61.0,68.00329458853058,-2.2930480042653825,-4.7102465842651995
2026-09-15 18:57:00,57.0,68.00633862810847,2.20723430221058,-13.213572930319046
2026-09-15 18:58:00,66.0,68.00936194835845,-3.253779558881206,1.2444176105227598
2026-09-15 18:59:00,63.0,68.0123642321907,4.207810738588683,-9.22017497077939
2026-09-15 19:00:00,56.0,68.01534516355261,-10.291895103702323,-1.723450059850279
2026-09-15 19:01:00,62.0,68.01830442758806,-2.291596967664755,-3.726707459923304
2026-09-15 19:02:00,61.0,68.02124171064183,-1.2912948392283488,-5.729946871413482
2026-09-15 19:03:00,63.0,68.02415670035595,-14.290988704259847,9.2668320039039
2026-09-15 19:04:00,63.0,68.02704908580628,-15.790678548554737,10.763629462748455
2026-09-15 19:05:00,79.0,68.02991855742303,-5.790364357841495,16.760445800418466
2026-09-15 19:06:00,57.0,68.03276480711175,-12.894033462105686,1.8612686549939355
2026-09-15 19:07:00,70.0,68.03558752816005,-9.289723813960004,11.254136285799959
2026-09-15 19:08:00,67.0,68.03838641573661,0.7106025681027457,-1.7489889838393538
2026-09-15 19:09:00,59.0,68.04116116679994,-9.091836343747003,0.0506751769470668
2026-09-15 19:10:00,58.0,68.04391147997734,0.21126762524555853,-10.2551791052229
2026-09-15 19:11:00,55.0,68.04663705769373,2.2116063296538764,-15.258243387347605
2026-09-15 19:12:00,44.0,68.04933760361712,-5.288050829033643,-18.761286774583475
2026-09-15 19:13:00,66.0,68.05201282322092,-4.5672308819689755,2.5152180587480615
2026-09-15 19:14:00,60.0,68.05466242389625,1.2126473237774995,-9.26730974767375
2026-09-15 19:15:00,54.0,68.05728611513113,-7.786997334790143,-6.270288780340991
2026-09-15 19:16:00,63.0,68.05988360854077,-6.899816773320785,1.8399331647800068
2026-09-15 19:17:00,54.0,68.0624546178774,-3.7862740464712843,-10.276180571406123
2026-09-15 19:18:00,52.0,68.06499885896653,-5.785906069183975,-10.27909278978256
2026-09-15 19:19:00,43.0,68.0675160498981,-8.785533849412454,-16.28198220048565
2026-09-15 19:20:00,41.0,68.07000591101551,-5.285157371756645,-21.784848539258867
2026-09-15 19:21:00,62.0,68.07246816507278,-9.027093956912037,2.9546257918392627
2026-09-15 19:22:00,62.0,68.07490253700429,-4.284391580777255,-1.7905109562270383
2026-09-15 19:23:00,34.0,68.07730875475168,-10.784002236244554,-23.29330651850713
2026-09-15 19:24:00,53.0,68.07968654796568,8.216391428596905,-23.296077976562586
2026-09-15 19:25:00,52.0,68.08203565035824,-8.783210570437125,-7.298825079921109
2026-09-15 19:26:00,63.0,68.08435579785946,-1.2828082174461743,-3.8015475804132848
2026-09-15 19:27:00,56.0,68.08664673000591,-9.282401496444754,-2.8042452335611614
2026-09-15 19:28:00,86.0,68.08890818799796,-18.781990391354,36.69308220335604
2026-09-15 19:29:00,55.0,68.09113991806744,-10.781574886013813,-2.3095650320536265
2026-09-15 19:30:00,42.0,68.09334166789408,0.7188450358293915,-26.81218670372347
2026-09-15 19:31:00,61.0,68.0955131900532,-15.28073060948246,8.185217419429264
2026-09-15 19:32:00,52.0,68.09765423989167,-5.780301805516674,-10.317352434374996
2026-09-15 19:33:00,54.0,68.09976457568503,-4.279868535747632,-9.819896039937397
2026-09-15 19:34:00,57.0,68.10184395863844,-17.779430783561306,6.677586824922869
2026-09-15 19:35:00,56.0,68.10389215259028,9.22101146775311,-21.324903620343385
2026-09-15 19:36:00,50.0,68.10590892496269,-5.278541765000543,-12.82736715996215
2026-09-15 19:37:00,53.0,68.10789404621266,-18.04466621242715,2.9367721662144817
2026-09-15 19:38:00,45.0,68.10984729013643,-7.277634615026818,-15.83221267510961
2026-09-15 19:39:00,57.0,68.11176843557865,-6.277174198216887,-4.83459423736177
2026-09-15 19:40:00,51.0,68.1136572645858,-7.776709197311541,-9.336948067274257
2026-09-15 19:41:00,43.0,68.11551356240982,-6.776239595027521,-18.339273967382297
2026-09-15 19:42:00,51.0,68.11733711757199,-3.275765373984504,-13.841571743587487
2026-09-15 19:43:00,50.0,68.11912772181422,-19.597759983011144,1.4786322611969211
2026-09-15 19:44:00,56.0,68.12088517021004,-9.774803005599374,-2.3460821646106638
2026-09-15 19:45:00,43.0,68.12260926104967,8.225685177003543,-33.348294438053216
2026-09-15 19:46:00,46.0,68.12429979597803,-7.773821951107448,-14.350477844870582
2026-09-15 19:47:00,43.0,68.1259565799695,-12.773324372048622,-12.352632207920877
2026-09-15 19:48:00,49.0,68.12757942136982,-14.27282206783367,-4.854757353536144
2026-09-15 19:49:00,49.0,68.12916813189956,-5.772315020369103,-13.356853111530455
2026-09-15 19:50:00,58.0,68.13072252672966,-5.771803211463311,-4.358919315266348
2026-09-15 19:51:00,47.0,68.13224242436499,-4.771286622815661,-16.36095580154933
2026-09-15 19:52:00,65.0,68.13372764691405,-4.272283527355772,1.1385558804417144
2026-09-15 19:53:00,49.0,68.13517801970694,-7.270239032579286,-11.864938987127658
2026-09-15 19:54:00,57.0,68.13659337145069,-12.908427138828365,1.7718337673776716
2026-09-15 19:55:00,48.0,68.13797353455725,-16.769172101153945,-3.3688014334033056
2026-09-15 19:56:00,42.0,68.13931834462558,-13.268631335618707,-12.870687009006872
2026-09-15 19:57:00,45.0,68.14062764077673,-19.26808567831688,-3.8725419624598487
2026-09-15 19:58:00,59.0,68.14190126561223,-3.767535110200576,-5.374366155411657
2026-09-15 19:59:00,41.0,68.14313906515794,-15.766979612116799,-11.37615945304114
2026-09-15 20:00:00,53.0,68.14434088910114,-23.26641916479922,8.122078275698073
2026-09-15 20:01:00,37.0,68.14550659036443,-11.765853748875529,-19.379652841488905
2026-09-15 20:02:00,73.0,68.14663602570158,-14.765283344862997,19.61864731916141
2026-09-15 20:03:00,43.0,68.14772905534117,-4.264707933170842,-20.883021122170334
2026-09-15 20:04:00,43.0,68.14878554296851,3.2358725059026288,-28.384658048871138
2026-09-15 20:05:00,46.0,68.1498053556727,-2.7635420078324913,-19.386263347840206
2026-09-15 20:06:00,45.0,68.15078836406309,-9.262951454452,-13.887836909611089
2026-09-15 20:07:00,43.0,68.15173444169638,-16.262355813925634,-8.88937862777074
2026-09-15 20:08:00,45.0,68.1526434659722,-4.761755066110662,-18.390888399861545
2026-09-15 20:09:00,49.0,68.153515317203,-9.761149190754134,-9.39236612644887
2026-09-15 20:10:00,49.0,68.15434987908449,-12.760538167491715,-6.393811711592775
2026-09-15 20:11:00,45.0,68.15514703898096,-10.259921975851432,-12.895225063129523
2026-09-15 20:12:00,56.0,68.15590668727216,-8.759300595245826,-3.3966060920263317
2026-09-15 20:13:00,55.0,68.15662871834594,-13.134896611977831,-0.02173210636810552
2026-09-15 20:14:00,60.0,68.15731302970099,-7.640285251057505,-0.5170277786434809
2026-09-15 20:15:00,56.0,68.15795952269477,-15.093794528302029,2.9358350056072595
2026-09-15 20:16:00,52.0,68.15856810091378,-9.256762767601813,-6.9018053333119695
2026-09-15 20:17:00,43.0,68.15913867278616,-10.256115129510754,-14.903023543275403
2026-09-15 20:18:00,53.0,68.15967114976004,-15.92202637465249,0.7623552248924454
2026-09-15 20:19:00,47.0,68.16016544735243,-16.254803887552256,-4.90536155980017
2026-09-15 20:20:00,60.0,68.16062148343703,-15.254140240854566,7.093518757417542
2026-09-15 20:21:00,48.0,68.16103918063041,-5.253471214936943,-14.907567965693467
2026-09-15 20:22:00,37.0,68.16141846480556,-17.75279678811808,-13.408621676687488
2026-09-15 20:23:00,47.0,68.1617592650688,-11.25211693859894,-9.909642326469857
2026-09-15 20:24:00,61.0,68.16206151362373,-12.246157367779583,5.084095854155862
2026-09-15 20:25:00,39.0,68.16232514580192,-19.250740883751494,-9.911584262050425
2026-09-15 20:26:00,38.0,68.16255010013184,-19.750044634303816,-10.41250546582802
2026-09-15 20:27:00,37.0,68.16273631792048,-22.749342873918437,-8.41339344400204
2026-09-15 20:28:00,53.0,68.16288374303878,-13.248635580277597,-1.914248162761183
2026-09-15 20:29:00,46.0,68.16299232455259,-16.247922730955647,-5.9150695935969395
2026-09-15 20:30:00,55.0,68.16306201277834,-13.918366286506409,0.755304273728072
2026-09-15 20:31:00,51.0,68.16309276669452,-14.246480275086068,-2.916612491608447
2026-09-15 20:32:00,57.0,68.16308455417024,-11.143058437833128,-0.020026116337106714
2026-09-15 20:33:00,60.0,68.16303735203206,-4.2450153249309475,-3.9180220271011166
2026-09-15 20:34:00,47.0,68.16295114607334,-20.00879592192555,-1.154155224147786
2026-09-15 20:35:00,51.0,68.16282593119057,-18.578720862258283,1.4158949310677116
2026-09-15 20:36:00,44.0,68.16266171223113,-9.742775322286594,-14.419886389944537
2026-09-15 20:37:00,43.0,68.16245849938765,-10.242017208436774,-14.920441290950876
2026-09-15 20:38:00,51.0,68.16221631690539,-11.241253332705062,-5.920962984200322
2026-09-15 20:39:00,41.0,68.16193519049655,-16.24048367172651,-10.921451518770041
2026-09-15 20:40:00,21.0,68.16161515512678,-19.239708202045183,-27.921906953081603
2026-09-15 20:41:00,54.0,68.16125625605252,-12.238926900133094,-1.9223293559194303
2026-09-15 20:42:00,55.0,68.16085854398585,-12.028214023917181,-1.1326445200686663
2026-09-15 20:43:00,53.0,68.16042208391549,-4.23734670510511,-10.923075378810381
2026-09-15 20:44:00,36.0,68.15994694252721,-19.23654776454757,-12.923399177979647
2026-09-15 20:45:00,39.0,68.15943319582634,-17.735742896880094,-11.42369029894624
2026-09-15 20:46:00,45.0,68.15888093027762,-15.234932078209539,-7.923948852068079
2026-09-15 20:47:00,42.0,68.15829023886278,-10.73411528457601,-15.42417495428677
2026-09-15 20:48:00,39.0,68.15766122600198,-17.233292491960857,-11.924368734041124
2026-09-15 20:49:00,52.0,68.15699399955642,-9.232463676283114,-6.924530323273302
2026-09-15 20:50:00,46.0,68.15628867154079,-12.231628813411161,-9.92465985812963
2026-09-15 20:51:00,37.0,68.15554535677526,-0.730787879161137,-30.42475747761413
2026-09-15 20:52:00,45.0,68.15476417456813,-5.229940849299018,-17.92482332526911
2026-09-15 20:53:00,45.0,68.15394524819362,-19.729087699549748,-3.424857548643871
2026-09-15 20:54:00,58.0,68.1530887042489,-17.228228405596223,7.075139701347325
2026-09-15 20:55:00,45.0,68.15219467256624,-12.727362943084199,-10.424831729482037
2026-09-15 20:56:00,43.0,68.15126328613542,-11.726491287624864,-13.42477199851055
2026-09-15 20:57:00,50.0,68.15029468104906,-15.725613414806572,-2.4246812662424873
2026-09-15 20:58:00,58.0,68.14928899642446,-20.22472930018571,10.075440303761255
2026-09-15 20:59:00,37.0,68.1482463742778,-9.223838919304375,-21.924407454973426
2026-09-15 21:00:00,43.0,68.14716695955119,-19.222942247685634,-5.924224711865548
2026-09-15 21:01:00,54.0,68.14605089998722,-15.232697520954353,1.0866466209671444
2026-09-15 21:02:00,48.0,68.14489834609188,-16.221129934280736,-3.923768411811139
2026-09-15 21:03:00,36.0,68.14370945095453,-11.7202142435029,-20.42349520745163
2026-09-15 21:04:00,48.0,68.14248437025863,-14.719292164009662,-5.42319220624897
2026-09-15 21:05:00,50.0,68.1412232622052,-15.718363671317102,-2.4228595908880948
2026-09-15 21:06:00,52.0,68.13992628744312,-25.217428740950833,9.07750245350772
2026-09-15 21:07:00,37.0,68.13859360899379,-25.21648734845443,-5.922106260539358
2026-09-15 21:08:00,44.0,68.13722539218017,-14.215539469395889,-9.921685922784278
2026-09-15 21:09:00,41.0,68.13582180455057,-18.71458507937687,-8.4212367251737
2026-09-15 21:10:00,38.0,68.13438301581299,-13.213624154028976,-16.92075886178401
2026-09-15 21:11:00,40.0,68.13290919773954,-12.712656669030245,-15.420252528709291
2026-09-15 21:12:00,48.0,68.131400524101,-22.62978536198489,2.49838483788389
2026-09-15 21:13:00,52.0,68.1298571706025,-9.710701923020277,-6.419155247582225
2026-09-15 21:14:00,58.0,68.12827931466234,-21.709714613624353,11.58143529896202
2026-09-15 21:15:00,36.0,68.12666713551619,-27.708720647817795,-4.417946487698387
2026-09-15 21:16:00,39.0,68.12502081406751,-29.526639198624327,0.4016183845568122
2026-09-15 21:17:00,43.0,68.12334053286762,-18.206712650954092,-6.916627881913527
2026-09-15 21:18:00,40.0,68.12162647599472,-17.20569857209171,-10.915927903903011
2026-09-15 21:19:00,44.0,68.11987882902437,-19.20467774121141,-4.91520108781296
2026-09-15 21:20:00,46.0,68.11809777868092,-21.698757887371755,-0.41933989130916416
2026-09-15 21:21:00,29.0,68.11628351290075,-14.202615728831153,-24.913667784069595
2026-09-15 21:22:00,42.0,68.11443622107235,-17.20157450030976,-8.912861720762592
2026-09-15 21:23:00,20.0,68.11255609351386,-7.200526425743326,-40.91202966777053
2026-09-15 21:24:00,39.0,68.1106433218618,-28.700040113541014,-0.41060320832079356
2026-09-15 21:25:00,43.0,68.10869809850301,-19.19840964580133,-5.910288452701678
2026-09-15 21:26:00,41.0,68.10672061688612,-19.697340894421522,-7.4093797224646
2026-09-15 21:27:00,35.0,68.10471107129679,-28.196265205011898,-4.908445866284893
2026-09-15 21:28:00,34.0,68.10266965682165,-16.695182554954034,-17.407487101867616
2026-09-15 21:29:00,35.0,68.10059656943508,-38.194092921791224,5.093496352356141
2026-09-15 21:30:00,35.0,68.09849200562081,-40.19299628324467,7.094504277623855
2026-09-15 21:31:00,39.0,68.09635616273856,-29.859892005784143,0.7635358430455881
2026-09-15 21:32:00,43.0,68.09418923863271,-27.640459487512437,2.546270248879722
2026-09-15 21:33:00,41.0,68.09199143173586,-38.18966411530003,11.09767268356417
2026-09-15 21:34:00,115.0,68.08976294062201,45.82583819722171,1.0843988621562772
2026-09-15 21:35:00,119.0,68.08750396404974,49.828814134283455,1.0836819016668073
2026-09-15 21:36:00,126.0,68.08521470192215,56.83182310678239,1.0829621912954508
2026-09-15 21:37:00,104.0,68.0828953531582,34.8348649046096,1.082239742232204
2026-09-15 21:38:00,101.0,68.08054611840922,31.837939315683812,1.0815145659069714
2026-09-15 21:39:00,115.0,68.07816719814258,45.84104612815156,1.080786673705859
2026-09-15 21:40:00,130.0,68.07575879294333,60.844185129952564,1.0800560771041035
2026-09-15 21:41:00,113.0,68.07332110294773,43.847356109494086,1.0793227875581834
2026-09-15 21:42:00,85.0,68.07085432836456,-39.67928236627243,56.60842803790787
2026-09-15 21:43:00,116.0,68.06835866904665,46.85379315546885,1.0778481754845046
2026-09-15 21:44:00,109.0,68.0658343245447,39.857058799486026,1.0771068759692781
2026-09-15 21:45:00,112.0,68.06328149433557,42.860355576095955,1.0763629295684751
2026-09-15 21:46:00,115.0,68.06070037714507,45.86368327502293,1.0756163478319962
2026-09-15 21:47:00,85.0,68.05809117175563,-37.67326103732279,54.615169865567154
2026-09-15 21:48:00,101.0,68.0554540761878,31.870430598659645,1.0741153251525475
2026-09-15 21:49:00,108.0,68.05278928773518,38.87384980464858,1.0733609076162338
2026-09-15 21:50:00,101.0,68.0500970030772,31.877299095346018,1.0726039015767839
2026-09-15 21:51:00,114.0,68.04737741806858,44.88077826317113,1.0718443187602986
2026-09-15 21:52:00,107.0,68.04463072780267,-22.167055562478634,61.122424834675954
2026-09-15 21:53:00,91.0,68.04185712650727,-26.165792183789044,49.123935057281784
2026-09-15 21:54:00,33.0,68.03905680749212,-27.664521340202036,-7.37453546729008
2026-09-15 21:55:00,38.0,68.03622996308691,-29.697395770845738,-0.3388341922411797
2026-09-15 21:56:00,42.0,68.03337678456586,-23.661957198311597,-2.3714195862542624
2026-09-15 21:57:00,41.0,68.03049746209717,-33.66066387095409,6.6301664088569225
2026-09-15 21:58:00,34.0,68.02759218466602,-21.15936302060181,-12.86822916406421
2026-09-15 21:59:00,33.0,68.0246611400323,-15.158054633719155,-19.86660650631314
2026-09-15 22:00:00,35.0,68.0217045146466,-22.656738697175296,-10.364965817471301
2026-09-15 22:01:00,32.0,68.0187224936059,-32.655415198251916,-3.363307295353991
2026-09-15 22:02:00,32.0,68.01571526057909,-24.154084124642814,-11.861631135936271
2026-09-15 22:03:00,27.0,68.0126829977559,-15.65274546446574,-25.359937533290164
2026-09-15 22:04:00,32.0,68.00962588568838,-27.15139920625639,-8.858226679431993
2026-09-15 22:05:00,51.0,68.0065441033959,-25.150045338976597,8.1435012355807
2026-09-15 22:06:00,39.0,68.00343782818338,-33.04622458117565,4.042786752992271
2026-09-15 22:07:00,35.0,68.00030723566002,-12.64731473519398,-20.352992500466037
2026-09-15 22:08:00,36.0,67.99715249961878,-16.145937978759346,-15.851214520859429
2026-09-15 22:09:00,52.0,67.99397379204244,-28.64455357338695,12.650579781344518
2026-09-15 22:10:00,30.0,67.99077128301616,-24.1431615101857,-13.84760977283046
2026-09-15 22:11:00,36.0,67.98754514068277,-22.141761780687386,-9.84578335999538
2026-09-15 22:12:00,37.0,67.98429553110127,-20.140354376851644,-10.84394115424962
2026-09-15 22:13:00,29.0,67.98102261833165,-24.138939291056076,-14.842083327275574
2026-09-15 22:14:00,38.0,67.97772656428104,-27.137516516101616,-2.8402100481794292
2026-09-15 22:15:00,26.0,67.97440752871397,-18.636086045194855,-23.33832148351911
2026-09-15 22:16:00,38.0,67.97106566918517,-34.06454980267294,4.093484133487777
2026-09-15 22:17:00,33.0,67.96770114081343,-36.09126184178261,1.123560700969179
2026-09-15 22:18:00,23.0,67.96431409703298,-29.131748394901923,-15.832565702131063
2026-09-15 22:19:00,27.0,67.96090468816963,-22.63028708028183,-18.330617607887802
2026-09-15 22:20:00,36.0,67.95747306334701,-21.628818041676592,-10.328655021670414
2026-09-15 22:21:00,33.0,67.95401936925506,-28.62734127459521,-6.326678094659854
2026-09-15 22:22:00,30.0,67.9505437500743,-23.6258567748861,-14.3246869751882
2026-09-15 22:23:00,47.0,67.94704634728619,-33.12436453872752,12.17731819144133
2026-09-15 22:24:00,23.0,67.94352729984318,-28.122864562611195,-16.820662737231984
2026-09-15 22:25:00,28.0,67.93998674396153,-33.621356843315105,-6.318629900646421
2026-09-15 22:26:00,32.0,67.93642481316532,-26.61984137789362,-9.316583435271696
2026-09-15 22:27:00,27.0,67.93284163799241,-31.618318163648834,-9.314523474343574
2026-09-15 22:28:00,43.0,67.92923734631772,-28.358673176864812,3.4294358305470922
2026-09-15 22:29:00,25.0,67.92561206295792,-28.615248479005537,-14.310363583952388
2026-09-15 22:30:00,25.0,67.9219659101896,-32.113702004239826,-10.808263905949772
2026-09-15 22:31:00,34.0,67.91829900668488,-28.612147771856392,-5.306151234828484
2026-09-15 22:32:00,23.0,67.91461146897498,-33.61058578001399,-11.30402568896099
2026-09-15 22:33:00,28.0,67.91090341044512,-15.109016026940184,-24.801887383504933
2026-09-15 22:34:00,40.0,67.90717494145323,-28.397581986400787,0.4904070449475455
2026-09-15 22:35:00,30.0,67.90342616917141,-29.105853230178766,-8.797572938992644
2026-09-15 22:36:00,44.0,67.89965719766735,-34.60426018298026,10.704602985312903
2026-09-15 22:37:00,34.0,67.89586812767936,-24.102659367441643,-9.793208760237718
2026-09-15 22:38:00,40.0,67.89205905661582,-28.388030962732678,0.49597190611684994
2026-09-15 22:39:00,27.0,67.88823007863327,-30.099434423150104,-10.78879565548317
2026-09-15 22:40:00,29.0,67.88438128476295,-22.597810289772674,-16.286570994990278
2026-09-15 22:41:00,36.0,67.88051276180573,-31.20289587006991,-0.6776168917358234
2026-09-15 22:42:00,29.0,67.8766245935872,-28.594538686844796,-10.282085906742395
2026-09-15 22:43:00,24.0,67.87271686007169,-30.592891210697836,-13.279825649373855
2026-09-15 22:44:00,24.0,67.86878963735785,-29.5912359462587,-14.27755369109915
2026-09-15 22:45:00,24.0,67.86484299768848,-33.08957288897633,-10.775270108712157
2026-09-15 22:46:00,24.0,67.86087700940911,-21.087902033665596,-22.77297497574351
2026-09-15 22:47:00,23.0,67.8568917369193,-25.586223374428467,-19.270668362490824
2026-09-15 22:48:00,34.0,67.85288724062652,-21.58453690458262,-12.268350336043895
2026-09-15 22:49:00,28.0,67.84886357766784,-28.582842616556384,-11.266020961111458
2026-09-15 22:50:00,36.0,67.84482080057113,-32.01163739668297,0.1668165961118433
2026-09-15 22:51:00,30.0,67.8407589585121,-29.579430550763004,-8.26132840774909
2026-09-15 22:52:00,22.0,67.83667809653078,-29.577712752620563,-16.258965343910212
2026-09-15 22:53:00,31.0,67.8325782555664,-31.575987095347767,-5.256591160218633
2026-09-15 22:54:00,20.0,67.8284594728149,-27.574253565517825,-20.254205907297077
2026-09-15 22:55:00,24.0,67.82432178062875,-28.072512148190683,-15.751809632438068
2026-09-15 22:56:00,25.0,67.82016520936828,-26.070135580695624,-16.750029628672664
2026-09-15 22:57:00,33.0,67.81598978439894,-29.067749573759844,-5.748240210639096
2026-09-15 22:58:00,25.0,67.81179553196336,-37.565354129078486,-5.246441402884869
2026-09-15 22:59:00,1.0,67.8075824796788,-37.06294924865634,-29.744633231022462
2026-09-15 23:00:00,5.0,67.80335065695124,-35.06053493481468,-27.742815722136555
2026-09-15 23:01:00,5.0,67.79910009163291,-37.058111190165576,-25.740988901467333
2026-09-15 23:02:00,7.0,67.7948308170377,-35.55567801612709,-25.239152800910617
2026-09-15 23:03:00,6.0,67.79054285865423,-32.053235415333326,-29.73730744332091
2026-09-15 23:04:00,2.0,67.78623624746493,-34.05078338996801,-31.735452857496917
2026-09-15 23:05:00,3.0,67.78191100847032,-30.548321942716683,-34.233589065753634
2026-09-15 23:06:00,1.0,67.77756716835069,-30.545851076565544,-36.231716091785145
2026-09-15 23:07:00,3.0,67.7732047541541,-38.543370794818784,-26.22983395933531
2026-09-15 23:08:00,4.0,67.7688237948754,-34.04088110109938,-29.727942693776022
2026-09-15 23:09:00,4.0,67.76442431742208,-34.038381999315504,-29.72604231810658
2026-09-15 23:10:00,5.0,67.76000635462634,-28.535873493698517,-34.224132860927824
2026-09-15 23:11:00,5.0,67.75556993103307,-42.53335558877087,-20.2222143422622
2026-09-15 23:12:00,3.0,67.75111507591602,-39.03082828932853,-25.720286786587486
2026-09-15 23:13:00,1.0,67.74664181383301,-33.02829160038694,-33.718350213446065
2026-09-15 23:14:00,2.0,67.74215017039288,-34.52574552730798,-31.216404643084893
2026-09-15 23:15:00,3.0,67.73764017306044,-28.523190075701038,-36.2144500973594
2026-09-15 23:16:00,2.0,67.73311184715958,-36.020625251469724,-29.712486595689853
2026-09-15 23:17:00,1.0,67.72856522305912,-36.0180510608315,-30.710514162227618
2026-09-15 23:18:00,4.0,67.72400032642103,-38.01546751027837,-25.708532816142665
2026-09-15 23:19:00,26.0,67.71941718124263,-38.01287460656234,-3.7065425746802845
2026-09-15 23:20:00,27.0,67.71481581617975,-31.01027235676207,-9.704543459417678
2026-09-15 23:21:00,29.0,67.71019625423199,-33.00766076819182,-5.702535486040169
2026-09-15 23:22:00,19.0,67.70555852096422,-35.00503984844142,-13.700518672522797
2026-09-15 23:23:00,34.0,67.70090264109729,-33.14411650664104,-0.5567861344562459
2026-09-15 23:24:00,20.0,67.69622863769253,-35.49977004427784,-12.19645859341469
2026-09-15 23:25:00,29.0,67.69153653790964,-39.56533878892187,0.8738022510122363
2026-09-15 23:26:00,38.0,67.68682636247487,-34.99446299686425,5.307636634389382
2026-09-15 23:27:00,32.0,67.68209813424261,-29.491795523750156,-6.190302610492452
2026-09-15 23:28:00,21.0,67.67735187073397,-33.989118760589626,-12.688233110144346
2026-09-15 23:29:00,17.0,67.67258759016495,-41.98643271492167,-8.686154875243282
2026-09-15 23:30:00,25.0,67.66780531161722,-30.98373739457444,-11.684067917042775
2026-09-15 23:31:00,31.0,67.66300505500423,-32.98103280766507,-3.6819722473391607
2026-09-15 23:32:00,29.0,67.65818684122246,-35.47831896259622,-3.17986787862624
2026-09-15 23:33:00,28.0,67.65335069147322,-35.47559586806749,-4.177754823405735
2026-09-15 23:34:00,23.0,67.6484966284666,-27.972863533044716,-16.675633095421887
2026-09-15 23:35:00,32.0,67.64362467470164,-35.51588071230782,-0.12774396239382213
2026-09-15 23:36:00,24.0,67.63873485347911,-25.467371177477883,-18.17136367600122
2026-09-15 23:37:00,19.0,67.63382718894385,-33.96461117579109,-14.669216013152763
2026-09-15 23:38:00,29.0,67.6289017060717,-29.46184197111548,-9.167059734956226
2026-09-15 23:39:00,24.0,67.62395843128378,-36.4590635735353,-7.164894857748479
2026-09-15 23:40:00,42.0,67.61899738933823,-28.70645533720465,3.0874579478664117
2026-09-15 23:41:00,25.0,67.61401860935997,-35.453479238738566,-7.160539370621407
2026-09-15 23:42:00,30.0,67.60902211429851,-33.45067331951035,-4.158348794788161
2026-09-15 23:43:00,33.0,67.60400793042182,-29.94785824462893,-4.656149685792883
2026-09-15 23:44:00,23.0,67.59897608119785,-33.945034023566045,-10.653942057631802
2026-09-15 23:45:00,30.0,67.59392658879892,-37.48335925434595,-0.1105673344529805
2026-09-15 23:46:00,25.0,67.58885947871177,-32.4393581733821,-10.149501305329672
2026-09-15 23:47:00,17.0,67.58377477313718,-37.43650656135373,-13.147268211783448
2026-09-15 23:48:00,20.0,67.57867249485437,-37.93364583443585,-9.645026660418523
2026-09-15 23:49:00,25.0,67.57355266810364,-38.93077600097161,-3.6427766671320327
2026-09-15 23:50:00,28.0,67.56841531540601,-31.42789706879179,-8.14051824661422
2026-09-15 23:51:00,21.0,67.56326046301979,-32.925009046254104,-13.638251416765684
2026-09-15 23:52:00,25.0,67.55808813317755,-29.92211194194274,-12.635976191234803
2026-09-15 23:53:00,32.0,67.55289834882804,-40.4192057647224,4.8663074158943544
2026-09-15 23:54:00,27.0,67.54769113363801,-37.91629052375297,-2.6314006098850484
2026-09-15 23:55:00,21.0,67.54246651199668,-37.413366228474366,-9.129100283522313
2026-09-15 23:56:00,17.0,67.53722450901036,-34.410432888612505,-16.126791620397853
2026-09-15 23:57:00,23.0,67.53196515039274,-33.907490511738374,-10.624474638654362
2026-09-15 23:58:00,24.0,67.52668846264741,-31.904539107242805,-11.62214935540461
2026-09-15 23:59:00,16.0,67.52139447293989,-35.401578683591005,-16.119815789348884
2026-09-16 00:00:00,22.0,67.51608320916303,-46.21054466712748,0.6944614579644508
2026-09-16 00:01:00,26.0,67.51075469991808,-42.46562216512276,0.9548674652046856
2026-09-16 00:02:00,30.0,67.50540897450888,-38.45925803961494,0.9538490651060556
2026-09-16 00:03:00,35.0,67.50004606291739,-33.45287518575802,0.952829122840626
2026-09-16 00:04:00,26.0,67.49466599580593,-42.44647364025741,0.9518076444514776
2026-09-16 00:05:00,28.0,67.48926880452528,-40.44005344054518,0.9507846360198897
2026-09-16 00:06:00,19.0,67.48385452109845,-49.835921981098764,1.3520674600003133
2026-09-16 00:07:00,20.0,67.47842317823343,-48.427157231784165,0.9487340535507371
2026-09-16 00:08:00,17.0,67.47297480930412,-51.45224429284478,0.9792694835406621
2026-09-16 00:09:00,24.0,67.46750944905254,-44.41418687394901,0.946677424896464
2026-09-16 00:10:00,26.0,67.4620271301458,-42.251411533209165,0.7893844030633659
2026-09-16 00:11:00,22.0,67.45652788936297,-46.40114268927169,0.9446147999087202
2026-09-16 00:12:00,27.0,67.4510117586438,-41.3945930130185,0.943581254374692
2026-09-16 00:13:00,2.0,67.44547877057477,-66.38802499887484,0.9425462283000741
2026-09-16 00:14:00,7.0,67.4399289588155,-61.55723245768188,1.1173034988663773
2026-09-16 00:15:00,5.0,67.43436235596192,-63.37483411516932,0.9404717592073979
2026-09-16 00:16:00,6.0,67.42877899738282,-62.118175671102826,0.6893966737199975
2026-09-16 00:17:00,2.0,67.4231789156689,-66.36157035780758,0.9383914421386805
2026-09-16 00:18:00,3.0,67.41756214404269,-65.35491125003385,0.9373491059911601
2026-09-16 00:19:00,3.0,67.41192871638329,-65.34823404271799,0.9363053263347041
2026-09-16 00:20:00,4.0,67.40627866707197,-64.34153877645166,0.9352601093796835
2026-09-16 00:21:00,5.0,67.4006120312755,-63.51595597370538,1.115343942429888
2026-09-16 00:22:00,3.0,67.39492884451674,-65.32809423313216,0.9331653886154214
2026-09-16 00:23:00,3.0,67.3892291436525,-65.3213450410863,0.9321158974338033
2026-09-16 00:24:00,4.0,67.38351296335792,-64.72424115050349,1.3407281871455723
2026-09-16 00:25:00,0.0,67.37778034241445,-68.30779302733386,0.9300126849194044
2026-09-16 00:26:00,1.0,67.37203131462924,-66.99052526467423,0.6184939500449929
2026-09-16 00:27:00,1.0,67.36626591440447,-67.29416978845474,0.9279038740502727
2026-09-16 00:28:00,6.0,67.36048417673726,-62.2873315614309,0.9268473846936445
2026-09-16 00:29:00,2.0,67.35468613721834,-66.58829074478649,1.2336046075681537
2026-09-16 00:30:00,2.0,67.34887183237805,-65.95844640929056,0.6095745769125074
2026-09-16 00:31:00,2.0,67.34304129765313,-66.17054731553878,0.8275060178856535
2026-09-16 00:32:00,2.0,67.3371945706171,-66.22382132941807,0.886626758800972
2026-09-16 00:33:00,28.0,67.33133168693205,-40.25287603557353,0.9215443486414898
2026-09-16 00:34:00,26.0,67.32545267955847,-42.24593234666899,0.9204796671105129
2026-09-16 00:35:00,30.0,67.31955758441303,-38.238971226223384,0.9194136418103511
2026-09-16 00:36:00,23.0,67.31364643297276,-45.231992711622475,0.9183462786497074
2026-09-16 00:37:00,28.0,67.30771925970366,-40.22499684341777,0.9172775837141103
2026-09-16 00:38:00,22.0,67.30177609572317,-46.01110806695948,0.7093319712363098
2026-09-16 00:39:00,22.0,67.29581697267743,-46.210953194751056,0.9151362220736274
2026-09-16 00:40:00,15.0,67.28984192274179,-53.20390548996366,0.9140635672218735
2026-09-16 00:41:00,27.0,67.28385097863107,-41.19684058293138,0.9129896043003072
2026-09-16 00:42:00,28.0,67.27784417346416,-40.189758512753805,0.9119143392896376
2026-09-16 00:43:00,27.0,67.27182154097463,-41.18265931918802,0.9108377782133914
2026-09-16 00:44:00,27.0,67.2657831153621,-41.17554304247812,0.9097599271160277
2026-09-16 00:45:00,22.0,67.25972893137099,-46.58493447360677,1.3252055422357927
2026-09-16 00:46:00,27.0,67.25365902492268,-41.161259404158216,0.9076003792355323
2026-09-16 00:47:00,18.0,67.24757342989398,-50.641151350023534,1.3935779201295588
2026-09-16 00:48:00,32.0,67.24147218390931,-36.14690792834214,0.9054357444328218
2026-09-16 00:49:00,17.0,67.23535531991946,-51.139706854575245,0.9043515346557882
2026-09-16 00:50:00,27.0,67.22922287137087,-41.61888274598458,1.389659874613713
2026-09-16 00:51:00,33.0,67.2230748722178,-35.12525423242596,0.9021793602081658
2026-09-16 00:52:00,27.0,67.2169113567952,-41.1180027643408,0.9010914075456071
2026-09-16 00:53:00,24.0,67.2107323600139,-44.11073457932423,0.9000022193103234
2026-09-16 00:54:00,25.0,67.20453791723547,-43.103449718806665,0.8989118015712023
2026-09-16 00:55:00,30.0,67.19832806432747,-38.515241333489506,1.3169132691620433
2026-09-16 00:56:00,34.0,67.19210283766904,-34.08883013967856,0.8967273020095092
2026-09-16 00:57:00,22.0,67.18586227412591,-46.08149550659811,0.8956332324722069
2026-09-16 00:58:00,20.0,67.17960641107175,-48.07414436907403,0.8945379580022745
2026-09-16 00:59:00,22.0,67.17333528637084,-46.06677677118487,0.8934414848140193
2026-09-16 01:00:00,24.0,67.16704893839834,-44.0593927575478,0.8923438191494597
2026-09-16 01:01:00,19.0,67.16074740596012,-49.05199237323814,0.8912449672780127
2026-09-16 01:02:00,13.0,67.15443072840927,-55.04457566390824,0.8901449354989666
2026-09-16 01:03:00,25.0,67.14809894556329,-43.037142675703485,0.8890437301401874
2026-09-16 01:04:00,24.0,67.14175209774888,-44.02969345530724,0.8879413575583612
2026-09-16 01:05:00,15.0,67.13451518217498,-53.021300096030544,0.8867849138555641
2026-09-16 01:06:00,20.0,67.12726534249352,-48.01289278893776,0.8856274464442464
2026-09-16 01:07:00,31.0,67.12000262603182,-37.004471588563824,0.8844689625320115
2026-09-16 01:08:00,25.0,67.11272707717202,-42.99603654630217,0.883309469130154
2026-09-16 01:09:00,19.0,67.10543873757216,-48.98758771064249,0.8821489730703291
2026-09-16 01:10:00,32.0,67.09813764637637,-35.97912512738877,0.8809874810123972
2026-09-16 01:11:00,27.0,67.09082384040586,-40.970648839865504,0.8798249994596432
2026-09-16 01:12:00,17.0,67.08349735431632,-50.96215888908131,0.8786615347649871
2026-09-16 01:13:00,25.0,67.07615822078316,-42.95365531392769,0.8774970931445409
2026-09-16 01:14:00,34.0,67.06880647065182,-33.94513815133578,0.8763316806839612
2026-09-16 01:15:00,23.0,67.06144213310544,-45.15484692273025,1.0934047896248131
2026-09-16 01:16:00,20.0,67.05406523579435,-47.92806320279003,0.8739979669956739
2026-09-16 01:17:00,26.0,67.04667580498229,-41.91950548235515,0.872829677372863
2026-09-16 01:18:00,28.0,67.03927386568293,-39.91093430581832,0.8716604401354004
2026-09-16 01:19:00,17.0,67.03185944177234,-50.90234970262253,0.8704902608501897
2026-09-16 01:20:00,27.0,67.02443255612857,-41.369326585741945,1.3448940296133713
2026-09-16 01:21:00,25.0,67.01699323072853,-42.885140328737684,0.8681470980091603
2026-09-16 01:22:00,37.0,67.00954148675817,-30.876515611970397,0.8669741252122378
2026-09-16 01:23:00,29.0,67.00207734471864,-38.86787757661529,0.8658002318966425
2026-09-16 01:24:00,28.0,66.99460082452387,-39.8592262478162,0.8646254232923241
2026-09-16 01:25:00,23.0,66.98711194558065,-44.91198062105367,0.9248686754730215
2026-09-16 01:26:00,25.0,66.97961072689507,-42.84188380778948,0.8622730808944112
2026-09-16 01:27:00,28.0,66.97209718713646,-39.83319274447237,0.8610955573359149
2026-09-16 01:28:00,27.0,66.96457134472075,-40.82448848368865,0.8599171389678872
2026-09-16 01:29:00,24.0,66.95703321788449,-43.914836226802564,0.9578030089180771
2026-09-16 01:30:00,25.0,66.9494828247483,-42.80704046266205,0.8575576379137573
2026-09-16 01:31:00,24.0,66.94192018337772,-43.79829674859983,0.8563765652221065
2026-09-16 01:32:00,20.0,66.93434531184957,-47.78953992956593,0.8551946177163643
2026-09-16 01:33:00,28.0,66.92675822830493,-39.780770028655645,0.8540118003507047
2026-09-16 01:34:00,29.0,66.91915895099723,-38.77198706906512,0.8528281180678903
2026-09-16 01:35:00,30.0,66.91154749835344,-37.76319107415777,0.8516435758043173
2026-09-16 01:36:00,29.0,66.90392388899821,-39.180486687355426,1.2765627983572188
2026-09-16 01:37:00,19.0,66.89628814182753,-48.43907256129808,0.54278441947055
2026-09-16 01:38:00,19.0,66.88864027600349,-48.7367251144464,0.8480848384429152
2026-09-16 01:39:00,25.0,66.88098031103665,-43.191202454827724,1.31022214379108
2026-09-16 01:40:00,29.0,66.8733082667891,-38.719016404162694,0.8457081373735917
2026-09-16 01:41:00,25.0,66.86562416351805,-43.13637123846782,1.2707470749497674
2026-09-16 01:42:00,42.0,66.85792802189036,-25.70125613670664,0.8433281148162735
2026-09-16 01:43:00,28.0,66.85021986301854,-39.69235673339074,0.842136870372201
2026-09-16 01:44:00,34.0,66.84249970847982,-33.68344451893108,0.840944810451262
2026-09-16 01:45:00,24.0,66.83476758034514,-43.67451952039258,0.8397519400474351
2026-09-16 01:46:00,29.0,66.82702350118929,-38.6655817653607,0.8385582641714109
2026-09-16 01:47:00,26.0,66.81926749411413,-41.65663128196697,0.8373637878528513
2026-09-16 01:48:00,37.0,66.81149958276094,-30.647668098901335,0.8361685161403898
2026-09-16 01:49:00,30.0,66.80371979132111,-37.63869224542547,0.8349724541043457
2026-09-16 01:50:00,34.0,66.79592814455386,-33.6297037513909,0.833775606837051
2026-09-16 01:51:00,25.0,66.78812466779459,-42.62070264724661,0.8325779794520258
2026-09-16 01:52:00,27.0,66.78030938695208,-40.727864420833676,0.947555033881585
2026-09-16 01:53:00,36.0,66.77248232853104,-31.602662733436993,0.8301804049059598
2026-09-16 01:54:00,30.0,66.76464351962217,-37.59362398771374,0.8289804680915722
2026-09-16 01:55:00,32.0,66.75679298791324,-35.58457275976685,0.8277797718535993
2026-09-16 01:56:00,27.0,66.74893076169658,-40.57550908312538,0.8265783214287978
2026-09-16 01:57:00,22.0,66.74105686986255,-45.56643299194167,0.8253761220791205
2026-09-16 01:58:00,28.0,66.7331713418997,-39.557344520993055,0.82417317909335
2026-09-16 01:59:00,20.0,66.72527420790422,-47.548243705692386,0.822969497788165
2026-09-16 02:00:00,19.0,66.71736549856232,-48.53913058207141,0.8217650835090922
2026-09-16 02:01:00,30.0,66.70944524515734,-37.53000518678497,0.8205599416276215
2026-09-16 02:02:00,18.0,66.70151347957166,-49.52086755711507,0.8193540775434087
2026-09-16 02:03:00,36.0,66.69357023426736,-31.51171773095149,0.8181474966841336
2026-09-16 02:04:00,35.0,66.68561554229333,-32.50255574679962,0.8169402045062952
2026-09-16 02:05:00,25.0,66.67764943727225,-42.493381643765815,0.8157322064935641
2026-09-16 02:06:00,40.0,66.66967195339245,-27.48419546155032,0.8145235081578619
2026-09-16 02:07:00,27.0,66.6616831254131,-40.47499724045125,0.8133141150381391
2026-09-16 02:08:00,35.0,66.65368298864038,-32.46578702134354,0.8121040327031608
2026-09-16 02:09:00,28.0,66.64567157893211,-39.456564845678805,0.8108932667466888
2026-09-16 02:10:00,35.0,66.6376489326749,-32.44733075546666,0.8096818227917453
2026-09-16 02:11:00,25.0,66.62961508679392,-42.43808479328133,0.8084697064874007
2026-09-16 02:12:00,38.0,66.62157007871873,-29.428827002228246,0.8072569235095131
2026-09-16 02:13:00,26.0,66.61351394639942,-41.41955742596166,0.8060434795622484
2026-09-16 02:14:00,29.0,66.60544672827203,-38.410276108645405,0.804829380373377
2026-09-16 02:15:00,25.0,66.597368463272,-42.400983094970606,0.8036146316985935
2026-09-16 02:16:00,29.0,66.58927919079572,-38.391678430113394,0.8023992393176655
2026-09-16 02:17:00,38.0,66.58117895071585,-29.382362159753328,0.8011832090374753
2026-09-16 02:18:00,27.0,66.57306778334701,-40.37303433003573,0.799966546688708
2026-09-16 02:19:00,30.0,66.56494572946876,-37.3636949875954,0.798749258126648
2026-09-16 02:20:00,21.0,66.55681283028032,-46.7740645917492,1.2172517614688871
2026-09-16 02:21:00,37.0,66.5486691274026,-30.051223960825705,0.5025548334231047
2026-09-16 02:22:00,39.0,66.54051466285831,-28.33560835692573,0.7950936940674183
2026-09-16 02:23:00,26.0,66.53234947905828,-41.32622343872642,0.7938739596681472
2026-09-16 02:24:00,30.0,66.5241736188009,-37.31682724747006,0.7926536286691572
2026-09-16 02:25:00,28.0,66.51598712524958,-39.30741983230719,0.7914327070576093
2026-09-16 02:26:00,30.0,66.50779004192073,-37.29800124276208,0.7902112008413553
2026-09-16 02:27:00,28.0,66.4995824126716,-38.90814542691729,0.4085630142456864
2026-09-16 02:28:00,27.0,66.49136428169305,-40.27913074041967,0.7877664587266224
2026-09-16 02:29:00,32.0,66.48313569349611,-35.269678928440335,0.7865432349442187
2026-09-16 02:30:00,28.0,66.47489669290135,-38.87568613475896,0.40078944185759724
2026-09-16 02:31:00,40.0,66.46664732501236,-27.250742437366284,0.7840951123539242
2026-09-16 02:32:00,23.0,66.45838763522681,-44.24125786099705,0.7828702257702389
2026-09-16 02:33:00,17.0,66.4501176692056,-50.23176246637784,0.781644797172234
2026-09-16 02:34:00,37.0,66.44183747286692,-30.22225630558091,0.7804188327139912
2026-09-16 02:35:00,30.0,66.43354709236802,-37.21273943093619,0.7791923385681656
2026-09-16 02:36:00,31.0,66.42524657410492,-36.61599718397714,1.1907506098722251
2026-09-16 02:37:00,31.0,66.41693596467945,-36.19367375065828,0.776737785978824
2026-09-16 02:38:00,35.0,66.40861531090809,-32.53593225014154,1.1273169392334523
2026-09-16 02:39:00,44.0,66.40028465979482,-23.335908038487513,0.9356233786926964
2026-09-16 02:40:00,24.0,66.39194405852669,-42.77410751107924,0.3821634525525468
2026-09-16 02:41:00,32.0,66.38359355446059,-35.15541615223419,0.7718225977735926
2026-09-16 02:42:00,32.0,66.37523319511921,-34.75468575950021,0.3794525643809976
2026-09-16 02:43:00,38.0,66.36686302817925,-29.136225090317975,0.7693620621387254
2026-09-16 02:44:00,31.0,66.35848310146422,-35.73523442253911,0.3767513210748916
2026-09-16 02:45:00,35.0,66.35009346291713,-32.11699309535695,0.7668996324398165
2026-09-16 02:46:00,44.0,66.34169416060809,-23.514469023607464,1.1727748629993755
2026-09-16 02:47:00,41.0,66.33328524271597,-25.69107305527011,0.35778781255413605
2026-09-16 02:48:00,30.0,66.32486675750377,-37.08806930437262,0.7632025468688539
2026-09-16 02:49:00,29.0,66.31643875334255,-38.07840804604343,0.7619692927008686
2026-09-16 02:50:00,30.0,66.30800127866209,-37.47328364247537,1.1652823638132759
2026-09-16 02:51:00,45.0,66.29955438196765,-22.059055865913074,0.7595014839454279
2026-09-16 02:52:00,35.0,66.29109811181124,-32.049365053881516,0.7582669420702786
2026-09-16 02:53:00,36.0,66.28263251679442,-30.908140517085,0.62550800029058
2026-09-16 02:54:00,36.0,66.27415764555532,-31.029954260716465,0.7557966151611453
2026-09-16 02:55:00,40.0,66.26567354676271,-27.02023438964499,0.7545608428822845
2026-09-16 02:56:00,42.0,66.25718026910533,-25.01050494233885,0.7533246732335215
2026-09-16 02:57:00,41.0,66.24867786127918,-26.000765973886544,0.7520881126073675
2026-09-16 02:58:00,32.0,66.24016637198415,-34.991017539388125,0.7508511674039795
2026-09-16 02:59:00,43.0,66.23164584991332,-23.98125969394213,0.7496138440288007
2026-09-16 03:00:00,28.0,66.22311634374776,-38.971492492640344,0.7483761488925893
2026-09-16 03:01:00,41.0,66.21457790213653,-25.961715990547937,0.747138088411404
2026-09-16 03:02:00,57.0,66.20603057371092,-9.951930242717413,0.7458996690064907
2026-09-16 03:03:00,39.0,66.19747440705329,-27.942135304157645,0.7446608971043531
2026-09-16 03:04:00,38.0,66.1889094507089,-28.932331229842273,0.7434217791333708
2026-09-16 03:05:00,34.0,66.18033575316235,-32.79706019700717,0.6167244438448165
2026-09-16 03:06:00,35.0,66.1717533628427,-31.91269589356466,0.7409425307219664
2026-09-16 03:07:00,41.0,66.16316232811464,-25.902864741268925,0.7397024131542906
2026-09-16 03:08:00,33.0,66.15456269726353,-33.89302467252665,0.738461975263121
2026-09-16 03:09:00,37.0,66.14595451850231,-29.88317574199235,0.7372212234900388
2026-09-16 03:10:00,50.0,66.1373378399502,-16.873318004227425,0.7359801642772226
2026-09-16 03:11:00,37.0,66.12871270963998,-29.863451513710757,0.7347388040707727
2026-09-16 03:12:00,27.0,66.12007917550048,-39.85357632481787,0.733497149317401
2026-09-16 03:13:00,46.0,66.11143728535752,-20.843692491821916,0.7322552064643872
2026-09-16 03:14:00,35.0,66.10278708693843,-31.83380006890002,0.7310129819615838
2026-09-16 03:15:00,49.0,66.09412862785491,-17.823899110114283,0.7297704822593687
2026-09-16 03:16:00,43.0,66.08546195559155,-23.81398966939923,0.7285277138076793
2026-09-16 03:17:00,48.0,66.07678711751424,-18.804071800571368,0.7272846830571211
2026-09-16 03:18:00,34.0,66.06810416085332,-32.7941455573115,0.7260413964581858
2026-09-16 03:19:00,40.0,66.05941313271417,-26.784210993176185,0.7247978604620187
2026-09-16 03:20:00,35.0,66.05071408007433,-31.774268161591756,0.7235540815174204
2026-09-16 03:21:00,30.0,66.04200704975307,-36.76431711582732,0.7223100660742432
2026-09-16 03:22:00,34.0,66.03329208843289,-32.75435790901291,0.7210658205800229
2026-09-16 03:23:00,38.0,66.02456924263484,-28.744390594117842,0.7198213514830059
2026-09-16 03:24:00,35.0,66.01583855872305,-31.73441522394861,0.7185766652255694
2026-09-16 03:25:00,57.0,66.00710008289764,-9.72443185115007,0.7173317682524356
2026-09-16 03:26:00,49.0,65.99835386118971,-17.714440528193823,0.716086667004106
2026-09-16 03:27:00,51.0,65.9895999394652,-15.704441307385162,0.7148413679199734
2026-09-16 03:28:00,49.0,65.98083836341115,-17.69443424084521,0.7135958774340594
2026-09-16 03:29:00,40.0,65.97206917853812,-26.684419380519458,0.7123502019813372
2026-09-16 03:30:00,52.0,65.96329243017692,-14.674396778169061,0.7111043479921477
2026-09-16 03:31:00,45.0,65.9545081634725,-21.66436648536568,0.7098583218931793
2026-09-16 03:32:00,35.0,65.94571642338443,-31.935164461061326,0.9894480376769081
2026-09-16 03:33:00,55.0,65.93691725468148,-11.922929340923819,0.98601208624234
2026-09-16 03:34:00,38.0,65.9281107019394,-28.368572247444643,0.44046154550524363
2026-09-16 03:35:00,41.0,65.91929680953638,-25.564803237119214,0.6455064275828306
2026-09-16 03:36:00,37.0,65.91047562165954,-29.61410145609221,0.7036258344326711
2026-09-16 03:37:00,40.0,65.90164718228591,-26.604026092698923,0.7023789104130032
2026-09-16 03:38:00,48.0,65.89281153520572,-18.593943394352237,0.7011318591465141
2026-09-16 03:39:00,37.0,65.88396872399089,-29.583853411013273,0.69988468702239
2026-09-16 03:40:00,53.0,65.87511879201253,-13.580904748064583,0.7057859560520541
2026-09-16 03:41:00,44.0,65.86626178242923,-22.563651788162723,0.6973900057334959
2026-09-16 03:42:00,43.0,65.85739773819522,-23.553540247517162,0.6961425093219447
2026-09-16 03:43:00,38.0,65.84852670204289,-28.54342161960348,0.694894917560589
2026-09-16 03:44:00,47.0,65.83964871649698,-19.533295953310137,0.693647236813149
2026-09-16 03:45:00,58.0,65.83076382386517,-8.523163297303409,0.6923994734382433
2026-09-16 03:46:00,45.0,65.82187206623693,-21.513023700026725,0.6911516337897865
2026-09-16 03:47:00,43.0,65.81297348547733,-23.203730659320215,0.39075717384288566
2026-09-16 03:48:00,48.0,65.80406812323797,-18.22898044753593,0.42491232429796355
2026-09-16 03:49:00,44.0,65.79515602094929,-22.48256374159462,0.6874077206453251
2026-09-16 03:50:00,50.0,65.7862372198205,-16.47239685912881,0.6861596393083005
2026-09-16 03:51:00,37.0,65.77731176083986,-29.4622232742046,0.6849115133647388
2026-09-16 03:52:00,55.0,65.76837968476868,-11.452444425723858,0.6840647409551792
2026-09-16 03:53:00,40.0,65.75944103214103,-25.99153562194381,0.2320945898027844
2026-09-16 03:54:00,48.0,65.75049584326686,-18.431662774244217,0.6811669309773549
2026-09-16 03:55:00,63.0,65.74154415823446,-3.4214628478919913,0.6799186896575264
2026-09-16 03:56:00,43.0,65.73258601690176,-23.41125645212296,0.6786704352211927
2026-09-16 03:57:00,68.0,65.72362145889748,1.5989563671572917,0.6774221739452315
2026-09-16 03:58:00,61.0,65.71465052361997,-5.390824435720129,0.6761739121001682
2026-09-16 03:59:00,50.0,65.70567325024274,-16.380598906192034,0.6749256559492949
2026-09-16 04:00:00,49.0,65.69668967769879,-17.370367089447193,0.6736774117484146
2026-09-16 04:01:00,43.0,65.68769984469901,-23.36012903044679,0.6724291857477738
2026-09-16 04:02:00,58.0,65.67870378971513,-8.671543358052594,0.9928395683374589
2026-09-16 04:03:00,47.0,65.66970155099322,-19.339634364300274,0.6699328133070566
2026-09-16 04:04:00,59.0,65.66069316654074,-7.329377845867366,0.6686846793266312
2026-09-16 04:05:00,40.0,65.65167867413979,-26.319115262606452,0.6674365884666713
2026-09-16 04:06:00,48.0,65.64265811133245,-18.30884665826996,0.6661885469375051
2026-09-16 04:07:00,46.0,65.63363151543234,-20.298572076374857,0.6649405609425116
2026-09-16 04:08:00,59.0,65.62459892352244,-7.288291560198818,0.6636926366763731
2026-09-16 04:09:00,62.0,65.61556037245371,-4.2780051527807865,0.6624447803270783
2026-09-16 04:10:00,50.0,65.60651589883831,-16.26771289691278,0.6611969980744732
2026-09-16 04:11:00,66.0,65.59746553906555,0.23174873335922885,0.1707857275752218
2026-09-16 04:12:00,64.0,65.58840932928857,-2.2471110098284357,0.6587016805398633
2026-09-16 04:13:00,54.0,65.57934730543548,-12.236801463009723,0.6574541575742501
2026-09-16 04:14:00,52.0,65.57027950319979,-14.226486236539223,0.656206733339431
2026-09-16 04:15:00,55.0,65.56120595804897,-11.216165372020624,0.6549594139716532
2026-09-16 04:16:00,46.0,65.55212670521797,-20.205838910817413,0.6537122055994473
2026-09-16 04:17:00,42.0,65.54304177971156,-24.441263481029313,0.8982217013177518
2026-09-16 04:18:00,53.0,65.53395121630258,-13.185169362616616,0.6512181463140365
2026-09-16 04:19:00,49.0,65.52485504953849,-17.17482635715153,0.6499713076130433
2026-09-16 04:20:00,50.0,65.51575331373058,-16.164477918064076,0.6487246043334949
2026-09-16 04:21:00,55.0,65.50664604296766,-11.154124085526872,0.6474780425592144
2026-09-16 04:22:00,51.0,65.49753327111021,-15.143764899475256,0.6462316283650438
2026-09-16 04:23:00,46.0,65.48841503178663,-20.133400399605733,0.6449853678191033
2026-09-16 04:24:00,56.0,65.47929135840693,-10.123030625385576,0.6437392669786561
2026-09-16 04:25:00,69.0,65.47016228415072,2.887344383953963,0.6424933318953236
2026-09-16 04:26:00,55.0,65.46102784197457,-10.836146840063941,0.375118998089377
2026-09-16 04:27:00,58.0,65.45188806461202,-8.09189004776271,0.6400019831506967
2026-09-16 04:28:00,50.0,65.44274298457253,-16.081499566113852,0.6387565815413154
2026-09-16 04:29:00,62.0,65.43359263414867,-4.071104003940661,0.6375113697919943
2026-09-16 04:30:00,61.0,65.42443704540288,-5.060703399306554,0.6362663539036788
2026-09-16 04:31:00,56.0,65.41527625018435,-10.050297790053483,0.635021539869129
2026-09-16 04:32:00,54.0,65.40611028011644,-12.039887213788933,0.6337769336724932
2026-09-16 04:33:00,44.0,65.396939166606,-22.0294717078935,0.6325325412874889
2026-09-16 04:34:00,57.0,65.38776294084097,-9.0190513095211,0.6312883686801314
2026-09-16 04:35:00,53.0,65.37858163379033,-13.008626055597379,0.6300444218070425
2026-09-16 04:36:00,51.0,65.36939527620618,-14.998195982821336,0.6288007066151522
2026-09-16 04:37:00,72.0,65.36020389862611,6.012238872331559,0.6275572290423241
2026-09-16 04:38:00,61.0,65.35100753137675,-5.1326527239738455,0.7816451925970966
2026-09-16 04:39:00,60.0,65.34180620456156,-5.966877215020156,0.6250710104585977
2026-09-16 04:40:00,50.0,65.33259994807847,-15.95642822935417,0.6238282812757063
2026-09-16 04:41:00,63.0,65.32338879161051,-2.9367658237108953,0.613377032100388
2026-09-16 04:42:00,67.0,65.31417276463186,1.0644836227403631,0.6213436126277685
2026-09-16 04:43:00,60.0,65.30495189640567,-5.925053581337829,0.6201016849321661
2026-09-16 04:44:00,78.0,65.2957262159862,12.085413747860049,0.6188600361537482
2026-09-16 04:45:00,54.0,65.28649575222323,-11.904114424376731,0.6176186721534975
2026-09-16 04:46:00,47.0,65.2772605337528,-19.038489578411866,0.7612290446590748
2026-09-16 04:47:00,77.0,65.26802058901123,11.116842589107232,0.615136821881535
2026-09-16 04:48:00,53.0,65.25877594623108,-12.753004590624384,0.49422864439330283
2026-09-16 04:49:00,63.0,65.24952663343524,-2.8621828142413714,0.6126561808061268
2026-09-16 04:50:00,59.0,65.24027267845528,-6.851689006714027,0.6114163282587413
2026-09-16 04:51:00,77.0,65.23101410891283,10.876295763877954,0.8926901272092209
2026-09-16 04:52:00,55.0,65.2217509522359,-10.830688540367325,0.6089375881314254
2026-09-16 04:53:00,63.0,65.21248323564791,-2.820181947762114,0.6076987121141997
2026-09-16 04:54:00,68.0,65.20321098618071,2.190328840668167,0.6064601731511203
2026-09-16 04:55:00,57.0,65.19393423066136,-8.37693555576001,0.18300132509865819
2026-09-16 04:56:00,50.0,65.18465299572996,-15.665988499516526,0.48133550378656764
2026-09-16 04:57:00,68.0,65.1753673078287,2.221886056091286,0.6027466360800275
2026-09-16 04:58:00,45.0,65.16607719321513,-20.783379361117778,0.6173021679026505
2026-09-16 04:59:00,86.0,65.15678267794716,20.242944586903313,0.6002727351495167
2026-09-16 05:00:00,70.0,65.14748378789703,4.253479873169826,0.5990363389331463
2026-09-16 05:01:00,72.0,65.13818054874568,6.286947071082437,0.5748723801718825
2026-09-16 05:02:00,61.0,65.12887298598321,-4.725437669385216,0.5965646834020077
2026-09-16 05:03:00,73.0,65.11956112491642,7.0136109059562175,0.866827969127371
2026-09-16 05:04:00,71.0,65.11024499066328,5.5416076995518875,0.3481473097848351
2026-09-16 05:05:00,70.0,65.10092460815835,4.306215264590156,0.5928601272514982
2026-09-16 05:06:00,62.0,65.09160000215,-3.6832260804819628,0.5916260783319558
2026-09-16 05:07:00,68.0,65.08227119720995,2.3273363624454215,0.5903924403446297
2026-09-16 05:08:00,44.0,65.07293821772231,-21.662097436614783,0.5891592188924761
2026-09-16 05:09:00,60.0,65.06360108789382,-5.651527507460949,0.5879264195671396
2026-09-16 05:10:00,63.0,65.05425983175425,-2.6409538797042797,0.5866940479500329
2026-09-16 05:11:00,48.0,65.0449144731511,-17.630376582763255,0.5854621096121662
2026-09-16 05:12:00,62.0,65.03556503575872,-3.6197956458702376,0.5842306101115184
2026-09-16 05:13:00,49.0,65.02621154307289,-16.872430586952376,0.8462190438794863
2026-09-16 05:14:00,85.0,65.01685401841634,19.401377031781383,0.5817689498022816
2026-09-16 05:15:00,88.0,65.00749248493698,22.411968715008967,0.5805388000540574
2026-09-16 05:16:00,69.0,64.99812696561534,3.422563923121808,0.5793091112628446
2026-09-16 05:17:00,76.0,64.9887574832513,10.433162627818522,0.5780798889301764
2026-09-16 05:18:00,70.0,64.97938406048519,4.4437648009698725,0.5768511385449386
2026-09-16 05:19:00,80.0,64.97000671978398,14.454370414631512,0.5756228655845064
2026-09-16 05:20:00,63.0,64.9606254834467,-2.5350205589606607,0.5743950755139622
2026-09-16 05:21:00,87.0,64.95124037360854,21.475591852603074,0.5731677737883842
2026-09-16 05:22:00,71.0,64.94185141223717,5.621161782820968,0.43698680494186704
2026-09-16 05:23:00,79.0,64.93245862114121,13.496826721734012,0.5707146571247819
2026-09-16 05:24:00,92.0,64.92306202195999,26.507449125009472,0.5694888530305349
2026-09-16 05:25:00,83.0,64.91366163617882,17.51807480485208,0.5682635589691074
2026-09-16 05:26:00,57.0,64.90425748511902,-8.334140441797949,0.42988295667893794
2026-09-16 05:27:00,77.0,64.89484958994194,11.539335887568859,0.5658145224892053
2026-09-16 05:28:00,65.0,64.8854379716571,-0.45002876246667695,0.5645907908095751
2026-09-16 05:29:00,79.0,64.87602265110964,13.560609758250523,0.5633675906398423
2026-09-16 05:30:00,6.0,64.86660364899596,-59.42874857631304,0.5621449273170782
2026-09-16 05:31:00,11.0,64.85718098585278,-54.41810379201742,0.5609228061646405
2026-09-16 05:32:00,3.0,64.84775468206506,-62.40745591455943,0.559701232494362
2026-09-16 05:33:00,6.0,64.83832475786893,-58.951317801600986,0.11299304373206098
2026-09-16 05:34:00,15.0,64.82889123334337,-50.38615098212378,0.5572597487804103
2026-09-16 05:35:00,9.0,64.81945412842501,-56.37549397771638,0.5560398492913805
2026-09-16 05:36:00,9.0,64.81001346290097,-56.364833981295504,0.5548205183945356
2026-09-16 05:37:00,14.0,64.80056925640802,-51.35417101773996,0.5536017613319331
2026-09-16 05:38:00,9.0,64.79112152843811,-56.343505111771904,0.5523835833337927
2026-09-16 05:39:00,9.0,64.7816702983393,-56.33283628795668,0.5511659896173882
2026-09-16 05:40:00,9.0,64.77221558531167,-56.322164570697026,0.5499489853853561
2026-09-16 05:41:00,6.0,64.76275740841488,-59.311489984243266,0.5487325758283816
2026-09-16 05:42:00,5.0,64.75329578656284,-60.30081255268597,0.5475167661231239
2026-09-16 05:43:00,7.0,64.74383073853024,-58.29013229996324,0.5463015614329976
2026-09-16 05:44:00,6.0,64.7343622829595,-59.27944924986641,0.545086966906922
2026-09-16 05:45:00,11.0,64.72489043835171,-54.26876342603274,0.5438729876810271
2026-09-16 05:46:00,9.0,64.71541522307822,-56.258074851955726,0.5426596288775016
2026-09-16 05:47:00,12.0,64.70593665537746,-53.24738355098149,0.5414468956040253
2026-09-16 05:48:00,6.0,64.69645475335534,-59.23668954631054,0.5402347929552036
2026-09-16 05:49:00,85.0,64.68696953498822,19.774007139001498,0.5390233260102804
2026-09-16 05:50:00,86.0,64.67748101812272,20.784706482042353,0.5378124998349278
2026-09-16 05:51:00,70.0,64.66798922047366,4.795408460047046,0.5366023194793001
2026-09-16 05:52:00,82.0,64.65849415963382,16.80611305038595,0.5353927899802358
2026-09-16 05:53:00,105.0,64.64899585306422,39.81682023057709,0.5341839163586855
2026-09-16 05:54:00,62.0,64.6394943181007,-2.602948138842704,-0.036546179257996414
2026-09-16 05:55:00,74.0,64.62998957195269,8.592298399130787,0.7777120289165254
2026-09-16 05:56:00,84.0,64.62048163170168,18.848957087564255,0.5305612807340623
2026-09-16 05:57:00,81.0,64.61097051430315,15.859674405184174,0.5293550805126728
2026-09-16 05:58:00,84.0,64.60145623658774,18.870394202383487,0.5281495610287692
2026-09-16 05:59:00,77.0,64.59193881525738,11.881116457538903,0.5269447272037127
2026-09-16 06:00:00,80.0,64.58241826689353,14.891841149163067,0.5257405839434028
2026-09-16 06:01:00,80.0,64.57289460795153,14.666972328125762,0.7601330639227086
2026-09-16 06:02:00,51.0,64.56336785476488,-14.086702243420696,0.5233343886558117
2026-09-16 06:03:00,71.0,64.55383802354213,5.924029630102939,0.5221323463549368
2026-09-16 06:04:00,79.0,64.54430513037948,13.934763855548415,0.5209310140721044
2026-09-16 06:05:00,78.0,64.53476919124627,12.945500412126936,0.5197303966267981
2026-09-16 06:06:00,63.0,64.52523022199573,-2.0437607208170965,0.518530498821363
2026-09-16 06:07:00,60.0,64.51568823836313,-5.033019563803642,0.517331325440523
2026-09-16 06:08:00,90.0,64.50614325596717,24.97772386278144,0.5161328812513943
2026-09-16 06:09:00,89.0,64.49659529031275,23.988469538684765,0.5149351710024774
2026-09-16 06:10:00,102.0,64.48704435678711,36.99921744378894,0.5137381994239405
2026-09-16 06:11:00,89.0,64.47749047066321,24.009967558108315,0.5125419712284724
2026-09-16 06:12:00,83.0,64.46793364710318,18.18722182475474,0.344844528142076
2026-09-16 06:13:00,77.0,64.45837390115842,12.031474335104162,0.5101517637374116
2026-09-16 06:14:00,95.0,64.44881124776465,30.04223095846798,0.5089577937673653
2026-09-16 06:15:00,92.0,64.43924570175277,27.052989712415396,0.5077645858318363
2026-09-16 06:16:00,100.0,64.4296772778432,35.063750577614655,0.5065721445421474
2026-09-16 06:17:00,84.0,64.42010599064734,19.07451353486115,0.5053804744915027
2026-09-16 06:18:00,65.0,64.410531854666,0.08527856508041332,0.5041895802535805
2026-09-16 06:19:00,74.0,64.40095488429627,9.008871687101841,0.5901734286018865
2026-09-16 06:20:00,83.0,64.39137509383221,17.877022144508917,0.7316027616588769
2026-09-16 06:21:00,86.0,64.381792497455,21.11758590471093,0.5006215978340833
2026-09-16 06:22:00,94.0,64.37220710924882,29.128359038592684,0.49943385215848934
2026-09-16 06:23:00,76.0,64.36261894318812,11.139134151968575,0.4982469048432989
2026-09-16 06:24:00,77.0,64.35302801314923,12.149911226517233,0.4970607603335395
2026-09-16 06:25:00,95.0,64.3434343329048,30.160690244041774,0.4958754230534197
2026-09-16 06:26:00,88.0,64.33383791612701,23.762773389015557,-0.09661130514257366
2026-09-16 06:27:00,93.0,64.32423877638902,28.182254035843236,0.49350718776773306
2026-09-16 06:28:00,93.0,64.31463692716734,28.193038774335424,0.4923242984972376
2026-09-16 06:29:00,60.0,64.3050323818396,-4.796174615767053,0.49114223392746226
2026-09-16 06:30:00,94.0,64.29542515368712,29.21461384794475,0.489960998368133
2026-09-16 06:31:00,98.0,64.28581525589509,33.754866358343,-0.04068161423809613
2026-09-16 06:32:00,78.0,64.2762027015516,13.236196267038384,0.48760103141002276
2026-09-16 06:33:00,102.0,64.26658750365364,37.246990187829866,0.48642230851649515
2026-09-16 06:34:00,95.0,64.25696967510135,30.257785893254763,0.48524443164389197
2026-09-16 06:35:00,60.0,64.24734922870381,-4.731416633690058,0.48406740498624856
2026-09-16 06:36:00,96.0,64.23772617717833,31.279382590109346,0.48289123271231915
2026-09-16 06:37:00,78.0,64.22810053314313,13.121675649989887,0.6502238168669834
2026-09-16 06:38:00,99.0,64.21847230913397,34.300986222986936,0.48054146787909247
2026-09-16 06:39:00,65.0,64.20884151758852,0.31179059887433686,0.47936788353713666
2026-09-16 06:40:00,83.0,64.1992081708584,18.322596659126123,0.47819517001548206
2026-09-16 06:41:00,94.0,64.1895722812011,29.33340438743812,0.47702333136078323
2026-09-16 06:42:00,92.0,64.17993386079193,27.34421376761293,0.4758523715951384
2026-09-16 06:43:00,99.0,64.17029292171273,34.35502478357197,0.47468229471530776
2026-09-16 06:44:00,84.0,64.1606494759641,19.365837419342643,0.4735131046932537
2026-09-16 06:45:00,84.0,64.1510035354514,19.376651659073286,0.4723448054753163
2026-09-16 06:46:00,84.0,64.14135511200406,19.387467487013044,0.47117740098289573
2026-09-16 06:47:00,106.0,64.13170421736056,41.234432882170374,0.6338629004690546
2026-09-16 06:48:00,107.0,64.12205086317582,42.40910384509844,0.4688452917257422
2026-09-16 06:49:00,87.0,64.11239506102167,22.419924344307507,0.46768059467082423
2026-09-16 06:50:00,101.0,64.10273682238694,36.43074636985296,0.46651680776010096
2026-09-16 06:51:00,86.0,64.09307615867712,21.441569906542476,0.4653539347804099
2026-09-16 06:52:00,80.0,64.08341308121939,15.452394939287725,0.46419197949288105
2026-09-16 06:53:00,86.0,64.07374760125451,21.463221453114045,0.463030945631445
2026-09-16 06:54:00,83.0,64.06407972994641,18.474049433151087,0.46187083690249153
2026-09-16 06:55:00,104.0,64.05440947838034,39.48487886463406,0.4607116569856089
2026-09-16 06:56:00,86.0,64.04473685756072,21.69333906089894,0.26192408154034297
2026-09-16 06:57:00,95.0,64.03506187841407,30.506542023420888,0.45839609816503923
2026-09-16 06:58:00,83.0,64.02538455179123,18.716410318660735,0.2582051295480312
2026-09-16 06:59:00,115.0,64.01570488846511,50.52821081350016,0.4560842980347388
2026-09-16 07:00:00,91.0,64.00602289913446,26.539047284496277,0.45492981636925833
2026-09-16 07:01:00,81.0,63.99633859441972,16.325106151470262,0.6785552541100159
2026-09-16 07:02:00,86.0,63.986651984871116,21.560724307769515,0.45262370735936486
2026-09-16 07:03:00,113.0,63.97696308096016,48.57156483210313,0.45147208693671814
2026-09-16 07:04:00,80.0,63.967271893084416,15.58240667978078,0.45032142713480994
2026-09-16 07:05:00,77.0,63.957578431570795,12.5932498370886,0.4491717313406127
2026-09-16 07:06:00,80.0,63.9478827066692,15.60409429041815,0.44802300291265595
2026-09-16 07:07:00,94.0,63.93818472856082,29.61494002625953,0.4468752451796476
2026-09-16 07:08:00,115.0,63.928484507357766,51.13896551273731,-0.06745002009507317
2026-09-16 07:09:00,86.0,63.91878205309665,21.636635291942383,0.4445826549609677
2026-09-16 07:10:00,86.0,63.909077375748446,21.64748479527214,0.44343782897941963
2026-09-16 07:11:00,81.0,63.89937048521531,16.65833552808398,0.4422939867007116
2026-09-16 07:12:00,68.0,63.88966139132948,3.6691874773718647,0.44115113129865335
2026-09-16 07:13:00,95.0,63.879950103853425,30.68004063022939,0.44000926591719036
2026-09-16 07:14:00,117.0,63.87023663248303,52.690894973847556,0.43886839366942354
2026-09-16 07:15:00,110.0,63.86052098684526,45.701750495517146,0.4377285176375949
2026-09-16 07:16:00,101.0,63.85080317650145,36.7126071826261,0.4365896408724481
2026-09-16 07:17:00,108.0,63.841083210947275,43.72346502265996,0.4354517663927737
2026-09-16 07:18:00,81.0,63.8313610996079,16.734324003204613,0.43431489718747684
2026-09-16 07:19:00,83.0,63.821636851847046,18.745184111940716,0.43317903621223763
2026-09-16 07:20:00,115.0,63.811910476963966,50.75604533664446,0.4320441863915718
2026-09-16 07:21:00,103.0,63.80218198419033,38.636411937581734,0.5614060782279466
2026-09-16 07:22:00,112.0,63.79245138269813,47.7777710855506,0.4297775317512702
2026-09-16 07:23:00,102.0,63.78271868159098,37.78863558578968,0.42864573261934424
2026-09-16 07:24:00,89.0,63.77298388991454,24.799501154068288,0.42751495601717693
2026-09-16 07:25:00,90.0,63.76324701664938,25.810367778644434,0.426385204706186
2026-09-16 07:26:00,88.0,63.753508070715824,23.687882634681877,0.5586092946023058
2026-09-16 07:27:00,89.0,63.74376706097175,24.832104150183934,0.42412878884431393
2026-09-16 07:28:00,84.0,63.734023996214674,19.84297387413292,0.4230021296524029
2026-09-16 07:29:00,106.0,63.72427888518153,41.85384460834838,0.4218765064700847
2026-09-16 07:30:00,95.0,63.71453173655135,30.8647163415543,0.4207519218943503
2026-09-16 07:31:00,115.0,63.70478255894191,50.87558906257144,0.4196283784866566
2026-09-16 07:32:00,97.0,63.69503136091175,32.88646276031161,0.41850587877663514
2026-09-16 07:33:00,109.0,63.68527815096267,44.89733742377807,0.41738442525926445
2026-09-16 07:34:00,94.0,63.675522937537465,29.908213042067203,0.4162640203953316
2026-09-16 07:35:00,85.0,63.6657657290226,20.91908960436557,0.41514466661183036
2026-09-16 07:36:00,117.0,63.65600653374486,52.92996709995354,0.4140263663016128
2026-09-16 07:37:00,86.0,63.646245359978906,21.940845518198692,0.4129091218223948
2026-09-16 07:38:00,135.0,63.636482215939026,70.95172484856236,0.4117929354986103
2026-09-16 07:39:00,105.0,63.626717109788004,40.9626050805933,0.41067780961869005
2026-09-16 07:40:00,122.0,63.61695004962985,57.973486203932985,0.40956374643715776
2026-09-16 07:41:00,89.0,63.60718104351737,24.98436820830877,0.4084507481738626
2026-09-16 07:42:00,114.0,63.59741009944758,50.38251290553504,0.02007699501738358
2026-09-16 07:43:00,117.0,63.58763722536203,53.00613481953625,0.40622795510171983
2026-09-16 07:44:00,91.0,63.57786242915475,27.01701940629206,0.40511816455318694
2026-09-16 07:45:00,108.0,63.56808571866255,43.80026057845116,0.6316537028862896
2026-09-16 07:46:00,110.0,63.558307101674785,46.03879109251464,0.402901805810572
2026-09-16 07:47:00,126.0,63.54852658592185,62.04967817241828,0.4017952416598689
2026-09-16 07:48:00,88.0,63.538744179086684,24.06056606395475,0.40068975695856324
2026-09-16 07:49:00,105.0,63.52895988880258,41.07145475755785,0.3995853536395657
2026-09-16 07:50:00,106.0,63.51917372264597,42.082344243755585,0.398482033598448
2026-09-16 07:51:00,85.0,63.509385688148505,21.09323451315583,0.39737979869565976
2026-09-16 07:52:00,105.0,63.49959579278822,40.954682238510486,0.5457219687012937
2026-09-16 07:53:00,122.0,63.48980404399562,58.115017364437264,0.39517859156711665
2026-09-16 07:54:00,120.0,63.48001044915145,56.1259099279678,0.3940796228807528
2026-09-16 07:55:00,91.0,63.47021501558617,27.13680323800148,0.39298174641235306
2026-09-16 07:56:00,113.0,63.46041775058303,49.1476972855767,0.39188496384027616
2026-09-16 07:57:00,100.0,63.45061866137753,36.1585920618149,0.3907892768075669
2026-09-16 07:58:00,126.0,63.44081775515691,62.16948755792337,0.3896946869197251
2026-09-16 07:59:00,93.0,63.431015039059034,29.180383765195053,0.38860119574591323
2026-09-16 08:00:00,96.0,63.42121052017912,32.03656815503634,0.5422213247845349
2026-09-16 08:01:00,138.0,63.411404205562846,74.20217827880187,0.38641751563528715
2026-09-16 08:02:00,94.0,63.401596102210185,30.213076568137176,0.3853273296526396
2026-09-16 08:03:00,119.0,63.39178621707472,55.22397553463175,0.3842382482935349
2026-09-16 08:04:00,92.0,63.38197455706528,28.234875169992144,0.3831502729425793
2026-09-16 08:05:00,102.0,63.372161129047136,38.24577546600504,0.38206340494782154
2026-09-16 08:06:00,117.0,63.3623459398368,53.256676414542206,0.38097764562099456
2026-09-16 08:07:00,99.0,63.35252899620927,35.059770550589946,0.5877004532007817
2026-09-16 08:08:00,115.0,63.34271030489481,51.27848023707759,0.3788094580276038
2026-09-16 08:09:00,115.0,63.33288987258015,51.28938309522294,0.3777270321969155
2026-09-16 08:10:00,90.0,63.323067705906126,26.300286574188984,0.3766457199048858
2026-09-16 08:11:00,94.0,63.313243811472674,30.311190666251804,0.3755655222755223
2026-09-16 08:12:00,103.0,63.30341819583628,39.322095363767644,0.37448644039607615
2026-09-16 08:13:00,101.0,63.29359086551298,37.33300065917066,0.37340847531636
2026-09-16 08:14:00,109.0,63.28376182697179,45.35054269501249,0.36569547801571645
2026-09-16 08:15:00,86.0,63.27393108664601,22.98132342223509,-0.25525450888110157
2026-09-16 08:16:00,109.0,63.264098650923486,45.37163841204056,0.3642629370359529
2026-09-16 08:17:00,100.0,63.254264526157435,36.37662767114911,0.3691078026934562
2026-09-16 08:18:00,102.0,63.24442871865648,38.38753584528857,0.3680354360549529
2026-09-16 08:19:00,111.0,63.23459123468917,47.39844457358166,0.36696419172916706
2026-09-16 08:20:00,114.0,63.22475208048867,50.17515225006443,0.6000956694469011
2026-09-16 08:21:00,84.0,63.21491126224301,20.4202636646304,0.36482507312659607
2026-09-16 08:22:00,111.0,63.205068786103325,47.43117401358408,0.3637572003125982
2026-09-16 08:23:00,101.0,63.195224658179974,37.442084889083375,0.36269045273665057
2026-09-16 08:24:00,96.0,63.18537888454561,32.452996284417914,0.3616248310364796
2026-09-16 08:25:00,100.0,63.17553147123596,36.463908192950285,0.36056033581375146
2026-09-16 08:26:00,129.0,63.16568242424558,65.47482060812226,0.3594969676321611
2026-09-16 08:27:00,128.0,63.15583174953778,64.48573352344246,0.35843472701975543
2026-09-16 08:28:00,97.0,63.14597945303723,33.49664693249642,0.3573736144663542
2026-09-16 08:29:00,110.0,63.136125540631944,46.50756082894287,0.35631363042518416
2026-09-16 08:30:00,92.0,63.126270018176015,28.518475206510587,0.3552547753133979
2026-09-16 08:31:00,103.0,63.11641289148827,39.52939005900134,0.35419704951039677
2026-09-16 08:32:00,121.0,63.106554166351074,57.540305380289006,0.35314045335992006
2026-09-16 08:33:00,96.0,63.09669384851453,32.524810392816406,0.37849575866906093
2026-09-16 08:34:00,125.0,63.0868319436914,61.56213740510272,0.35103065120588184
2026-09-16 08:35:00,115.0,63.07696845755746,51.573054096737934,0.349977445704603
2026-09-16 08:36:00,116.0,63.06710339575454,52.58397123338426,0.34892537086119546
2026-09-16 08:37:00,124.0,63.057236763889435,60.594888809275595,0.34787442683497005
2026-09-16 08:38:00,111.0,63.047368567532615,47.60580681871695,0.34682461375043516
2026-09-16 08:39:00,135.0,63.03749881222018,71.61672525608395,0.3457759316958686
2026-09-16 08:40:00,126.0,63.027627503455456,63.07118001027957,-0.09880751373502505
2026-09-16 08:41:00,98.0,63.01775464670379,34.638563392444986,0.34368196085122094
2026-09-16 08:42:00,116.0,63.007880247402326,52.64948308053894,0.34263667205873105
2026-09-16 08:43:00,103.0,62.99800431095325,39.66040317475466,0.34159251429208837
2026-09-16 08:44:00,99.0,62.988126842725165,35.67132366981312,0.34054948746171476
2026-09-16 08:45:00,86.0,62.978247848052206,22.68224456050501,0.3395075914427821
2026-09-16 08:46:00,102.0,62.968367332238,38.6931658416859,0.33846682607610035
2026-09-16 08:47:00,124.0,62.95848530055147,61.13864804026202,-0.09713334081349245
2026-09-16 08:48:00,121.0,62.94860175823133,57.715009555279764,0.3363886864889096
2026-09-16 08:49:00,97.0,62.938716710483774,33.72593197773961,0.3353513117766127
2026-09-16 08:50:00,129.0,62.92883016248383,65.73685477078314,0.33431506673303346
2026-09-16 08:51:00,118.0,62.91894211937431,54.74777792959889,0.3332799510268032
2026-09-16 08:52:00,108.0,62.909052586268466,44.758701449438774,0.33224596429275977
2026-09-16 08:53:00,122.0,62.89916156824716,58.76962532562055,0.3312131061322887
2026-09-16 08:54:00,104.0,62.889269070357706,40.78054955352878,0.33018137611351506
2026-09-16 08:55:00,113.0,62.8793750976214,49.79147412860667,0.3291507737719286
2026-09-16 08:56:00,118.0,62.86947965502562,54.80239904636437,0.3281212986100073
2026-09-16 08:57:00,116.0,62.85958274752861,52.813324302373836,0.32709295009755124
2026-09-16 08:58:00,108.0,62.849684380057695,44.82424989226986,0.326065727672443
2026-09-16 08:59:00,127.0,62.83978455751079,63.83517581174897,0.32503963074024256
2026-09-16 09:00:00,115.0,62.82988328475802,51.84610205656696,0.32401465867501855
2026-09-16 09:01:00,95.0,62.81998056663602,31.857028622545055,0.3229908108189221
2026-09-16 09:02:00,121.0,62.81007640795648,57.867955505560104,0.321968086483416
2026-09-16 09:03:00,110.0,62.800170813499896,46.75130430606181,0.448524880438292
2026-09-16 09:04:00,106.0,62.790263788017256,42.88981020651913,0.31992600546361416
2026-09-16 09:05:00,91.0,62.780355336232766,27.900738016520865,0.3189066472463722
2026-09-16 09:06:00,97.0,62.77044546284198,33.911666127673506,0.31788840948451735
2026-09-16 09:07:00,95.0,62.76053417251073,31.92259453615299,0.3168712913362839
2026-09-16 09:08:00,116.0,62.750621469879775,52.93352323819068,0.31585529192954453
2026-09-16 09:09:00,92.0,62.74070735955778,28.944452230078458,0.31484041036376453
2026-09-16 09:10:00,96.0,62.730791846132014,33.38265415026079,-0.11344599639280517
2026-09-16 09:11:00,96.0,62.72087493415577,32.96631106883504,0.31281399700918655
2026-09-16 09:12:00,128.0,62.710956628162286,64.97724090856342,0.3118024632742973
2026-09-16 09:13:00,112.0,62.70103693265488,48.98817102385559,0.3107920434895277
2026-09-16 09:14:00,112.0,62.691115852112176,48.9991014112757,0.30978273661212086
2026-09-16 09:15:00,100.0,62.68119339098463,37.010032067443994,0.3087745415713741
2026-09-16 09:16:00,101.0,62.67126955369757,38.02096298903099,0.3077674572714386
2026-09-16 09:17:00,99.0,62.66134434465004,36.03189417276035,0.3067614825896072
2026-09-16 09:18:00,106.0,62.65141776821359,43.04282561540835,0.30575661637806206
2026-09-16 09:19:00,122.0,62.64148982873654,59.611080942967064,-0.25257077170360276
2026-09-16 09:20:00,110.0,62.6315605305408,47.06468926481539,0.303750204643805
2026-09-16 09:21:00,81.0,62.62162987792459,18.060743587146295,0.3176265349291185
2026-09-16 09:22:00,93.0,62.611697875161504,30.086553912462975,0.3017482123755215
2026-09-16 09:23:00,110.0,62.60176452649816,47.09748660309975,0.30074887040208864
2026-09-16 09:24:00,117.0,62.59182983616041,54.10841953435857,0.29975062948102504
2026-09-16 09:25:00,95.0,62.58189380834694,32.119352703361656,0.29875348829140336
2026-09-16 09:26:00,120.0,62.57195644723171,57.13028610727619,0.2977574454920955
2026-09-16 09:27:00,109.0,62.56201775696517,46.1412197433161,0.2967624997187315
2026-09-16 09:28:00,124.0,62.55207774167277,61.152153608740676,0.2957686495865559
2026-09-16 09:29:00,96.0,62.54213640545786,33.16308770085174,0.29477589369039947
2026-09-16 09:30:00,101.0,62.53219375239856,38.17402201699689,0.29378423060455106
2026-09-16 09:31:00,120.0,62.52224978654954,57.18495655456668,0.29279365888378095
2026-09-16 09:32:00,110.0,62.51230451194223,47.19589131099359,0.29180417706417927
2026-09-16 09:33:00,103.0,62.502357932585134,40.20682628375178,0.2908157836630849
2026-09-16 09:34:00,89.0,62.49241005246389,26.217761470356297,0.2898284771798174
2026-09-16 09:35:00,111.0,62.482460875540205,48.228696868363016,0.28884225609677827
2026-09-16 09:36:00,113.0,62.47251040575391,50.23963247536696,0.28785711887913124
2026-09-16 09:37:00,106.0,62.462558647021055,43.25056828900282,0.2868730639761239
2026-09-16 09:38:00,112.0,62.45260560323769,49.26150430694099,0.28589008982131503
2026-09-16 09:39:00,96.0,62.4426512782756,33.27244052689135,0.28490819483305074
2026-09-16 09:40:00,122.0,62.432695675984846,59.28337694659998,0.28392737741517493
2026-09-16 09:41:00,106.0,62.42273880019361,43.29431356384944,0.28294763595694405
2026-09-16 09:42:00,92.0,62.412780654709216,29.30525037645626,0.2819689688345264
2026-09-16 09:43:00,113.0,62.40282124331624,50.31618738227314,0.2809913744106183
2026-09-16 09:44:00,88.0,62.39286056977748,25.327124579187466,0.2800148510350482
2026-09-16 09:45:00,90.0,62.38289863783648,27.213146881804967,0.40395448035854997
2026-09-16 09:46:00,123.0,62.3729354512146,60.348999538018646,0.2780650107667526
2026-09-16 09:47:00,107.0,62.36297101361014,44.3599372958779,0.27709169051195914
2026-09-16 09:48:00,107.0,62.353005328703894,44.37087523671367,0.2761194345824336
2026-09-16 09:49:00,105.0,62.343038400153105,42.381813358578654,0.27514824126824067
2026-09-16 09:50:00,88.0,62.33307023159725,25.39275165955308,0.274178108849668
2026-09-16 09:51:00,134.0,62.32310082665138,71.40369013775268,0.2732090355959471
2026-09-16 09:52:00,118.0,62.31313018891413,55.414628791319345,0.2722410197665255
2026-09-16 09:53:00,105.0,62.30315832196229,42.42556761842632,0.27127405961138606
2026-09-16 09:54:00,104.0,62.293185229353085,41.43650661727587,0.2703081533710474
2026-09-16 09:55:00,121.0,62.28321091462341,58.44744578610006,0.2693432992765281
2026-09-16 09:56:00,103.0,62.27323538129153,40.458385123158976,0.268379495549496
2026-09-16 09:57:00,118.0,62.26325863285394,55.46932462674268,0.2674167404033767
2026-09-16 09:58:00,17.0,62.25328067279065,-45.51973570483347,0.2664550320428205
2026-09-16 09:59:00,10.0,62.24330150456063,-52.50879587322423,0.2654943686636031
2026-09-16 10:00:00,15.0,62.23332113160378,-47.49785588005766,0.26453474845387603
2026-09-16 10:01:00,12.0,62.22333955734161,-50.486915726935145,0.26357616959353436
2026-09-16 10:02:00,8.0,62.21335678517584,-54.475975415430284,0.262618630254444
2026-09-16 10:03:00,11.0,62.20337281849091,-51.46503494709223,0.26166212860131566
2026-09-16 10:04:00,12.0,62.193387660650714,-50.454094323441495,0.26070666279078125
2026-09-16 10:05:00,12.0,62.18340131500269,-50.443153545975896,0.25975223097320566
2026-09-16 10:06:00,16.0,62.17341378487471,-46.43221261616557,0.2587988312908607
2026-09-16 10:07:00,10.0,62.16342507357729,-52.42127153545703,0.257846461879744
2026-09-16 10:08:00,12.0,62.15343518440325,-50.4103303052718,0.25689512086854904
2026-09-16 10:09:00,12.0,62.14344412062844,-50.39938892700867,0.255944806380235
2026-09-16 10:10:00,18.0,62.133451885508975,-44.38844740204006,0.254995516531082
2026-09-16 10:11:00,19.0,62.1234584822834,-43.37750573171414,0.25404724943074086
2026-09-16 10:12:00,18.0,62.11346391417527,-44.366563917358576,0.25310000318330594
2026-09-16 10:13:00,11.0,62.10346818438703,-51.35562196027441,0.2521537758873791
2026-09-16 10:14:00,14.0,62.09347129610697,-48.34467986174226,0.25120856563528804
2026-09-16 10:15:00,18.0,62.08347325250334,-44.333737623017434,0.25026437051409545
2026-09-16 10:16:00,5.0,62.07347405672953,-57.322795245334696,0.2493211886051654
2026-09-16 10:17:00,5.0,62.06347371192084,-57.311852729906455,0.2483790179856129
2026-09-16 10:18:00,17.0,62.053472221196635,-45.300910077922815,0.24743785672617946
2026-09-16 10:19:00,19.0,62.04346958766021,-43.28996729055347,0.246497702893258
2026-09-16 10:20:00,97.0,62.03346581439708,35.039608523522624,-0.07307433791970652
2026-09-16 10:21:00,110.0,62.023460904476806,47.73191868577368,0.2446204097495155
2026-09-16 10:22:00,104.0,62.01345486095464,41.74286187249839,0.2436832665469737
2026-09-16 10:23:00,97.0,62.003447686867254,34.75380519014329,0.24274712298945644
2026-09-16 10:24:00,99.0,61.993439385237984,36.76474863764227,0.24181197711974534
2026-09-16 10:25:00,122.0,61.983429959071174,59.77569221395162,0.24087782697720428
2026-09-16 10:26:00,125.0,61.97341941135704,62.78663591804547,0.23994467059748814
2026-09-16 10:27:00,103.0,61.963407745069894,40.79757974891892,0.23901250601118562
2026-09-16 10:28:00,103.0,61.953394963166765,40.80852370558634,0.2380813312468959
2026-09-16 10:29:00,124.0,61.94338106859106,61.81946778708046,0.23715114432847884
2026-09-16 10:30:00,103.0,61.93336606426911,40.83041199245469,0.23622194327619894
2026-09-16 10:31:00,115.0,61.923349953112385,52.84135632078012,0.23529372610749277
2026-09-16 10:32:00,98.0,61.91333273801678,35.85230077114644,0.23436649083678418
2026-09-16 10:33:00,133.0,61.90331442186382,70.86324534266195,0.23344023547422665
2026-09-16 10:34:00,108.0,61.8932950075182,45.87419003445358,0.23251495802822575
2026-09-16 10:35:00,126.0,61.883274497831195,63.88513484566509,0.23159065650371247
2026-09-16 10:36:00,84.0,61.87325289563844,21.896079775459185,0.23066732890237773
2026-09-16 10:37:00,118.0,61.86323020376055,55.907024823015206,0.2297449732242427
2026-09-16 10:38:00,107.0,61.8532064250038,44.917969987530356,0.22882358746584686
2026-09-16 10:39:00,106.0,61.84318156216057,43.928915268218,0.22790316962143464
2026-09-16 10:40:00,88.0,61.83315561800549,25.939860664311105,0.22698371768340309
2026-09-16 10:41:00,110.0,61.823128595303395,47.950806175055426,0.22606522964117914
2026-09-16 10:42:00,100.0,61.813100496801475,37.96175179971621,0.22514770348231394
2026-09-16 10:43:00,106.0,61.8030713252339,43.972697537574106,0.2242311371919925
2026-09-16 10:44:00,97.0,61.79304108332016,34.98364338792618,0.223315528753659
2026-09-16 10:45:00,123.0,61.78300977376665,60.994589350084006,0.22240087614934367
2026-09-16 10:46:00,107.0,61.772977399264306,44.78749423773571,0.43952836299998665
2026-09-16 10:47:00,107.0,61.762943962491185,45.01648160715114,0.2205744303576722
2026-09-16 10:48:00,95.0,61.752909466111625,33.02742790076462,0.2196626331237539
2026-09-16 10:49:00,115.0,61.74287391277446,53.038374303595404,0.21875178363013248
2026-09-16 10:50:00,84.0,61.73283730511687,22.049320815034307,0.21784187984882664
2026-09-16 10:51:00,88.0,61.72279964576056,26.060267434488463,0.21693291975097395
2026-09-16 10:52:00,110.0,61.7127609373163,48.07121416137784,0.2160249013058646
2026-09-16 10:53:00,108.0,61.70272118237896,46.08216099513892,0.21511782248212086
2026-09-16 10:54:00,107.0,61.69268038353202,45.09310793522111,0.21421168124686574
2026-09-16 10:55:00,98.0,61.682638543345185,36.10405498108834,0.2133064755664762
2026-09-16 10:56:00,81.0,61.672595664374725,19.11500213221916,0.21240220340611415
2026-09-16 10:57:00,103.0,61.66255174916449,41.12594938810527,0.2114988627302381
2026-09-16 10:58:00,92.0,61.6525068002454,30.577915071436852,-0.23042187168224615
2026-09-16 10:59:00,122.0,61.64246082013524,60.14784421218043,0.20969496768432805
2026-09-16 11:00:00,103.0,61.632413811341344,41.15879177942094,0.20879440923771853
2026-09-16 11:01:00,81.0,61.6223657763569,18.909942851051472,0.46769137259163074
2026-09-16 11:02:00,112.0,61.612316717663845,50.18068722203813,0.20699606029802453
2026-09-16 11:03:00,122.0,61.60226663773124,60.19163509654661,0.2060982657221473
2026-09-16 11:04:00,111.0,61.59221553901501,49.196748950511704,0.2110355104732875
2026-09-16 11:05:00,126.0,61.582163423959166,64.21353114989179,0.20430542614904112
2026-09-16 11:06:00,99.0,61.57211029499547,37.22447932793909,0.2034103770654383
2026-09-16 11:07:00,106.0,61.56205615454336,44.23542760639775,0.2025162390588875
2026-09-16 11:08:00,108.0,61.55200100501068,46.24637598490448,0.20162301008483752
2026-09-16 11:09:00,96.0,61.54194484879265,34.25732446310801,0.20073068809933403
2026-09-16 11:10:00,82.0,61.53188768827299,20.268273040668632,0.19983927105838006
2026-09-16 11:11:00,114.0,61.52182952582383,52.279221717258714,0.19894875691745284
2026-09-16 11:12:00,103.0,61.511770363804395,41.29017049256253,0.1980591436330741
2026-09-16 11:13:00,99.0,61.501710204563416,37.30111936627524,0.1971704291613463
2026-09-16 11:14:00,78.0,61.491649050437985,16.31206833810319,0.19628261145882675
2026-09-16 11:15:00,116.0,61.481586903752614,54.32301740776479,0.19539568848259847
2026-09-16 11:16:00,102.0,61.47152376682168,40.33396657498866,0.19450965818965926
2026-09-16 11:17:00,103.0,61.46145964194715,41.34491583951486,0.19362451853798746
2026-09-16 11:18:00,111.0,61.45139453141996,49.3558652010941,0.19274026748594508
2026-09-16 11:19:00,99.0,61.441328437520035,37.36681465948793,0.19185690299203628
2026-09-16 11:20:00,108.0,61.43126136251633,46.37776421446774,0.19097442301593048
2026-09-16 11:21:00,109.0,61.42119330866601,47.38871386581649,0.19009282551749607
2026-09-16 11:22:00,140.0,61.41112427821529,78.39966361332714,0.18921210845757486
2026-09-16 11:23:00,98.0,61.40105427340024,36.410613456801855,0.18833226979790396
2026-09-16 11:24:00,105.0,61.39098329644533,43.42156339605403,0.1874533075006397
2026-09-16 11:25:00,108.0,61.38091134956455,46.43251343090631,0.18657521952913925
2026-09-16 11:26:00,98.0,61.370838434960724,36.44346356119164,0.18569800384763369
2026-09-16 11:27:00,91.0,61.36076455482683,29.941599837756876,-0.30236439258370496
2026-09-16 11:28:00,97.0,61.35068971134403,35.337785098962655,0.3115251896933131
2026-09-16 11:29:00,115.0,61.34061390668575,53.47631452311623,0.1830715701980168
2026-09-16 11:30:00,95.0,61.33053714301522,33.48726503365074,0.182197823334036
2026-09-16 11:31:00,121.0,61.3204594224809,59.49821563892795,0.18132493859114618
2026-09-16 11:32:00,87.0,61.31038074722672,25.50916633883364,0.18045291393963936
2026-09-16 11:33:00,96.0,61.30030111938243,34.520117133270155,0.17958174734741306
2026-09-16 11:34:00,95.0,61.290220541068976,33.248859125900594,0.4609203330304297
2026-09-16 11:35:00,110.0,61.28013901439849,48.5420190053695,0.17784198023201014
2026-09-16 11:36:00,88.0,61.27005654146993,26.844394400738103,-0.11445094220803043
2026-09-16 11:37:00,88.0,61.25997312437242,26.56392125459869,0.1761056210288885
2026-09-16 11:38:00,85.0,61.24988876518752,23.57487252048065,0.17523871433182592
2026-09-16 11:39:00,81.0,61.239803465987734,19.585823880475896,0.17437265353636633
2026-09-16 11:40:00,83.0,61.22971722883223,21.59677533454387,0.17350743662390045
2026-09-16 11:41:00,89.0,61.21963005577343,27.60772688265389,0.1726430615726784
2026-09-16 11:42:00,81.0,61.20954194885277,19.61867852478323,0.1717795263639985
2026-09-16 11:43:00,95.0,61.19945291010247,33.629630260916585,0.17091682898094263
2026-09-16 11:44:00,93.0,61.18936294154479,31.640582091046912,0.17005496740829784
2026-09-16 11:45:00,88.0,61.17927204519292,26.651534015174565,0.16919393963252105
2026-09-16 11:46:00,106.0,61.169180223050105,44.66248603330772,0.16833374364217235
2026-09-16 11:47:00,73.0,61.15908747711079,11.673438145461617,0.1674743774275953
2026-09-16 11:48:00,92.0,61.148993809358984,30.68439035165983,0.16661583898118693
2026-09-16 11:49:00,117.0,61.13889922177072,55.695342651932584,0.16575812629669429
2026-09-16 11:50:00,89.0,61.12880371631137,27.706295046316882,0.1649012373717511
2026-09-16 11:51:00,110.0,61.118707294939654,48.717247534858586,0.16404517020176002
2026-09-16 11:52:00,91.0,61.10860995960214,30.019046273048687,-0.12765623265082837
2026-09-16 11:53:00,87.0,61.09851171223721,25.739152794624598,0.16233549313818685
2026-09-16 11:54:00,98.0,61.0884125547766,36.7425883424544,0.16899910276899988
2026-09-16 11:55:00,91.0,61.07831248914308,30.05174697353576,-0.13005946267883672
2026-09-16 11:56:00,105.0,61.06821151724624,43.77201139197309,0.15977709078067193
2026-09-16 11:57:00,100.0,61.05810964099488,38.78296444679059,0.158925912214535
2026-09-16 11:58:00,88.0,61.04800686228347,27.23360163376404,-0.2816084960475109
2026-09-16 11:59:00,79.0,61.037903182998875,17.804870840531315,0.1572259764698103
2026-09-16 12:00:00,97.0,61.02779860502095,35.81575512738663,0.15644626759242186
2026-09-16 12:01:00,102.0,61.01769313022387,40.826639947151435,0.15566692262469672
2026-09-16 12:02:00,104.0,61.007586760467674,42.83752529502048,0.15488794451184873
2026-09-16 12:03:00,112.0,60.997479497607785,50.848411166955465,0.15410933543675043
2026-09-16 12:04:00,101.0,60.987371343490004,39.85929755963401,0.15333109687598778
2026-09-16 12:05:00,98.0,60.97726229995179,36.870184470401675,0.15255322964653573
2026-09-16 12:06:00,66.0,60.96715236882202,4.881071897225839,0.1517757339521424
2026-09-16 12:07:00,78.0,60.957041551921776,16.891959838655062,0.15099860942316212
2026-09-16 12:08:00,94.0,60.94692985106338,32.89426800673985,0.15880214219676958
2026-09-16 12:09:00,85.0,60.93681726805083,23.913737262154886,0.14944546979428708
2026-09-16 12:10:00,79.0,60.926703804680045,17.924626743849217,0.14866945147073807
2026-09-16 12:11:00,12.0,60.91658946273937,-49.06448326067803,0.1478937979386643
2026-09-16 12:12:00,16.0,60.906474244008095,-45.053592750571546,0.1471185065634515
2026-09-16 12:13:00,9.0,60.896358150258266,-52.042701724615306,0.14634357435704004
2026-09-16 12:14:00,11.0,60.886241183253404,-50.03181018126604,0.14556899801263512
2026-09-16 12:15:00,9.0,60.87612334474944,-52.02091811868171,0.1447947739322757
2026-09-16 12:16:00,9.0,60.866004636494445,-52.01002553474784,0.1440208982533946
2026-09-16 12:17:00,14.0,60.85588506022799,-46.99913242710509,0.14324736687709816
2026-09-16 12:18:00,11.0,60.84576461768287,-49.988238793172,0.14247417548913432
2026-09-16 12:19:00,12.0,60.83564331058351,-48.97734463016849,0.1417013195849819
2026-09-16 12:20:00,14.0,60.82552114064644,-46.966449935137845,0.14092879449140838
2026-09-16 12:21:00,11.0,60.815398109581174,-49.95555470496722,0.14015659538604552
2026-09-16 12:22:00,15.0,60.80527421908913,-45.944658936406036,0.13938471731690782
2026-09-16 12:23:00,11.0,60.79514947086397,-49.93376262608483,0.1386131552208596
2026-09-16 12:24:00,11.0,60.785023866592596,-49.922865770531814,0.13784190393921847
2026-09-16 12:25:00,86.0,60.77489740795376,25.08803163381097,0.13707095823527027
2026-09-16 12:26:00,97.0,60.76477009661894,36.098929590573476,0.1363003128075846
2026-09-16 12:27:00,92.0,60.754641934252184,31.109828103443082,0.13552996230473724
2026-09-16 12:28:00,95.0,60.74451292251094,34.12072717615171,0.13475990133734683
2026-09-16 12:29:00,93.0,60.734383063043964,32.13162681246476,0.13399012449127667
2026-09-16 12:30:00,90.0,60.72425235749386,29.142527016167993,0.1332206263381508
2026-09-16 12:31:00,100.0,60.71412080749555,39.153427791059485,0.1324514014449676
2026-09-16 12:32:00,97.0,60.70398841467697,36.16432914093806,0.13168244438497112
2026-09-16 12:33:00,90.0,60.693855180659114,29.175231069595206,0.13091374974568026
2026-09-16 12:34:00,103.0,60.683721107055135,42.18613358080743,0.13014531213743652
2026-09-16 12:35:00,82.0,60.67358619547194,21.197036678327287,0.12937712620077235
2026-09-16 12:36:00,105.0,60.663450447509184,44.20794036587774,0.12860918661307608
2026-09-16 12:37:00,108.0,60.65331386475941,47.21884464714519,0.12784148809539886
2026-09-16 12:38:00,85.0,60.64317644880823,24.2297495257739,0.12707402541787616
2026-09-16 12:39:00,107.0,60.63303820123488,46.24065500536057,0.1263067934045452
2026-09-16 12:40:00,87.0,60.622899123610985,26.251561089449957,0.12553978693905776
2026-09-16 12:41:00,76.0,60.6127592175018,15.262467781530015,0.12477300096819022
2026-09-16 12:42:00,88.0,60.60261848446584,27.273375085028363,0.12400643050579419
2026-09-16 12:43:00,90.0,60.59247692605503,29.28428300330918,0.1232400706357879
2026-09-16 12:44:00,74.0,60.58233454381394,13.295191539669435,0.12247391651662554
2026-09-16 12:45:00,104.0,60.57219133928159,43.306100697336475,0.12170796338193668
2026-09-16 12:46:00,110.0,60.562047313989396,49.31701047946633,0.1209422065442709
2026-09-16 12:47:00,92.0,60.551902469462725,31.327920889140824,0.12017664139644779
2026-09-16 12:48:00,86.0,60.54175680722041,25.338831929365877,0.11941126341370989
2026-09-16 12:49:00,97.0,60.53161032877442,36.34974360307129,0.11864606815429113
2026-09-16 12:50:00,99.0,60.521463035630745,38.36065591310752,0.1178810512617332
2026-09-16 12:51:00,92.0,60.51131492928932,31.371568862246203,0.11711620846447346
2026-09-16 12:52:00,79.0,60.50116601124239,18.382482453180966,0.11635153557664069
2026-09-16 12:53:00,73.0,60.49101628297785,12.125591037898433,0.3833926791237161
2026-09-16 12:54:00,80.0,60.48086574597539,19.404311570799884,0.11482268322472322
2026-09-16 12:55:00,78.0,60.47071440170984,17.41522710246633,0.11405849582382643
2026-09-16 12:56:00,79.0,60.46056225164726,18.426143285893353,0.11329446245938612
2026-09-16 12:57:00,84.0,60.45040929725032,23.437060123369,0.11253057938068167
2026-09-16 12:58:00,107.0,60.440255539973826,46.44797761710343,0.11176684292274075
2026-09-16 12:59:00,85.0,60.430100981267145,24.458895769226675,0.11100324950618301
2026-09-16 13:00:00,81.0,60.41994562257284,20.46981458178997,0.11023979563719166
2026-09-16 13:01:00,81.0,60.4097894653289,20.480734056764184,0.10947647790691661
2026-09-16 13:02:00,65.0,60.39963251096386,4.49165419604722,0.10871329298891652
2026-09-16 13:03:00,101.0,60.38947476090619,40.270492819920115,0.34003241917369564
2026-09-16 13:04:00,83.0,60.37931621657286,22.947767796786493,-0.3270840133593538
2026-09-16 13:05:00,80.0,60.3691568793772,19.52441861753492,0.10642450308787943
2026-09-16 13:06:00,101.0,60.35899675072539,40.53534143147447,0.10566181780014006
2026-09-16 13:07:00,74.0,60.3488358320233,13.546264918064912,0.10489924991178867
2026-09-16 13:08:00,76.0,60.338674124664394,15.557189078758588,0.10413679657701636
2026-09-16 13:09:00,98.0,60.3285116300404,37.56811391493451,0.10337445502509013
2026-09-16 13:10:00,70.0,60.31834834953421,9.579039427906814,0.10261222255897451
2026-09-16 13:11:00,80.0,60.308184284529275,19.3269786932254,0.3648370222453252
2026-09-16 13:12:00,110.0,60.29801943639614,50.18806913636635,-0.4860885727624904
2026-09-16 13:13:00,83.0,60.287853806502206,22.61182003969711,0.10032615380068677
2026-09-16 13:14:00,87.0,60.27768739621074,26.622748271631597,0.09956433215766936
2026-09-16 13:15:00,95.0,60.26752020688252,34.63367718593025,0.09880260718722411
2026-09-16 13:16:00,82.0,60.25735223986698,21.64460678352011,0.09804097661290712
2026-09-16 13:17:00,94.0,60.24718349651222,33.65553706526645,0.09727943822132801
2026-09-16 13:18:00,84.0,60.23701397815911,23.666468031980195,0.09651798986069338
2026-09-16 13:19:00,98.0,60.22684368614434,37.659419623583425,0.11373669027223343
2026-09-16 13:20:00,95.0,60.21667262179824,34.68833202325372,0.09499535494803979
2026-09-16 13:21:00,90.0,60.206500786445325,29.6992650491545,0.09423416440017007
2026-09-16 13:22:00,81.0,60.19632818140584,20.42290444055076,0.38076737804340155
2026-09-16 13:23:00,76.0,60.186154807994306,15.721133164441234,0.09271202756445973
2026-09-16 13:24:00,85.0,60.17598066751934,24.732068254856124,0.09195107762453603
2026-09-16 13:25:00,73.0,60.16580576128318,12.743004034394545,0.09119020432227387
2026-09-16 13:26:00,93.0,60.15563009058482,32.7539405034494,0.09042940596577864
2026-09-16 13:27:00,110.0,60.14545365671734,49.764877662370175,0.08966868091248159
2026-09-16 13:28:00,93.0,60.135276460966985,32.77581551146492,0.08890802756809535
2026-09-16 13:29:00,71.0,60.12509850461775,10.500040693771789,0.37486080161045976
2026-09-16 13:30:00,80.0,60.11491978894551,19.797693281174308,0.08738692988018926
2026-09-16 13:31:00,76.0,60.10474031522341,15.808633202189576,0.08662648258701466
2026-09-16 13:32:00,85.0,60.09456008471532,24.819573814182117,0.08586610110256032
2026-09-16 13:33:00,73.0,60.084379098686185,12.830515117250144,0.08510578406367131
2026-09-16 13:34:00,97.0,60.07419735839192,37.37221387085186,-0.44641122924377896
2026-09-16 13:35:00,59.0,60.06401486508229,-0.871700178175515,-0.19231468690677644
2026-09-16 13:36:00,85.0,60.05383162000602,24.863343173394334,0.08282520659964376
2026-09-16 13:37:00,69.0,60.04364762440866,8.874287241070007,0.08206513452132924
2026-09-16 13:38:00,73.0,60.033462879528265,12.743771424641762,0.2227656958299704
2026-09-16 13:39:00,67.0,60.023277386599176,6.896177449480265,0.08054516392056144
2026-09-16 13:40:00,88.0,60.01309114685014,27.907123589976777,0.07978526317308621
2026-09-16 13:41:00,73.0,60.00290416150596,12.91807042112878,0.07902541736525848
2026-09-16 13:42:00,87.0,59.992716431785624,26.929017942745034,0.07826562546934213
2026-09-16 13:43:00,72.0,59.98252795890479,11.797753313658879,0.21971872743633014
2026-09-16 13:44:00,83.0,59.97233874407223,22.950915056464318,0.07674619946345018
2026-09-16 13:45:00,95.0,59.9621487884943,34.96186464805222,0.07598656345348331
2026-09-16 13:46:00,86.0,59.95195809336999,25.97281492907655,0.07522697755346286
2026-09-16 13:47:00,81.0,59.94176665989547,20.983765899216113,0.07446744088841939
2026-09-16 13:48:00,70.0,59.931574489261656,9.99471755813021,0.07370795260813168
2026-09-16 13:49:00,74.0,59.92138158265516,14.00566990545418,0.0729485118906581
2026-09-16 13:50:00,93.0,59.91118794125701,33.01662294080341,0.07218911793957972
2026-09-16 13:51:00,78.0,59.90099356624487,18.027576663771292,0.07142976998383688
2026-09-16 13:52:00,89.0,59.89079845879149,29.038531073931566,0.07067046727694759
2026-09-16 13:53:00,75.0,59.88060262006479,15.049486170839158,0.06991120909604831
2026-09-16 13:54:00,87.0,59.87040605122892,27.060441954030175,0.06915199474090628
2026-09-16 13:55:00,75.0,59.86020875344238,15.071398423023538,0.06839282353408294
2026-09-16 13:56:00,65.0,59.8500107278608,5.08235557732003,0.06763369481917181
2026-09-16 13:57:00,82.0,59.83981197563378,22.09331341640542,0.06687460796079847
2026-09-16 13:58:00,91.0,59.82961249790835,31.104271939748166,0.0661155623434837
2026-09-16 13:59:00,61.0,59.81941229582375,1.1152311468038334,0.06535655737241086
2026-09-16 14:00:00,77.0,59.80921137052143,17.126191037010685,0.06459759246788366
2026-09-16 14:01:00,69.0,59.79900972313137,9.688798939480591,-0.4878086626119611
2026-09-16 14:02:00,81.0,59.788807354781525,21.148112864569935,0.06307978064853614
2026-09-16 14:03:00,90.0,59.77860426660129,30.013641867706365,0.20775386569233945
2026-09-16 14:04:00,80.0,59.76840045971161,20.72169557826266,-0.4900960379742685
2026-09-16 14:05:00,83.0,59.758195935227185,23.181000714767034,0.06080335000577719
2026-09-16 14:06:00,76.0,59.747990694265496,16.19196469138016,0.06004461435433939
2026-09-16 14:07:00,75.0,59.73778473793791,15.754577123648959,-0.4923618615868648
2026-09-16 14:08:00,82.0,59.72757806734826,22.213894680567794,0.058527252083948156
2026-09-16 14:09:00,77.0,59.717370683600265,17.224860691822766,0.05776862457696552
2026-09-16 14:10:00,66.0,59.707162587797775,6.235827379952744,0.057010032249479536
2026-09-16 14:11:00,93.0,59.69695378103225,33.246794744276855,0.056251474690895975
2026-09-16 14:12:00,83.0,59.68674426439697,23.110762367648267,0.2024933679547658
2026-09-16 14:13:00,70.0,59.6765340389797,10.121552092845944,0.2019138681743513
2026-09-16 14:14:00,85.0,59.66632310586403,25.27970088744125,0.05397600669471814
2026-09-16 14:15:00,86.0,59.65611146612799,26.29067094953741,0.05321758433459678
2026-09-16 14:16:00,76.0,59.64589912084731,16.301641684293884,0.05245919485880535
2026-09-16 14:17:00,70.0,59.63568607109296,10.312613090981927,0.05170083792511093
2026-09-16 14:18:00,78.0,59.62547231793187,18.323585168870263,0.05094251319786025
2026-09-16 14:19:00,68.0,59.61525786242691,8.334557917219518,0.05018422035357162
2026-09-16 14:20:00,84.0,59.605042705638134,24.34553133528473,0.04942595907713354
2026-09-16 14:21:00,86.0,59.59482684861938,26.35650542231607,0.04866772906455452
2026-09-16 14:22:00,84.0,59.584610292424735,24.367480177559038,0.04790953001622711
2026-09-16 14:23:00,65.0,59.57439303810004,5.796263165671004,-0.37065620377104835
2026-09-16 14:24:00,88.0,59.56417508668989,28.389431689633337,0.04639322367676613
2026-09-16 14:25:00,95.0,59.55395643923537,35.40040844493121,0.04563511583342006
2026-09-16 14:26:00,78.0,59.54373709677472,18.41138586537634,0.04487703784894137
2026-09-16 14:27:00,89.0,59.53351706034183,29.422363950189467,0.04411898946870707
2026-09-16 14:28:00,95.0,59.52329633096555,35.43334269859339,0.043360970441057134
2026-09-16 14:29:00,68.0,59.51307490967433,8.444322109802332,0.042602980523341216
2026-09-16 14:30:00,89.0,59.50285279748984,29.455302183032074,0.04184501947808883
2026-09-16 14:31:00,5.0,59.49262999543134,-54.533717082507295,0.041087087075958095
2026-09-16 14:32:00,16.0,59.482406504514756,-43.522735687607295,0.0403291830925383
2026-09-16 14:33:00,5.0,59.47218232575103,-54.51175363306163,0.03957130731060232
2026-09-16 14:34:00,8.0,59.461957460149655,-51.500770919667836,0.03881345951818105
2026-09-16 14:35:00,4.0,59.45173190871539,-55.48978754822488,0.0380556395094942
2026-09-16 14:36:00,8.0,59.44150567244916,-51.47880351953266,0.03729784708350081
2026-09-16 14:37:00,11.0,59.431278752348085,-48.467818834393306,0.036540082045220856
2026-09-16 14:38:00,11.0,59.42105114940662,-48.45683349361121,0.03578234420458415
2026-09-16 14:39:00,6.0,59.41082286461643,-53.44584749799274,0.035024633376309566
2026-09-16 14:40:00,11.0,59.40059389896302,-48.43486084834322,0.03426694938020347
2026-09-16 14:41:00,11.0,59.3903642534307,-48.423873545471075,0.033509292040378114
2026-09-16 14:42:00,9.0,59.38013392900029,-50.41288559018585,0.032751661185564274
2026-09-16 14:43:00,11.0,59.36990292664758,-48.401896983296744,0.031994056649160996
2026-09-16 14:44:00,9.0,59.35967124734725,-50.39090772561591,0.03123647826866005
2026-09-16 14:45:00,74.0,59.34943889206785,14.620082182048222,0.030478925883926422
2026-09-16 14:46:00,56.0,59.33920586177653,-3.639602572145284,0.3003967103687586
2026-09-16 14:47:00,84.0,59.3289721574375,24.642063944070994,0.02896389849150438
2026-09-16 14:48:00,83.0,59.31873778001067,24.061435430941728,-0.38017321095239964
2026-09-16 14:49:00,65.0,59.30850273045027,6.212458622814842,-0.5209613532651147
2026-09-16 14:50:00,75.0,59.29826700971049,15.632981605679735,0.06875138460977581
2026-09-16 14:51:00,89.0,59.28803061874517,29.686035232176398,0.02593414907843794
2026-09-16 14:52:00,86.0,59.27779355850426,26.697029666981567,0.0251767745141791
2026-09-16 14:53:00,80.0,59.26755582993076,20.7080247452798,0.0244194247894427
2026-09-16 14:54:00,59.0,59.257317433967934,-0.28097953374087165,0.023662099772934653
2026-09-16 14:55:00,79.0,59.247078371556,19.73001682911054,0.022904799333460346
2026-09-16 14:56:00,73.0,59.236838643630016,13.741013833024736,0.02214752334524661
2026-09-16 14:57:00,82.0,59.226598251125154,22.75201147719394,0.021390271680907347
2026-09-16 14:58:00,67.0,59.216357194969596,8.30973934834832,-0.5260965433179123
2026-09-16 14:59:00,63.0,59.20611547609029,3.7740086830635184,0.019875840846189874
2026-09-16 15:00:00,72.0,59.19587309541123,12.78500824314951,0.019118661439257778
2026-09-16 15:01:00,93.0,59.185630053859036,33.79600844026158,0.018361505879383344
2026-09-16 15:02:00,66.0,59.17538635234679,6.760507923629617,0.06410572402359094
2026-09-16 15:03:00,77.0,59.16514199179342,17.818010742343162,0.01684726586341867
2026-09-16 15:04:00,82.0,59.15489697311268,22.829012845704394,0.016090181182924823
2026-09-16 15:05:00,71.0,59.14465129721234,12.079834741536366,-0.22448603874870798
2026-09-16 15:06:00,73.0,59.13440496500035,13.85101895306388,0.014576081935771867
2026-09-16 15:07:00,76.0,59.12415797738068,16.86202295546036,0.013819067158955534
2026-09-16 15:08:00,68.0,59.11391033525471,8.873027589273724,0.013062075471566459
2026-09-16 15:09:00,78.0,59.10366203952073,18.884032853704564,0.0123051067747042
2026-09-16 15:10:00,60.0,59.09341309107499,0.8950387479575401,0.011548160967464582
2026-09-16 15:11:00,85.0,59.08316349080942,25.906045271239247,0.010791237951330857
2026-09-16 15:12:00,70.0,59.07291323961199,10.917052422756756,0.01003433763125372
2026-09-16 15:13:00,86.0,59.06266233837438,26.92806020171643,0.009277459909185382
2026-09-16 15:14:00,70.0,59.05241078797563,11.575803998372065,-0.6282147863476979
2026-09-16 15:15:00,79.0,59.04215858929864,19.95007763880526,0.007763771896101446
2026-09-16 15:16:00,70.0,59.03190574322186,10.961087295355881,0.007006961422256097
2026-09-16 15:17:00,81.0,59.021652250626424,21.972097576192883,0.006250173180696095
2026-09-16 15:18:00,68.0,59.01139811238171,8.98310848053238,0.00549340708590762
2026-09-16 15:19:00,60.0,59.001143329362826,0.9941200075873449,0.0047366630498260065
2026-09-16 15:20:00,69.0,58.99088790243616,10.005132156576478,0.0039799409873637615
2026-09-16 15:21:00,72.0,58.98063183246868,13.01614492671718,0.0032232408141368296
2026-09-16 15:22:00,67.0,58.970375120323034,8.027158317229565,0.0024665624474025094
2026-09-16 15:23:00,56.0,58.960117766861025,-2.9618276726667085,0.0017099058056828653
2026-09-16 15:24:00,79.0,58.94985977293883,20.049186956252093,0.0009532708090773667
2026-09-16 15:25:00,55.0,58.93960113941183,-3.939797796790447,0.00019665737861629395
2026-09-16 15:26:00,60.0,58.929341867131164,1.0712180674322087,-0.0005599345633697794
2026-09-16 15:27:00,68.0,58.91908195694865,9.082234548144404,-0.0013165050930581401
2026-09-16 15:28:00,71.0,58.90882140971005,12.093251644575986,-0.0020730542860363244
2026-09-16 15:29:00,56.0,58.898560226259,-2.895730644043232,-0.0028295822157673456
2026-09-16 15:30:00,73.0,58.88829840743723,14.115287681518621,-0.003586088955856326
2026-09-16 15:31:00,93.0,58.87803595408387,34.12630662049368,-0.004342574577549385
2026-09-16 15:32:00,73.0,58.867772867034546,14.137326172117163,-0.005099039151708951
2026-09-16 15:33:00,62.0,58.85750914712429,3.1483463356238994,-0.005855482748188479
2026-09-16 15:34:00,86.0,58.84724479518305,27.15936711025241,-0.0066119054354629725
2026-09-16 15:35:00,75.0,58.836979812038884,16.170388495241923,-0.0073683072808066186
2026-09-16 15:36:00,58.0,58.82671419851915,-0.8185895101691605,-0.008124688349987252
2026-09-16 15:37:00,67.0,58.81644795544667,8.192433093264547,-0.008881048711216977
2026-09-16 15:38:00,70.0,58.80618108364134,11.271445568451592,-0.07762665209293118
2026-09-16 15:39:00,88.0,58.795913583922236,29.214480123637767,-0.010393707560005794
2026-09-16 15:40:00,55.0,58.785645457105986,-3.7744954509311976,-0.011150006174787563
2026-09-16 15:41:00,74.0,58.775376704004444,15.236529580332391,-0.011906284336831163
2026-09-16 15:42:00,92.0,58.76510732542988,33.24755521667529,-0.012662542105168484
2026-09-16 15:43:00,57.0,58.754837322191534,-1.7414185426495508,-0.013418779541986225
2026-09-16 15:44:00,69.0,58.74456669509332,10.269608301613916,-0.014174996707232879
2026-09-16 15:45:00,96.0,58.734295444941,37.280635748720286,-0.01493119366128326
2026-09-16 15:46:00,63.0,58.72402357253317,4.0495688189137455,0.22640760855308173
2026-09-16 15:47:00,57.0,58.71375107867231,-1.6973075515061167,-0.016443527166195793
2026-09-16 15:48:00,54.0,58.703477964151304,-4.752898383274205,0.04942041912290307
2026-09-16 15:49:00,64.0,58.69320422976511,5.324751550751243,-0.017955780516352604
2026-09-16 15:50:00,80.0,58.68292987630477,21.335782000969967,-0.018711877274739663
2026-09-16 15:51:00,63.0,58.672654904557525,4.346813049607109,-0.019467954164632317
2026-09-16 15:52:00,63.0,58.662379315312165,4.3578446959287245,-0.02022401124089157
2026-09-16 15:53:00,50.0,58.65210310935045,-8.041620148392123,-0.610482960958322
2026-09-16 15:54:00,88.0,58.64182628745519,29.379909778711006,-0.021736066166198498
2026-09-16 15:55:00,67.0,58.63154885040595,8.390943213717557,-0.022492064123504463
2026-09-16 15:56:00,58.0,58.621270798984675,-0.7699171487738884,0.14864634978921032
2026-09-16 15:57:00,62.0,58.61099213396495,3.313675907109328,0.07533195892572309
2026-09-16 15:58:00,48.0,58.60071285612201,-10.57595291551421,-0.024759940607800957
2026-09-16 15:59:00,73.0,58.590432966226956,14.435082894254904,-0.025515860481860386
2026-09-16 16:00:00,70.0,58.580152465048755,11.37342973571498,0.04641779923626643
2026-09-16 16:01:00,60.0,58.5698713533535,1.4571562887488108,-0.027027642102311233
2026-09-16 16:02:00,48.0,58.55958963190789,-10.531806127958038,-0.027783503949855515
2026-09-16 16:03:00,73.0,58.549307301472425,14.47923204508473,-0.028539346557153067
2026-09-16 16:04:00,71.0,58.539024362807695,12.402415020918045,0.058560616274263566
2026-09-16 16:05:00,72.0,58.52874081667128,13.861327364121047,-0.3900681807923263
2026-09-16 16:06:00,55.0,58.51845666382039,-3.4876499043965685,-0.030806759423818164
2026-09-16 16:07:00,76.0,58.50817190500802,17.8817297490728,-0.38990165408082333
2026-09-16 16:08:00,73.0,58.49788654098805,14.53443173170059,-0.032318272688641514
2026-09-16 16:09:00,69.0,58.4876005725085,10.545473428363373,-0.033074000871870624
2026-09-16 16:10:00,72.0,58.477314000322934,13.556515709834063,-0.03382971015699354
2026-09-16 16:11:00,55.0,58.46702682517509,-3.432441424586968,-0.03458540058812076
2026-09-16 16:12:00,68.0,58.45673904781237,9.578602024401208,-0.0353410722135763
2026-09-16 16:13:00,79.0,58.44645066897603,20.589646056103508,-0.03609672507953121
2026-09-16 16:14:00,48.0,58.43616168940641,-10.399309330175466,-0.036852359230941545
2026-09-16 16:15:00,72.0,58.42587210984567,13.611735864868182,-0.03760797471385047
2026-09-16 16:16:00,82.0,58.41558193102705,24.051395345582133,-0.4669772766091853
2026-09-16 16:17:00,82.0,58.405291153688204,23.6338279961579,-0.039119149846108314
2026-09-16 16:18:00,66.0,58.394999778559516,7.6448749310224295,-0.0398747095819445
2026-09-16 16:19:00,56.0,58.384707806377776,-2.344077555555619,-0.040630250822154323
2026-09-16 16:20:00,71.0,58.37441523786881,12.666970535738532,-0.041385773607338194
2026-09-16 16:21:00,68.0,58.36412207376304,9.678019204215513,-0.04214127797855838
2026-09-16 16:22:00,55.0,58.35382831478597,-3.310931550810115,-0.04289676397585396
2026-09-16 16:23:00,61.0,58.34353396166094,2.7001182699794946,-0.04365223164043641
2026-09-16 16:24:00,56.0,58.33323901511107,-2.4700514607661255,0.13681244565506034
2026-09-16 16:25:00,91.0,58.32294347585571,32.72221963626565,-0.04516311212135804
2026-09-16 16:26:00,66.0,58.31264734461383,7.733271180399001,-0.04591852501283
2026-09-16 16:27:00,73.0,58.302350622100434,14.744323297626682,-0.046673919727112434
2026-09-16 16:28:00,70.0,58.29205330903015,12.094889825839298,-0.38694313486944765
2026-09-16 16:29:00,86.0,58.28175540611535,27.766429248641302,-0.048184654756653345
2026-09-16 16:30:00,57.0,58.27145691406532,-0.8849043535077346,-0.3865525605575826
2026-09-16 16:31:00,75.0,58.26115783359181,16.78853748391357,-0.04969531750538181
2026-09-16 16:32:00,66.0,58.25085816540074,7.799592456463859,-0.05045062186459859
2026-09-16 16:33:00,69.0,58.24055791020299,10.810647998066923,-0.05120590826991389
2026-09-16 16:34:00,66.0,58.23025706870062,8.454261676183586,-0.6845187448842012
2026-09-16 16:35:00,64.0,58.21995564159564,5.832760785748223,-0.05271642734386006
2026-09-16 16:36:00,66.0,58.2096536295922,7.8060937065985385,-0.015747336190734984
2026-09-16 16:37:00,67.0,58.19935103339317,8.854875841623128,-0.05422687501629753
2026-09-16 16:38:00,76.0,58.18904785369772,17.865934218470375,-0.054982072168094476
2026-09-16 16:39:00,61.0,58.178744091200095,2.901805978374842,-0.08055006957493305
2026-09-16 16:40:00,64.0,58.16843974660029,5.888052666673614,-0.05649241327390797
2026-09-16 16:41:00,59.0,58.15813482059139,0.8991127367040026,-0.057247557295397655
2026-09-16 16:42:00,71.0,58.147829313862886,12.910173369814677,-0.05800268367756445
2026-09-16 16:43:00,63.0,58.13752322710988,4.921234565341981,-0.05875779245186408
2026-09-16 16:44:00,48.0,58.12721656101912,-9.854702391003906,-0.2725141700152136
2026-09-16 16:45:00,73.0,58.1169093162764,14.943358641030668,-0.0602679573070688
2026-09-16 16:46:00,70.0,58.10660149357126,11.954421519880114,-0.06102301345137562
2026-09-16 16:47:00,70.0,58.096293093584826,11.965484958531084,-0.06177805211591192
2026-09-16 16:48:00,61.0,58.08598411700171,2.97654895632795,-0.06253307332966074
2026-09-16 16:49:00,52.0,58.075674564502535,-6.012386487380101,-0.06328807712243645
2026-09-16 16:50:00,88.0,58.06536443676457,29.99867862675711,-0.06404306352168021
2026-09-16 16:51:00,59.0,58.05505373447094,1.009744298087722,-0.06479803255866301
2026-09-16 16:52:00,65.0,58.04474245829362,7.723726526050764,-0.7684689843443806
2026-09-16 16:53:00,82.0,58.03443060890642,24.03187730973947,-0.06630791864589014
2026-09-16 16:54:00,62.0,58.0241181869852,4.04294464876521,-0.06706283575040572
2026-09-16 16:55:00,60.0,58.01380519320615,2.054012542394655,-0.06781773560080495
2026-09-16 16:56:00,61.0,58.00349162823753,3.0650809899816456,-0.0685726182191786
2026-09-16 16:57:00,61.0,57.99317749274954,3.0761499908852725,-0.06932748363480812
2026-09-16 16:58:00,59.0,57.98286278741242,1.0966640048390346,-0.07952679225145687
2026-09-16 16:59:00,69.0,57.9725475128922,11.098289650056929,-0.07083716294912534
2026-09-16 17:00:00,62.0,57.9622316698554,4.109360307041289,-0.07159197689668417
2026-09-16 17:01:00,70.0,57.951915258964675,12.120431514774811,-0.07234677373948273
2026-09-16 17:02:00,73.0,57.94159828088089,15.131503272616614,-0.07310155349750147
2026-09-16 17:03:00,54.0,57.93128073626815,-3.8574244200736656,-0.07385631619448674
2026-09-16 17:04:00,73.0,57.92096262578296,15.153648436070583,-0.07461106185354538
2026-09-16 17:05:00,62.0,57.910643950084676,3.9284344940167855,0.16092155589853974
2026-09-16 17:06:00,60.0,57.90032470982612,2.1757957923121833,-0.07612050213830912
2026-09-16 17:07:00,70.0,57.89000490566571,12.186870291141346,-0.0768751968070589
2026-09-16 17:08:00,70.0,57.879684538254125,12.199022526226617,-0.07870706448073861
2026-09-16 17:09:00,84.0,57.869363608240796,26.209020927053913,-0.07838453529470968
2026-09-16 17:10:00,72.0,57.859042116278026,14.22009706287388,-0.07913917915190183
2026-09-16 17:11:00,71.0,57.848720063010894,13.231173743102127,-0.0798938061130201
2026-09-16 17:12:00,66.0,57.8383974490875,8.242250967107294,-0.08064841619479779
2026-09-16 17:13:00,52.0,57.828074275153675,-5.915351960875409,0.08727768572173744
2026-09-16 17:14:00,61.0,57.81775054185104,3.264407043939833,-0.08215758579087407
2026-09-16 17:15:00,92.0,57.8074262498236,34.27548589551765,-0.08291214534124691
2026-09-16 17:16:00,69.0,57.797101399708716,11.280829423302004,-0.07793082301071763
2026-09-16 17:17:00,92.0,57.786775992150716,34.2976452218742,-0.08442121402491409
2026-09-16 17:18:00,72.0,57.77645002778095,14.762425566919536,-0.5388755947004853
2026-09-16 17:19:00,55.0,57.766123507237765,-2.680193291645,-0.08593021559276792
2026-09-16 17:20:00,66.0,57.75579643115892,8.330888260090761,-0.0866846912496797
2026-09-16 17:21:00,71.0,57.745468800178266,13.469018982970164,-0.21448778314842798
2026-09-16 17:22:00,66.0,57.73514061492799,8.353052977463404,-0.08819359239139857
2026-09-16 17:23:00,64.0,57.72481187604227,6.364136141866109,-0.08894801790837903
2026-09-16 17:24:00,67.0,57.71448258415116,9.656382720211058,-0.3708653043622192
2026-09-16 17:25:00,65.0,57.7041527398827,7.3863040790328425,-0.09045681891554125
2026-09-16 17:26:00,66.0,57.693822343869044,8.397388850566864,-0.09121119443590686
2026-09-16 17:27:00,68.0,57.68349139673597,10.408474156588994,-0.09196555332496104
2026-09-16 17:28:00,67.0,57.673159899110686,9.419559996484086,-0.09271989559476879
2026-09-16 17:29:00,66.0,57.66282785162017,8.43064636964084,-0.09347422126101179
2026-09-16 17:30:00,67.0,57.65249525488451,9.441733275452926,-0.09422853033743905
2026-09-16 17:31:00,86.0,57.64216210952949,28.45282071330789,-0.09498282283737325
2026-09-16 17:32:00,73.0,57.63182841617415,15.463908682598426,-0.09573709877258096
2026-09-16 17:33:00,76.0,57.62149417544195,18.474997182714027,-0.09649135815597987
2026-09-16 17:34:00,68.0,57.611159387947204,10.822917534491435,-0.43407692243864204
2026-09-16 17:35:00,64.0,57.6008240543135,6.497175772995142,-0.09799982730864087
2026-09-16 17:36:00,57.0,57.590488175152025,0.10353588338901032,-0.6940240585410322
2026-09-16 17:37:00,56.0,57.580151751083605,-1.4806435207055317,-0.09950823037807055
2026-09-16 17:38:00,61.0,57.569814782721494,3.5304476244339646,-0.10026240715545498
2026-09-16 17:39:00,62.0,57.55947727068403,4.541539296758798,-0.1010165674428265
2026-09-16 17:40:00,63.0,57.549139215584226,5.552631495661472,-0.10177071124569892
2026-09-16 17:41:00,66.0,57.538800618035395,8.563724220540072,-0.10252483857546935
2026-09-16 17:42:00,72.0,57.528461478648744,14.436773878450008,0.03476464290124426
2026-09-16 17:43:00,68.0,57.51812179803528,10.585911245803123,-0.10403304383840606
2026-09-16 17:44:00,71.0,57.5077815768062,13.597005544979327,-0.1047871217855274
2026-09-16 17:45:00,70.0,57.4974408155663,12.608100367721372,-0.10554118328767004
2026-09-16 17:46:00,57.0,57.487099514923194,-0.3808042865745167,-0.106295228348678
2026-09-16 17:47:00,68.0,57.47675767548434,10.630291581490033,-0.10704925697437773
2026-09-16 17:48:00,47.0,57.466415297853615,-10.358612028683801,-0.10780326916981409
2026-09-16 17:49:00,63.0,57.456072382631035,5.652484882307855,-0.10855726493888795
2026-09-16 17:50:00,68.0,57.445728930422504,10.66358231386274,-0.10931124428524441
2026-09-16 17:51:00,58.0,57.43538494182526,0.6746802653862325,-0.11006520721149116
2026-09-16 17:52:00,42.0,57.425040417441735,-15.31422126372161,-0.1108191537201293
2026-09-16 17:53:00,54.0,57.41469535787044,-3.3031222740582034,-0.11157308381223885
2026-09-16 17:54:00,72.0,57.40434976370662,14.707977233782325,-0.11232699748894248
2026-09-16 17:55:00,72.0,57.3940036355455,14.719077259203866,-0.11308089474936622
2026-09-16 17:56:00,50.0,57.383656973989126,-7.2698221983934,-0.11383477559572697
2026-09-16 17:57:00,63.0,57.37330977962465,6.356183457174592,-0.729493236799243
2026-09-16 17:58:00,53.0,57.36296205304951,-4.2476195650153725,-0.1153424880341376
2026-09-16 17:59:00,73.0,57.35261379485369,15.763482524769655,-0.11609631962334532
2026-09-16 18:00:00,59.0,57.34226500563593,1.774585129156455,-0.11685013479238648
2026-09-16 18:01:00,55.0,57.33191568598291,-2.2143117524466285,-0.11760393353628729
2026-09-16 18:02:00,66.0,57.321565836488844,8.796791879363667,-0.11835771585251109
2026-09-16 18:03:00,54.0,57.31121545774106,-3.1921039760041325,-0.11911148173692965
2026-09-16 18:04:00,69.0,57.30086455032897,11.819000680857808,-0.11986523118677894
2026-09-16 18:05:00,60.0,57.290513114841886,2.673753638359612,0.03573324679850032
2026-09-16 18:06:00,69.0,57.28016115186602,11.721107539324791,-0.0012686911908090792
2026-09-16 18:07:00,63.0,57.26980866198591,5.8523177188816575,-0.1221263808675701
2026-09-16 18:08:00,60.0,57.259455645786794,2.8634244187349687,-0.12288006452175892
2026-09-16 18:09:00,64.0,57.24910210384984,6.874531627862647,-0.12363373171248782
2026-09-16 18:10:00,59.0,57.2387480367594,1.8856393456736982,-0.12438738243309189
2026-09-16 18:11:00,53.0,57.22839344509426,-4.103252428417574,-0.12514101667668598
2026-09-16 18:12:00,67.0,57.218038329433426,9.907856305000719,-0.12589463443414672
2026-09-16 18:13:00,68.0,57.207682690359604,10.918965545339935,-0.1266482356995411
2026-09-16 18:14:00,54.0,57.1973265284493,-2.447709909757399,-0.7496166186919027
2026-09-16 18:15:00,71.0,57.18696984427706,13.94118554443219,-0.1281553887092457
2026-09-16 18:16:00,65.0,57.17661263842198,7.95229630201355,-0.12890894043552947
2026-09-16 18:17:00,53.0,57.166254911468904,-3.488420270490206,-0.6778346409786948
2026-09-16 18:18:00,57.0,57.15589666398455,0.6426213454202683,-0.7985180094048161
2026-09-16 18:19:00,73.0,57.145537896549754,15.985631599838491,-0.13116949638824593
2026-09-16 18:20:00,57.0,57.135178609742965,-0.0032556278108358816,-0.13192298193212793
2026-09-16 18:21:00,61.0,57.12481880414584,4.007857646765494,-0.13267645091133318
2026-09-16 18:22:00,69.0,57.11445848033136,12.417469898001897,-0.5319283783332551
2026-09-16 18:23:00,55.0,57.10409763887403,-1.9699142997441002,-0.1341833391299332
2026-09-16 18:24:00,63.0,57.093736280352445,6.0412004779985065,-0.1349367583509533
2026-09-16 18:25:00,61.0,57.08337440534456,4.05231575562654,-0.13569016097109454
2026-09-16 18:26:00,67.0,57.07301201442148,10.277998668330671,-0.35101068275214686
2026-09-16 18:27:00,63.0,57.06264910816076,6.074547808192554,-0.137196916353318
2026-09-16 18:28:00,40.0,57.05228568713163,-17.090363097124786,0.03807740999315712
2026-09-16 18:29:00,57.0,57.04192175191042,0.09678185328341718,-0.1387036051938395
2026-09-16 18:30:00,41.0,57.03155730306875,-15.892100378435405,-0.13945692463335035
2026-09-16 18:31:00,70.0,57.021192341175315,13.119017886235948,-0.14021022741126643
2026-09-16 18:32:00,66.0,57.010826866801175,9.503178483937141,-0.5140053507383158
2026-09-16 18:33:00,61.0,57.0004608805156,4.141255902405573,-0.14171678292117207
2026-09-16 18:34:00,67.0,56.9900943828853,10.152375652747157,-0.14247003563245642
2026-09-16 18:35:00,54.0,56.979727374485975,-2.8365041028486924,-0.14322327163728232
2026-09-16 18:36:00,62.0,56.969359855878096,5.174616635042229,-0.14397649092032339
2026-09-16 18:37:00,49.0,56.95899182763194,-7.814262134160623,-0.14472969347131937
2026-09-16 18:38:00,74.0,56.94862329031499,17.196859588962887,-0.1454828792778784
2026-09-16 18:39:00,67.0,56.93825424448797,10.20798180383875,-0.14623604832672044
2026-09-16 18:40:00,69.0,56.92788469071988,12.219104509884442,-0.14698920060432386
2026-09-16 18:41:00,42.0,56.917514629574455,-14.769772293479129,-0.14774233609532672
2026-09-16 18:42:00,59.0,56.907144061613494,2.2413513931753113,-0.148495454788808
2026-09-16 18:43:00,65.0,56.89677298739922,8.614680843734012,-0.5114538311332311
2026-09-16 18:44:00,66.0,56.8864014074937,9.26360023421724,-0.15000164171093644
2026-09-16 18:45:00,64.0,56.87602932246029,7.274725387448696,-0.15075470990898765
2026-09-16 18:46:00,63.0,56.86565673286072,6.285851028388581,-0.15150776124929877
2026-09-16 18:47:00,41.0,56.85528363925517,-15.959845876554215,0.10456223729904224
2026-09-16 18:48:00,56.0,56.8449100421997,-0.6918962289187278,-0.15301381328097108
2026-09-16 18:49:00,62.0,56.8345359422582,5.319230871682996,-0.1537668139411963
2026-09-16 18:50:00,60.0,56.82416133998656,3.330358457690218,-0.1545197976767767
2026-09-16 18:51:00,54.0,56.81378623594091,-2.658513471471993,-0.15527276446891847
2026-09-16 18:52:00,62.0,56.80341063067884,5.3526150836218305,-0.15602571430066803
2026-09-16 18:53:00,67.0,56.79303452475748,10.363744122395874,-0.15677864715335232
2026-09-16 18:54:00,68.0,56.78265791872777,11.374873644280438,-0.15753156300821303
2026-09-16 18:55:00,68.0,56.77228081314709,11.386003648698457,-0.1582844618455468
2026-09-16 18:56:00,70.0,56.761903208568654,13.39713413507559,-0.15903734364424338
2026-09-16 18:57:00,64.0,56.751525105547685,7.408265102839325,-0.1597902083870082
2026-09-16 18:58:00,51.0,56.741146504631075,-5.546211711611726,-0.19493479301934968
2026-09-16 18:59:00,66.0,56.73076740637391,9.43052848023684,-0.1612958866107448
2026-09-16 19:00:00,40.0,56.720387811327015,-16.558339111277284,-0.1620487000497306
2026-09-16 19:01:00,67.0,56.71000772004375,10.452793776304183,-0.16280149634793162
2026-09-16 19:02:00,61.0,56.699627133067054,4.463927142413268,-0.16355427548032253
2026-09-16 19:03:00,52.0,56.68924605095278,-4.524939013526469,-0.1643070374263118
2026-09-16 19:04:00,38.0,56.67886447424412,-18.513804692082577,-0.16505978216154915
2026-09-16 19:05:00,57.0,56.66848240349284,0.49733010617388074,-0.165812509666722
2026-09-16 19:06:00,48.0,56.658099839243846,-8.14968408454677,-0.5084157546970758
2026-09-16 19:07:00,57.0,56.64771678204483,0.5196011308357856,-0.1673179128806197
2026-09-16 19:08:00,54.0,56.637333232440845,-2.4692626438974083,-0.16807058854343637
2026-09-16 19:09:00,51.0,56.62694919098027,-5.741770265818753,0.11482107483848125
2026-09-16 19:10:00,66.0,56.61656465821013,9.553011229656716,-0.16957588786684852
2026-09-16 19:11:00,64.0,56.6061796346717,7.564148876804536,-0.17032851147623518
2026-09-16 19:12:00,50.0,56.595794120909986,-6.424713003218985,-0.17108111769100276
2026-09-16 19:13:00,44.0,56.58540811746984,-11.794161047866474,-0.7912470696033651
2026-09-16 19:14:00,66.0,56.57502162489197,9.59756465293056,-0.1725862778225249
2026-09-16 19:15:00,58.0,56.564634643719074,1.6087041879746076,-0.17333883169368391
2026-09-16 19:16:00,43.0,56.55424717450381,-13.04600085618606,-0.5082463183177452
2026-09-16 19:17:00,51.0,56.54385921777691,-5.369015330850732,-0.17484388692618325
2026-09-16 19:18:00,53.0,56.53347077408762,-3.35787438585036,-0.17559638823725976
2026-09-16 19:19:00,54.0,56.52308184398176,-2.346732971999363,-0.17634887198239113
2026-09-16 19:20:00,60.0,56.51269242800147,3.664408910135274,-0.1771013381367439
2026-09-16 19:21:00,61.0,56.502302526685106,5.330332448466743,-0.8326349751518478
2026-09-16 19:22:00,56.0,56.49191214057716,-0.3133059230070575,-0.1786062175701062
2026-09-16 19:23:00,51.0,56.481521270222416,-5.302162639423025,-0.17935863079939196
2026-09-16 19:24:00,70.0,56.47112991616396,13.708981110176333,-0.18011102634029186
2026-09-16 19:25:00,55.0,56.46073807894006,-1.2798746747754115,-0.18086340416464708
2026-09-16 19:26:00,53.0,56.450345759095185,-3.2687299948472526,-0.1816157642479297
2026-09-16 19:27:00,51.0,56.43995295717495,-5.257584850611133,-0.1823681065638212
2026-09-16 19:28:00,49.0,56.4295596737122,-7.246439242626497,-0.18312043108570464
2026-09-16 19:29:00,54.0,56.419165909254126,-2.2352931714677147,-0.1838727377864089
2026-09-16 19:30:00,65.0,56.408771664338,8.775853362300104,-0.18462502663810199
2026-09-16 19:31:00,51.0,56.39837693950372,-5.212999641890908,-0.18537729761280985
2026-09-16 19:32:00,58.0,56.38798173529046,1.798147815391379,-0.18612955068184078
2026-09-16 19:33:00,60.0,56.37758605223411,3.8092957335816835,-0.1868817858157925
2026-09-16 19:34:00,44.0,56.36718989087732,-12.179555887892272,-0.18763400298504962
2026-09-16 19:35:00,82.0,56.35679325175431,25.83159295040426,-0.1883862021585685
2026-09-16 19:36:00,65.0,56.3463961354053,8.842742247903274,-0.18913838330857402
2026-09-16 19:37:00,42.0,56.33599854236568,-13.511230253227541,-0.8247682891381416
2026-09-16 19:38:00,60.0,56.32560047317063,3.865042218234219,-0.1906426914048538
2026-09-16 19:39:00,51.0,56.31520192835753,-5.123807110068713,-0.19139481828882055
2026-09-16 19:40:00,66.0,56.304802908469284,9.887344018555138,-0.19214692702442449
2026-09-16 19:41:00,61.0,56.29440341403823,4.8984956035378975,-0.19289901757612427
2026-09-16 19:42:00,49.0,56.28400344560568,-7.090352355689741,-0.1936510899159387
2026-09-16 19:43:00,38.0,56.27360300370435,-17.92349928878857,-0.3501037149157824
2026-09-16 19:44:00,41.0,56.26320208887251,-15.068046909051636,-0.1951551798208726
2026-09-16 19:45:00,65.0,56.25280070164666,8.943106495674298,-0.19590719732096318
2026-09-16 19:46:00,55.0,56.2423988425625,-1.0457396460828274,-0.196659196479672
2026-09-16 19:47:00,46.0,56.23199651215457,-10.034585334893992,-0.19741117726058377
2026-09-16 19:48:00,44.0,56.2215937109623,-12.023430571330614,-0.19816313963168852
2026-09-16 19:49:00,51.0,56.211190439514816,-5.012275355955372,-0.19891508355944154
2026-09-16 19:50:00,59.0,56.20078669835106,2.99888031065745,-0.19966700900850753
2026-09-16 19:51:00,63.0,56.190382488002946,7.01003642794441,-0.20041891594735972
2026-09-16 19:52:00,59.0,56.179977809002125,3.0198361774949993,-0.19981398649712645
2026-09-16 19:53:00,56.0,56.16957266188946,0.03235001225562917,-0.2019226741450879
2026-09-16 19:54:00,49.0,56.15916704718978,-6.643956746859575,-0.5152103003302102
2026-09-16 19:55:00,49.0,56.14876096544062,-6.945334607567855,-0.20342635787276464
2026-09-16 19:56:00,62.0,56.13835441717505,6.065823754548021,-0.20417817172307196
2026-09-16 19:57:00,43.0,56.12794740292711,-12.923017436071206,-0.20492996685590725
2026-09-16 19:58:00,60.0,56.11753992322543,4.088141820007199,-0.20568174323263122
2026-09-16 19:59:00,46.0,56.10713197860892,-9.900698477789163,-0.20643350081975598
2026-09-16 20:00:00,42.0,56.096723569605366,-13.889538330023633,-0.20718523958173307
2026-09-16 20:01:00,46.0,56.08631469674811,-9.878377737265419,-0.2079369594826943
2026-09-16 20:02:00,41.0,56.07590536056789,-14.8672167000817,-0.20868866048618884
2026-09-16 20:03:00,48.0,56.06549556159806,-7.856055219042696,-0.20944034255536792
2026-09-16 20:04:00,72.0,56.0550853003693,16.155106705283494,-0.21019200565279306
2026-09-16 20:05:00,62.0,56.044674577415016,6.166269072325791,-0.21094364974080548
2026-09-16 20:06:00,50.0,56.03426339326087,-5.8225681184799365,-0.21169527478093642
2026-09-16 20:07:00,57.0,56.02385174844057,1.1885951322939468,-0.21244688073451812
2026-09-16 20:08:00,46.0,56.01343964348367,-9.800241175921327,-0.21319846756234284
2026-09-16 20:09:00,46.0,56.00302707892042,-9.789077043695697,-0.21395003522471967
2026-09-16 20:10:00,58.0,55.99261405527843,2.222087528402802,-0.21470158368123293
2026-09-16 20:11:00,61.0,55.98220057309103,5.233252539799887,-0.21545311289091273
2026-09-16 20:12:00,55.0,55.971786632883955,-0.7555820100698759,-0.21620462281408237
2026-09-16 20:13:00,45.0,55.96137223518615,-11.098830337162426,0.1374581019762786
2026-09-16 20:14:00,50.0,55.95095738052899,-6.097215933027549,0.14625855249855846
2026-09-16 20:15:00,61.0,55.94054206944074,5.854957678316205,-0.7954997477569421
2026-09-16 20:16:00,50.0,55.93012630244293,-5.710915833643321,-0.21921046879960926
2026-09-16 20:17:00,59.0,55.9197100800625,3.300251801601468,-0.2199618816639699
2026-09-16 20:18:00,42.0,55.90929340283322,-13.840518011850008,-0.0687753909832125
2026-09-16 20:19:00,51.0,55.89887627127984,-4.677411622531996,-0.22146464874784044
2026-09-16 20:20:00,53.0,55.88845868593045,-2.6662426830458124,-0.22221600288464316
2026-09-16 20:21:00,47.0,55.87804064730475,-8.655073309938226,-0.2229673373665264
2026-09-16 20:22:00,56.0,55.867622155938236,0.35609649621109885,-0.22371865214933706
2026-09-16 20:23:00,61.0,55.8572032123512,5.367266734841431,-0.22446994719263103
2026-09-16 20:24:00,55.0,55.84678381707155,-0.6169064764799426,-0.22987734059160658
2026-09-16 20:25:00,47.0,55.836363970623815,-8.610391492732166,-0.2259724778916521
2026-09-16 20:26:00,45.0,55.82594367353641,-10.599219960074493,-0.2267237134619151
2026-09-16 20:27:00,39.0,55.81552292633211,-16.58804799721032,-0.22747492912178302
2026-09-16 20:28:00,54.0,55.805101729539174,-1.5768756047130166,-0.22822612482615767
2026-09-16 20:29:00,39.0,55.79468008367863,-16.565702783144896,-0.2289773005337281
2026-09-16 20:30:00,48.0,55.784257989277194,-7.710642519303827,-0.07361546997336887
2026-09-16 20:31:00,47.0,55.77383544685997,-8.543355855087993,-0.2304795917719744
2026-09-16 20:32:00,49.0,55.7634124569509,-6.906539948119025,0.14312749116812284
2026-09-16 20:33:00,53.0,55.7529890200718,-2.5210072175933136,-0.23198180247848654
2026-09-16 20:34:00,37.0,55.74256513674867,-18.764327544269147,0.021762407520483862
2026-09-16 20:35:00,40.0,55.73214080749678,-15.3542040937923,-0.3779367137044858
2026-09-16 20:36:00,48.0,55.721716032847304,-7.487481066077719,-0.23423496676958422
2026-09-16 20:37:00,50.0,55.71129081330989,-5.476304832426554,-0.23498598088333011
2026-09-16 20:38:00,45.0,55.700865149413325,-10.465128174811532,-0.23573697460179233
2026-09-16 20:39:00,42.0,55.69043904168143,-13.45395109380393,-0.2364879478774995
2026-09-16 20:40:00,42.0,55.680012490626716,-13.442773589959867,-0.2372389006668456
2026-09-16 20:41:00,48.0,55.66958549677615,-7.431595663850608,-0.23798983292554254
2026-09-16 20:42:00,40.0,55.659158060649304,-15.699289059647924,0.04013099899862027
2026-09-16 20:43:00,51.0,55.64873018276723,-4.409238547100769,-0.23949163566646092
2026-09-16 20:44:00,48.0,55.63830186364844,-7.398059357591372,-0.240242506057065
2026-09-16 20:45:00,47.0,55.627873103811474,-8.386879748077995,-0.24099335573347958
2026-09-16 20:46:00,42.0,55.617443903777996,-13.375699719129715,-0.24174418464828307
2026-09-16 20:47:00,52.0,55.60701426406655,-3.3645192713120697,-0.24249499275448017
2026-09-16 20:48:00,44.0,55.596584185198026,-11.353338405193682,-0.24324578000434371
2026-09-16 20:49:00,55.0,55.586153667687476,-0.3421571213373171,-0.24399654635016077
2026-09-16 20:50:00,56.0,55.57572271205595,0.6690245796872624,-0.24474729174320942
2026-09-16 20:51:00,67.0,55.565291318823824,11.680206697310984,-0.24549801613481037
2026-09-16 20:52:00,57.0,55.554859488506814,1.6913892309684315,-0.24624871947524696
2026-09-16 20:53:00,43.0,55.544427221627004,-12.297427819911663,-0.24699940171534251
2026-09-16 20:54:00,47.0,55.533994518703665,-8.286244455899293,-0.2477500628043714
2026-09-16 20:55:00,51.0,55.52356138025511,-4.275060677563263,-0.24850070269184954
2026-09-16 20:56:00,53.0,55.513127806795765,-2.263876485468908,-0.24925132132685945
2026-09-16 20:57:00,45.0,55.50269379885354,-10.252691880195497,-0.2500019186580431
2026-09-16 20:58:00,40.0,55.49225935693913,-15.241506862305929,-0.25075249463320404
2026-09-16 20:59:00,52.0,55.48182448157504,-3.2303214323760088,-0.2515030491990302
2026-09-16 21:00:00,47.0,55.47138917328041,-8.219135590974616,-0.25225358230579076
2026-09-16 21:01:00,57.0,55.46095343257345,1.782548153705522,-0.2435015862789669
2026-09-16 21:02:00,45.0,55.450517259971924,-10.19676267604996,-0.2537545839219675
2026-09-16 21:03:00,47.0,55.44008065599669,-8.18557560367147,-0.25450505232522147
2026-09-16 21:04:00,51.0,55.429643621161766,-4.174388122104887,-0.2552554990568794
2026-09-16 21:05:00,46.0,55.41920615599031,-9.16320023192937,-0.25600592406094336
2026-09-16 21:06:00,45.0,55.408768261001356,-10.152011933716864,-0.25675632728449216
2026-09-16 21:07:00,40.0,55.39832993671195,-15.140823228038688,-0.25750670867326875
2026-09-16 21:08:00,48.0,55.387891183637876,-7.129634115465246,-0.2582570681726324
2026-09-16 21:09:00,42.0,55.3774520023046,-13.118444596577197,-0.25900740572740233
2026-09-16 21:10:00,45.0,55.36701239322342,-10.10725467194206,-0.25975772128136043
2026-09-16 21:11:00,50.0,55.356572356922285,-5.0960643421413305,-0.2605080147809531
2026-09-16 21:12:00,46.0,55.34613189391166,-8.578382013895592,-0.7677498800160691
2026-09-16 21:13:00,48.0,55.335691004714725,-7.073682469329919,-0.2620085353848083
2026-09-16 21:14:00,45.0,55.32524968985067,-10.062490927474736,-0.2627587623759382
2026-09-16 21:15:00,34.0,55.31480794984387,-21.05129898275559,-0.26350896708827776
2026-09-16 21:16:00,30.0,55.30436578521113,-25.335911183458016,0.03154539824688385
2026-09-16 21:17:00,40.0,55.29392319647557,-15.028913887037714,-0.2650093094378505
2026-09-16 21:18:00,53.0,55.28348018416117,-2.0177207371996455,-0.26575944696152476
2026-09-16 21:19:00,41.0,55.27303674877867,-14.006527186800303,-0.26650956197836706
2026-09-16 21:20:00,50.0,55.26259289085646,-5.465816537718807,0.20322364686234806
2026-09-16 21:21:00,48.0,55.25214861091555,-6.984138886663312,-0.2680097242522379
2026-09-16 21:22:00,41.0,55.241703909473124,-13.972944138078885,-0.2687597713942367
2026-09-16 21:23:00,59.0,55.231258787041526,4.038251008756976,-0.26950979579849843
2026-09-16 21:24:00,42.0,55.22081324414963,-13.426162060697392,0.20534881654776171
2026-09-16 21:25:00,49.0,55.21036728131409,-5.939357505161251,-0.2710097761528374
2026-09-16 21:26:00,50.0,55.1999208990506,-4.9281611670643,-0.2717597319863003
2026-09-16 21:27:00,38.0,55.18947409787649,-16.916964433029424,-0.27250966484707106
2026-09-16 21:28:00,45.0,55.1790268783144,-9.90576730363979,-0.27325957467461137
2026-09-16 21:29:00,37.0,55.16857924087651,-17.894569779467684,-0.27400946140882354
2026-09-16 21:30:00,36.0,55.15813118608302,-18.88337186109156,-0.2747593249914573
2026-09-16 21:31:00,57.0,55.14768271445639,1.9753111316707876,-0.1229938461271729
2026-09-16 21:32:00,61.0,55.1372338265103,6.619868372836801,-0.757102199347095
2026-09-16 21:33:00,36.0,55.12678452276474,-18.84977574654421,-0.27700877622052644
2026-09-16 21:34:00,45.0,55.11633480373898,-9.838576257148379,-0.2777585465906043
2026-09-16 21:35:00,48.0,55.10588466995378,-6.827376376445491,-0.2785082935082883
2026-09-16 21:36:00,43.0,55.095434121930474,-11.81617610501813,-0.279258016912344
2026-09-16 21:37:00,43.0,55.08498316018276,-11.804975443439359,-0.2800077167433983
2026-09-16 21:38:00,44.0,55.07453178523112,-10.793774392290132,-0.2807573929409912
2026-09-16 21:39:00,32.0,55.064079997593254,-22.78257295214878,-0.2815070454444708
2026-09-16 21:40:00,48.0,55.05362779778047,-6.771371123587541,-0.2822566741929293
2026-09-16 21:41:00,34.0,55.04317518631071,-20.760168907185374,-0.28300627912533827
2026-09-16 21:42:00,37.0,55.032722163696924,-17.748966303516365,-0.28375586018055543
2026-09-16 21:43:00,39.0,55.02226873044999,-15.737763313152815,-0.2845054172971757
2026-09-16 21:44:00,32.0,55.011814887082764,-22.72655993666919,-0.28525495041357374
2026-09-16 21:45:00,36.0,55.00136063410982,-18.715356174642068,-0.28600445946775466
2026-09-16 21:46:00,31.0,54.990905972041624,-23.704152027644195,-0.2867539443974252
2026-09-16 21:47:00,42.0,54.98045090138549,-12.692947496244715,-0.2875034051407752
2026-09-16 21:48:00,42.0,54.969995422652076,-12.681742581016808,-0.2882528416352699
2026-09-16 21:49:00,42.0,54.95953953634827,-12.670537282529773,-0.2890022538184951
2026-09-16 21:50:00,34.0,54.94908324298595,-20.65933160135852,-0.28975164162743283
2026-09-16 21:51:00,32.0,54.938626543068565,-22.64812553806921,-0.2905010049993564
2026-09-16 21:52:00,42.0,54.92816943710705,-12.636919093235473,-0.29125034387157456
2026-09-16 21:53:00,34.0,54.9177119256044,-20.62571226742398,-0.2919996581804227
2026-09-16 21:54:00,34.0,54.90725400906256,-20.614505061198138,-0.29274894786442474
2026-09-16 21:55:00,27.0,54.896795687994604,-28.110383004931528,0.21358731693692334
2026-09-16 21:56:00,47.0,54.88633696289899,-7.5920895097994,-0.29424745309958666
2026-09-16 21:57:00,34.0,54.875877834290506,-20.580881165766023,-0.29499666852448314
2026-09-16 21:58:00,43.0,54.86541830266455,-11.569672443593044,-0.2957458590715092
2026-09-16 21:59:00,53.0,54.85495836852891,-1.558463343853243,-0.29649502467567146
2026-09-16 22:00:00,30.0,54.84449803238846,-24.54725386711435,-0.29724416527410824
2026-09-16 22:01:00,16.0,54.83403729475192,-38.53604401394816,-0.29799328080376597
2026-09-16 22:02:00,46.0,54.82357615612081,-8.524833784919913,-0.29874237120089475
2026-09-16 22:03:00,48.0,54.81311461700652,-6.5136231806048706,-0.2994914364016523
2026-09-16 22:04:00,34.0,54.802652677911716,-20.502412201569218,-0.30024047634250195
2026-09-16 22:05:00,29.0,54.79219033934361,-25.49120084838354,-0.3009894909600703
2026-09-16 22:06:00,28.0,54.78172760180903,-26.3888814325546,-0.39284616925443316
2026-09-16 22:07:00,59.0,54.77126446581507,4.531222978154433,-0.302487443969504
2026-09-16 22:08:00,42.0,54.76080093187504,-12.457564549640916,-0.3032363822341253
2026-09-16 22:09:00,37.0,54.75033700049076,-17.446351705569867,-0.3039852949208921
2026-09-16 22:10:00,30.0,54.739872672176475,-24.4351384902104,-0.3047341819660758
2026-09-16 22:11:00,38.0,54.72940794743731,-16.423924904131095,-0.3054830433062108
2026-09-16 22:12:00,44.0,54.71894282678709,-10.412710947908733,-0.3062318788783571
2026-09-16 22:13:00,39.0,54.70847731072986,-15.401496622110761,-0.3069806886190989
2026-09-16 22:14:00,32.0,54.69801139978382,-22.390281927318316,-0.3077294724655104
2026-09-16 22:15:00,52.0,54.68754509445423,-2.3790668641002584,-0.3084782303539697
2026-09-16 22:16:00,31.0,54.67707839525329,-23.30542850783426,-0.37164988741902505
2026-09-16 22:17:00,29.0,54.66661130269324,-25.319680007496576,-0.34693129519666854
2026-09-16 22:18:00,37.0,54.656143817284786,-17.345419469631356,-0.3107243476534336
2026-09-16 22:19:00,35.0,54.645675939541604,-19.33420293845164,-0.3114730010899649
2026-09-16 22:20:00,45.0,54.63520766997764,-9.322986041715751,-0.31222162826188793
2026-09-16 22:21:00,40.0,54.624739009106754,-14.311768779999952,-0.31297022910680283
2026-09-16 22:22:00,36.0,54.61426995743928,-18.300551153873926,-0.31371880356535087
2026-09-16 22:23:00,21.0,54.603800515489496,-33.28933316391177,-0.31446735157772565
2026-09-16 22:24:00,33.0,54.59333068377794,-21.278114810693186,-0.3152158730847603
2026-09-16 22:25:00,29.0,54.582860462813635,-25.266896094786308,-0.3159643680273305
2026-09-16 22:26:00,34.0,54.57238985311478,-20.255677016768235,-0.31671283634654657
2026-09-16 22:27:00,37.0,54.56191885519701,-17.244457577212348,-0.3174612779846626
2026-09-16 22:28:00,29.0,54.551447469576615,-25.00401861198565,-0.5474288575909654
2026-09-16 22:29:00,36.0,54.54097569676878,-18.222017615783958,-0.31895808098482803
2026-09-16 22:30:00,37.0,54.53050353729465,-17.210797095061764,-0.319706442232885
2026-09-16 22:31:00,34.0,54.520030991670076,-20.199576215098702,-0.3204547765713741
2026-09-16 22:32:00,33.0,54.509558060417824,-21.188354976474372,-0.3212030839434519
2026-09-16 22:33:00,45.0,54.499084744053626,-9.177133379757848,-0.32195136429577786
2026-09-16 22:34:00,31.0,54.48861104309574,-23.43284010125598,-0.055770941839760724
2026-09-16 22:35:00,30.0,54.4781369580711,-24.1546891143532,-0.3234478437178936
2026-09-16 22:36:00,32.0,54.46766248949325,-22.143466446813193,-0.3241960426800574
2026-09-16 22:37:00,37.0,54.45718763788432,-17.132243423474574,-0.3249442144097401
2026-09-16 22:38:00,30.0,54.446712403765666,-24.384890083679913,-0.061822320085752835
2026-09-16 22:39:00,35.0,54.43623678766121,-19.109796311705164,-0.32644047595604064
2026-09-16 22:40:00,37.0,54.42576079008587,-17.09857222441222,-0.3271885656736444
2026-09-16 22:41:00,31.0,54.415284411562915,-23.665757939810135,0.2504735282472197
2026-09-16 22:42:00,36.0,54.40480765261403,-18.076122989858796,-0.32868466275523645
2026-09-16 22:43:00,24.0,54.39433051375948,-30.064897843736397,-0.3294326700230812
2026-09-16 22:44:00,37.0,54.383852995513934,-17.05367234579885,-0.3301806497150821
2026-09-16 22:45:00,28.0,54.37337509840315,-26.042446496618343,-0.3309286017848123
2026-09-16 22:46:00,44.0,54.36289682295078,-10.031220296762669,-0.3316765261881116
2026-09-16 22:47:00,45.0,54.35241816967178,-9.019993746790693,-0.33242442288108975
2026-09-16 22:48:00,35.0,54.34193913909768,-19.008766847277407,-0.33317229182027575
2026-09-16 22:49:00,31.0,54.33145973173873,-22.997539598773976,-0.33392013296475653
2026-09-16 22:50:00,31.0,54.32097994812566,-23.389498298154248,0.06851835002859019
2026-09-16 22:51:00,37.0,54.31049978878061,-16.97508405707913,-0.335415731701481
2026-09-16 22:52:00,31.0,54.300019254224345,-22.963855765010322,-0.33616348921402306
2026-09-16 22:53:00,29.0,54.28953834498415,-24.952627126210864,-0.3369112187732881
2026-09-16 22:54:00,37.0,54.27905706157999,-16.941398141239493,-0.3376589203405018
2026-09-16 22:55:00,33.0,54.268575404536506,-20.930168810656802,-0.3384065938797036
2026-09-16 22:56:00,34.0,54.2580933743777,-19.918939135021585,-0.33915423935611244
2026-09-16 22:57:00,38.0,54.24761097162995,-15.90770911489472,-0.33990185673523143
2026-09-16 22:58:00,22.0,54.23712819682117,-31.89647875083746,-0.3406494459837077
2026-09-16 22:59:00,23.0,54.22664505047384,-30.88524804340447,-0.34139700706936793
2026-09-16 23:00:00,26.0,54.21616153311095,-27.874016993150075,-0.34214453996087
2026-09-16 23:01:00,25.0,54.20567764527148,-28.86278560064363,-0.3428920446278454
2026-09-16 23:02:00,30.0,54.19519338747309,-23.85155386643177,-0.3436395210413181
2026-09-16 23:03:00,30.0,54.18470876024843,-23.840321791075453,-0.34438696917297307
2026-09-16 23:04:00,29.0,54.174223764123184,-24.829089375127204,-0.34513438899598015
2026-09-16 23:05:00,31.0,54.16373839963218,-22.8178566191479,-0.34588178048427665
2026-09-16 23:06:00,32.0,54.15325266730303,-21.80662352368969,-0.34662914361333463
2026-09-16 23:07:00,25.0,54.14276656766189,-28.795390089302707,-0.3473764783591804
2026-09-16 23:08:00,27.0,54.13228010124999,-26.784156316550284,-0.34812378469970895
2026-09-16 23:09:00,29.0,54.12179326859247,-24.772922205979,-0.348871062613469
2026-09-16 23:10:00,29.0,54.11130607022144,-24.761687758140916,-0.34961831208052274
2026-09-16 23:11:00,21.0,54.100818506675566,-32.750452973593454,-0.3503655330821118
2026-09-16 23:12:00,18.0,54.09033057848194,-35.73921785288138,-0.35111272560055795
2026-09-16 23:13:00,29.0,54.07984228618005,-24.727982396560297,-0.3518598896197602
2026-09-16 23:14:00,26.0,54.06935363029998,-27.716746605175448,-0.35260702512453435
2026-09-16 23:15:00,29.0,54.05886461138275,-24.705510479281187,-0.35335413210156474
2026-09-16 23:16:00,32.0,54.04837522996288,-21.694274019424522,-0.354101210538353
2026-09-16 23:17:00,20.0,54.03788548657408,-33.68303722615021,-0.3548482604238714
2026-09-16 23:18:00,24.0,54.027395381757024,-29.671800100008646,-0.3555952817483785
2026-09-16 23:19:00,23.0,54.01690491604946,-30.66056264154542,-0.356342274504037
2026-09-16 23:20:00,31.0,54.006414089990024,-22.649324851306144,-0.35708923868387643
2026-09-16 23:21:00,28.0,53.995922904114686,-25.638086729832647,-0.35783617428203485
2026-09-16 23:22:00,26.0,53.98543135896648,-27.626848277670575,-0.35858308129590455
2026-09-16 23:23:00,34.0,53.97493945508776,-20.227936312608374,0.2529968575206212
2026-09-16 23:24:00,28.0,53.96444719301975,-25.604370383460232,-0.3600768095595157
2026-09-16 23:25:00,23.0,53.953954573298375,-30.653887643718377,-0.30006692957999803
2026-09-16 23:26:00,27.0,53.94346159646526,-26.581891172989298,-0.36157042347596047
2026-09-16 23:27:00,39.0,53.93296826306133,-14.570651075499399,-0.3623171875619349
2026-09-16 23:28:00,34.0,53.92247457362725,-19.55941065055105,-0.36306392307619717
2026-09-16 23:29:00,17.0,53.911980528707474,-36.54816989868214,-0.3638106300253341
2026-09-16 23:30:00,26.0,53.901486128842336,-27.536928820422467,-0.3645573084198688
2026-09-16 23:31:00,30.0,53.89099137457604,-23.525687416305058,-0.36530395827097806
2026-09-16 23:32:00,30.0,53.880496266449654,-23.51444568685733,-0.3660505795923257
2026-09-16 23:33:00,25.0,53.87000080501469,-28.503203632616795,-0.3667971723978951
2026-09-16 23:34:00,42.0,53.859504990804375,-11.491961254098653,-0.36754373670571994
2026-09-16 23:35:00,25.0,53.84900882437543,-28.998466863437738,0.14945803906230992
2026-09-16 23:36:00,37.0,53.8385123062703,-16.46947552637054,-0.36903677989975847
2026-09-16 23:37:00,28.0,53.828015437036406,-25.458232178208267,-0.3697832588281429
2026-09-16 23:38:00,39.0,53.81751821721496,-14.44698850787114,-0.37052970934382046
2026-09-16 23:39:00,19.0,53.80702064735708,-34.4357445158857,-0.37127613147137595
2026-09-16 23:40:00,36.0,53.79652272801052,-17.201174835343412,-0.5953478926671139
2026-09-16 23:41:00,26.0,53.786024459716955,-27.41325556904054,-0.3727688906764115
2026-09-16 23:42:00,25.0,53.775525843035815,-28.402010615220686,-0.37351522781512614
2026-09-16 23:43:00,36.0,53.76502687851156,-17.390765341822487,-0.374261536689076
2026-09-16 23:44:00,20.0,53.75452756669175,-33.379519749357584,-0.3750078173341649
2026-09-16 23:45:00,24.0,53.74402790813661,-29.881677289264967,0.13764938112836234
2026-09-16 23:46:00,23.0,53.733527903392506,-30.357027609304602,-0.3765002940879043
2026-09-16 23:47:00,33.0,53.7230275530149,-20.34578106273699,-0.377246490277912
2026-09-16 23:48:00,22.0,53.712526857551666,-31.334534199149314,-0.3779926584023485
2026-09-16 23:49:00,19.0,53.7020258175566,-34.32328701905049,-0.37873879850611303
2026-09-16 23:50:00,30.0,53.69152443358702,-23.312039522949412,-0.3794849106376077
2026-09-16 23:51:00,24.0,53.68102270619181,-29.30079171134485,-0.3802309948469613
2026-09-16 23:52:00,35.0,53.67052063593184,-18.289543584745356,-0.38097705118647696
2026-09-16 23:53:00,21.0,53.66001822335569,-32.2782951436452,-0.3817230797104898
2026-09-16 23:54:00,24.0,53.64951546902524,-29.26704638855022,-0.38246908047501904
2026-09-16 23:55:00,28.0,53.639012373496215,-25.255797319957143,-0.38321505353907526
2026-09-16 23:56:00,29.0,53.62850893732619,-24.24454793836323,-0.3839609989629622
2026-09-16 23:57:00,26.0,53.61800516107354,-27.233298244263647,-0.3847069168098898
2026-09-16 23:58:00,25.0,53.607501045296864,-28.22204823815213,-0.3854528071447376
2026-09-16 23:59:00,29.0,53.596996590559314,-24.210797920523888,-0.3861986700354265
